"base","DRS","inicio","fim","tempo_minutos","status"
"boletim_ 02_08_2023 .RData","CAMPINAS",2026-09-23 23:19:14.388989,2026-09-23 23:20:47.134596,1.54576011896133,"OK"
"boletim_ 02_08_2023 .RData","GRANDE SÃO PAULO",2026-09-23 23:20:47.215641,2026-09-23 23:23:55.683859,3.14113696813583,"OK"
"boletim_ 02_08_2023 .RData","SÃO JOSÉ DO RIO PRETO",2026-09-23 23:23:55.684531,2026-09-23 23:25:04.381292,1.14494601885478,"OK"
"boletim_ 02_08_2023 .RData","BAIXADA SANTISTA",2026-09-23 23:25:04.382374,2026-09-23 23:25:47.649571,0.7211199482282,"OK"
"boletim_ 02_08_2023 .RData","BARRETOS",2026-09-23 23:19:14.399714,2026-09-23 23:19:39.633562,0.42056413491567,"OK"
"boletim_ 02_08_2023 .RData","BAURU",2026-09-23 23:19:39.698793,2026-09-23 23:21:10.514909,1.51360193490982,"OK"
"boletim_ 02_08_2023 .RData","TAUBATÉ",2026-09-23 23:21:10.515988,2026-09-23 23:23:07.152378,1.94393983284632,"OK"
"boletim_ 02_08_2023 .RData","ARAÇATUBA",2026-09-23 23:23:07.153703,2026-09-23 23:24:01.606298,0.907543249924978,"OK"
"boletim_ 02_08_2023 .RData","MARÍLIA",2026-09-23 23:19:14.597217,2026-09-23 23:20:35.273555,1.34460563262304,"OK"
"boletim_ 02_08_2023 .RData","RIBEIRÃO PRETO",2026-09-23 23:20:35.388023,2026-09-23 23:22:08.071291,1.54472113450368,"OK"
"boletim_ 02_08_2023 .RData","PIRACICABA",2026-09-23 23:22:08.07324,2026-09-23 23:23:41.03663,1.54938983122508,"OK"
"boletim_ 02_08_2023 .RData","SOROCABA",2026-09-23 23:23:41.037364,2026-09-23 23:24:30.644619,0.826787583033244,"OK"
"boletim_ 02_08_2023 .RData","ARARAQUARA",2026-09-23 23:24:30.64509,2026-09-23 23:25:08.210284,0.626086564858754,"OK"
"boletim_ 02_08_2023 .RData","PRESIDENTE PRUDENTE",2026-09-23 23:19:18.014046,2026-09-23 23:19:55.665567,0.627525349458059,"OK"
"boletim_ 02_08_2023 .RData","SÃO JOÃO DA BOA VISTA",2026-09-23 23:19:55.761868,2026-09-23 23:20:49.717644,0.899262932936351,"OK"
"boletim_ 02_08_2023 .RData","REGISTRO",2026-09-23 23:20:49.718149,2026-09-23 23:21:39.115258,0.823285150527954,"OK"
"boletim_ 02_08_2023 .RData","FRANCA",2026-09-23 23:21:39.116016,2026-09-23 23:22:50.547825,1.19053015311559,"OK"
"boletim_ 03_07_2023 .RData","CAMPINAS",2026-09-23 23:26:22.100748,2026-09-23 23:28:47.833816,2.42888446648916,"OK"
"boletim_ 03_07_2023 .RData","GRANDE SÃO PAULO",2026-09-23 23:28:47.906624,2026-09-23 23:31:28.241765,2.67225234905879,"OK"
"boletim_ 03_07_2023 .RData","SÃO JOSÉ DO RIO PRETO",2026-09-23 23:31:28.2425,2026-09-23 23:32:20.227862,0.866422696908315,"OK"
"boletim_ 03_07_2023 .RData","BAIXADA SANTISTA",2026-09-23 23:32:20.228667,2026-09-23 23:33:05.010342,0.746361247698466,"OK"
"boletim_ 03_07_2023 .RData","BARRETOS",2026-09-23 23:26:22.144574,2026-09-23 23:27:24.970705,1.04710218509038,"OK"
"boletim_ 03_07_2023 .RData","BAURU",2026-09-23 23:27:25.10039,2026-09-23 23:29:18.234537,1.88556911547979,"OK"
"boletim_ 03_07_2023 .RData","TAUBATÉ",2026-09-23 23:29:18.235512,2026-09-23 23:30:53.038948,1.58005726734797,"OK"
"boletim_ 03_07_2023 .RData","ARAÇATUBA",2026-09-23 23:30:53.039546,2026-09-23 23:31:38.896714,0.764286132653554,"OK"
"boletim_ 03_07_2023 .RData","MARÍLIA",2026-09-23 23:26:22.194915,2026-09-23 23:28:27.312521,2.08529343207677,"OK"
"boletim_ 03_07_2023 .RData","RIBEIRÃO PRETO",2026-09-23 23:28:27.388943,2026-09-23 23:30:05.413342,1.63373998403549,"OK"
"boletim_ 03_07_2023 .RData","PIRACICABA",2026-09-23 23:30:05.414092,2026-09-23 23:31:17.042274,1.19380303223928,"OK"
"boletim_ 03_07_2023 .RData","SOROCABA",2026-09-23 23:31:17.042773,2026-09-23 23:32:07.537797,0.841583732763926,"OK"
"boletim_ 03_07_2023 .RData","ARARAQUARA",2026-09-23 23:32:07.538683,2026-09-23 23:32:42.122849,0.576402767499288,"OK"
"boletim_ 03_07_2023 .RData","PRESIDENTE PRUDENTE",2026-09-23 23:26:22.550322,2026-09-23 23:28:00.738334,1.63646686474482,"OK"
"boletim_ 03_07_2023 .RData","SÃO JOÃO DA BOA VISTA",2026-09-23 23:28:00.872703,2026-09-23 23:29:04.863807,1.06651839812597,"OK"
"boletim_ 03_07_2023 .RData","REGISTRO",2026-09-23 23:29:04.864882,2026-09-23 23:30:03.726384,0.981025032202403,"OK"
"boletim_ 03_07_2023 .RData","FRANCA",2026-09-23 23:30:03.727018,2026-09-23 23:30:56.722916,0.883264962832133,"OK"
"boletim_ 04_07_2023 .RData","CAMPINAS",2026-09-23 23:33:33.610826,2026-09-23 23:34:41.547537,1.13227851788203,"OK"
"boletim_ 04_07_2023 .RData","GRANDE SÃO PAULO",2026-09-23 23:34:41.644175,2026-09-23 23:38:03.307757,3.36105969746908,"OK"
"boletim_ 04_07_2023 .RData","SÃO JOSÉ DO RIO PRETO",2026-09-23 23:38:03.308465,2026-09-23 23:39:33.386276,1.50129685004552,"OK"
"boletim_ 04_07_2023 .RData","BAIXADA SANTISTA",2026-09-23 23:39:33.386867,2026-09-23 23:41:05.633517,1.53744416634242,"OK"
"boletim_ 04_07_2023 .RData","BARRETOS",2026-09-23 23:33:33.640842,2026-09-23 23:34:06.26001,0.543652800718943,"OK"
"boletim_ 04_07_2023 .RData","BAURU",2026-09-23 23:34:06.347128,2026-09-23 23:35:34.018451,1.46118871768316,"OK"
"boletim_ 04_07_2023 .RData","TAUBATÉ",2026-09-23 23:35:34.018993,2026-09-23 23:37:28.464495,1.90742503404617,"OK"
"boletim_ 04_07_2023 .RData","ARAÇATUBA",2026-09-23 23:37:28.466277,2026-09-23 23:38:25.417279,0.949183368682861,"OK"
"boletim_ 04_07_2023 .RData","MARÍLIA",2026-09-23 23:33:33.670549,2026-09-23 23:34:54.120389,1.34083066781362,"OK"
"boletim_ 04_07_2023 .RData","RIBEIRÃO PRETO",2026-09-23 23:34:54.170972,2026-09-23 23:36:25.149852,1.51631466547648,"OK"
"boletim_ 04_07_2023 .RData","PIRACICABA",2026-09-23 23:36:25.151249,2026-09-23 23:38:10.359612,1.75347271760305,"OK"
"boletim_ 04_07_2023 .RData","SOROCABA",2026-09-23 23:38:10.360344,2026-09-23 23:39:20.424099,1.16772925059001,"OK"
"boletim_ 04_07_2023 .RData","ARARAQUARA",2026-09-23 23:39:20.424887,2026-09-23 23:40:16.086559,0.927694535255432,"OK"
"boletim_ 04_07_2023 .RData","PRESIDENTE PRUDENTE",2026-09-23 23:33:33.687612,2026-09-23 23:34:24.195127,0.841791915893555,"OK"
"boletim_ 04_07_2023 .RData","SÃO JOÃO DA BOA VISTA",2026-09-23 23:34:24.25982,2026-09-23 23:35:23.153506,0.981561434268951,"OK"
"boletim_ 04_07_2023 .RData","REGISTRO",2026-09-23 23:35:23.154576,2026-09-23 23:36:29.189618,1.10058403412501,"OK"
"boletim_ 04_07_2023 .RData","FRANCA",2026-09-23 23:36:29.190645,2026-09-23 23:37:45.002247,1.26352670192718,"OK"
"boletim_ 06_06_2023 .RData","CAMPINAS",2026-09-23 23:41:53.196454,2026-09-23 23:43:54.917833,2.02868965069453,"OK"
"boletim_ 06_06_2023 .RData","GRANDE SÃO PAULO",2026-09-23 23:43:54.989052,2026-09-23 23:46:37.487857,2.70831341743469,"OK"
"boletim_ 06_06_2023 .RData","SÃO JOSÉ DO RIO PRETO",2026-09-23 23:46:37.488514,2026-09-23 23:48:04.709014,1.45367499987284,"OK"
"boletim_ 06_06_2023 .RData","BAIXADA SANTISTA",2026-09-23 23:48:04.709574,2026-09-23 23:49:03.391889,0.978038585186005,"OK"
"boletim_ 06_06_2023 .RData","BARRETOS",2026-09-23 23:41:53.264773,2026-09-23 23:42:42.023122,0.812639153003693,"OK"
"boletim_ 06_06_2023 .RData","BAURU",2026-09-23 23:42:42.139842,2026-09-23 23:44:20.150552,1.63351183334986,"OK"
"boletim_ 06_06_2023 .RData","TAUBATÉ",2026-09-23 23:44:20.151189,2026-09-23 23:46:05.025904,1.74791191418966,"OK"
"boletim_ 06_06_2023 .RData","ARAÇATUBA",2026-09-23 23:46:05.026521,2026-09-23 23:47:08.46795,1.05735715230306,"OK"
"boletim_ 06_06_2023 .RData","MARÍLIA",2026-09-23 23:41:53.264945,2026-09-23 23:43:42.581257,1.82193853457769,"OK"
"boletim_ 06_06_2023 .RData","RIBEIRÃO PRETO",2026-09-23 23:43:42.678364,2026-09-23 23:45:25.856653,1.71963814894358,"OK"
"boletim_ 06_06_2023 .RData","PIRACICABA",2026-09-23 23:45:25.857822,2026-09-23 23:46:58.17893,1.53868513504664,"OK"
"boletim_ 06_06_2023 .RData","SOROCABA",2026-09-23 23:46:58.179606,2026-09-23 23:47:53.401905,0.920371651649475,"OK"
"boletim_ 06_06_2023 .RData","ARARAQUARA",2026-09-23 23:47:53.402451,2026-09-23 23:48:36.291572,0.71481868426005,"OK"
"boletim_ 06_06_2023 .RData","PRESIDENTE PRUDENTE",2026-09-23 23:41:53.306565,2026-09-23 23:42:56.126611,1.04700076580048,"OK"
"boletim_ 06_06_2023 .RData","SÃO JOÃO DA BOA VISTA",2026-09-23 23:42:56.194683,2026-09-23 23:43:52.768,0.942888613541921,"OK"
"boletim_ 06_06_2023 .RData","REGISTRO",2026-09-23 23:43:52.768724,2026-09-23 23:45:03.95918,1.1865076025327,"OK"
"boletim_ 06_06_2023 .RData","FRANCA",2026-09-23 23:45:03.959911,2026-09-23 23:45:58.896493,0.915609697500865,"OK"
"boletim_ 06_07_2023 .RData","CAMPINAS",2026-09-23 23:49:48.342897,2026-09-23 23:51:27.296626,1.64922881921132,"OK"
"boletim_ 06_07_2023 .RData","GRANDE SÃO PAULO",2026-09-23 23:51:27.471922,2026-09-23 23:54:25.902794,2.97384786605835,"OK"
"boletim_ 06_07_2023 .RData","SÃO JOSÉ DO RIO PRETO",2026-09-23 23:54:25.903665,2026-09-23 23:55:40.40882,1.24175258080165,"OK"
"boletim_ 06_07_2023 .RData","BAIXADA SANTISTA",2026-09-23 23:55:40.409513,2026-09-23 23:57:06.453207,1.43406156698863,"OK"
"boletim_ 06_07_2023 .RData","BARRETOS",2026-09-23 23:49:48.674892,2026-09-23 23:50:18.976827,0.505032249291738,"OK"
"boletim_ 06_07_2023 .RData","BAURU",2026-09-23 23:50:19.064443,2026-09-23 23:52:18.121626,1.98428637981415,"OK"
"boletim_ 06_07_2023 .RData","TAUBATÉ",2026-09-23 23:52:18.122595,2026-09-23 23:53:45.984541,1.46436576445897,"OK"
"boletim_ 06_07_2023 .RData","ARAÇATUBA",2026-09-23 23:53:45.985239,2026-09-23 23:54:35.09979,0.818575851122538,"OK"
"boletim_ 06_07_2023 .RData","MARÍLIA",2026-09-23 23:49:48.687008,2026-09-23 23:51:30.703038,1.7002671678861,"OK"
"boletim_ 06_07_2023 .RData","RIBEIRÃO PRETO",2026-09-23 23:51:30.768271,2026-09-23 23:53:04.88555,1.56862131754557,"OK"
"boletim_ 06_07_2023 .RData","PIRACICABA",2026-09-23 23:53:04.886197,2026-09-23 23:54:14.352968,1.15777951478958,"OK"
"boletim_ 06_07_2023 .RData","SOROCABA",2026-09-23 23:54:14.353893,2026-09-23 23:55:25.741944,1.18980085055033,"OK"
"boletim_ 06_07_2023 .RData","ARARAQUARA",2026-09-23 23:55:25.742973,2026-09-23 23:56:11.782031,0.767317632834117,"OK"
"boletim_ 06_07_2023 .RData","PRESIDENTE PRUDENTE",2026-09-23 23:49:48.718371,2026-09-23 23:50:32.627422,0.731817519664764,"OK"
"boletim_ 06_07_2023 .RData","SÃO JOÃO DA BOA VISTA",2026-09-23 23:50:32.709597,2026-09-23 23:51:44.732828,1.20038717985153,"OK"
"boletim_ 06_07_2023 .RData","REGISTRO",2026-09-23 23:51:44.734356,2026-09-23 23:52:40.138283,0.923398784796397,"OK"
"boletim_ 06_07_2023 .RData","FRANCA",2026-09-23 23:52:40.13902,2026-09-23 23:53:34.793379,0.910905985037486,"OK"
"boletim_ 08_08_2023 .RData","CAMPINAS",2026-09-23 23:57:50.611065,2026-09-23 23:59:21.319877,1.51181353330612,"OK"
"boletim_ 08_08_2023 .RData","GRANDE SÃO PAULO",2026-09-23 23:59:21.424217,2026-09-24 00:02:26.09851,3.07790488402049,"OK"
"boletim_ 08_08_2023 .RData","SÃO JOSÉ DO RIO PRETO",2026-09-24 00:02:26.099888,2026-09-24 00:03:42.490976,1.27318480014801,"OK"
"boletim_ 08_08_2023 .RData","BAIXADA SANTISTA",2026-09-24 00:03:42.491557,2026-09-24 00:04:38.890138,0.93997635046641,"OK"
"boletim_ 08_08_2023 .RData","BARRETOS",2026-09-23 23:57:50.634088,2026-09-23 23:58:15.852307,0.420303650697072,"OK"
"boletim_ 08_08_2023 .RData","BAURU",2026-09-23 23:58:15.925803,2026-09-23 23:59:40.830501,1.41507830222448,"OK"
"boletim_ 08_08_2023 .RData","TAUBATÉ",2026-09-23 23:59:40.832016,2026-09-24 00:01:33.249834,1.87363030115763,"OK"
"boletim_ 08_08_2023 .RData","ARAÇATUBA",2026-09-24 00:01:33.250887,2026-09-24 00:02:35.116623,1.03109560012817,"OK"
"boletim_ 08_08_2023 .RData","MARÍLIA",2026-09-23 23:57:50.65552,2026-09-23 23:59:24.168419,1.55854831536611,"OK"
"boletim_ 08_08_2023 .RData","RIBEIRÃO PRETO",2026-09-23 23:59:24.29957,2026-09-24 00:01:06.105031,1.69675768216451,"OK"
"boletim_ 08_08_2023 .RData","PIRACICABA",2026-09-24 00:01:06.105697,2026-09-24 00:02:33.920437,1.46357900301615,"OK"
"boletim_ 08_08_2023 .RData","SOROCABA",2026-09-24 00:02:33.921465,2026-09-24 00:03:28.417859,0.908273235956828,"OK"
"boletim_ 08_08_2023 .RData","ARARAQUARA",2026-09-24 00:03:28.41844,2026-09-24 00:04:02.244978,0.563775630791982,"OK"
"boletim_ 08_08_2023 .RData","PRESIDENTE PRUDENTE",2026-09-23 23:57:50.677626,2026-09-23 23:58:25.56384,0.581436900297801,"OK"
"boletim_ 08_08_2023 .RData","SÃO JOÃO DA BOA VISTA",2026-09-23 23:58:25.639816,2026-09-23 23:59:14.495516,0.814261666933696,"OK"
"boletim_ 08_08_2023 .RData","REGISTRO",2026-09-23 23:59:14.496246,2026-09-24 00:00:21.039515,1.10905448198318,"OK"
"boletim_ 08_08_2023 .RData","FRANCA",2026-09-24 00:00:21.040191,2026-09-24 00:01:24.926569,1.06477296749751,"OK"
"boletim_ 14_06_2023 .RData","CAMPINAS",2026-09-24 00:05:24.033602,2026-09-24 00:07:22.354401,1.97201331853867,"OK"
"boletim_ 14_06_2023 .RData","GRANDE SÃO PAULO",2026-09-24 00:07:22.468289,2026-09-24 00:10:21.960129,2.9915306687355,"OK"
"boletim_ 14_06_2023 .RData","SÃO JOSÉ DO RIO PRETO",2026-09-24 00:10:21.961181,2026-09-24 00:11:42.711627,1.34584076801936,"OK"
"boletim_ 14_06_2023 .RData","BAIXADA SANTISTA",2026-09-24 00:11:42.712196,2026-09-24 00:12:47.886752,1.08624259630839,"OK"
"boletim_ 14_06_2023 .RData","BARRETOS",2026-09-24 00:05:24.059803,2026-09-24 00:06:03.514956,0.657585883140564,"OK"
"boletim_ 14_06_2023 .RData","BAURU",2026-09-24 00:06:03.589247,2026-09-24 00:07:40.937272,1.6224670847257,"OK"
"boletim_ 14_06_2023 .RData","TAUBATÉ",2026-09-24 00:07:40.938443,2026-09-24 00:09:34.618073,1.89466050068537,"OK"
"boletim_ 14_06_2023 .RData","ARAÇATUBA",2026-09-24 00:09:34.618811,2026-09-24 00:10:31.703899,0.951418133576711,"OK"
"boletim_ 14_06_2023 .RData","MARÍLIA",2026-09-24 00:05:24.087487,2026-09-24 00:07:20.52906,1.94069288174311,"OK"
"boletim_ 14_06_2023 .RData","RIBEIRÃO PRETO",2026-09-24 00:07:20.612268,2026-09-24 00:09:01.99066,1.68963986635208,"OK"
"boletim_ 14_06_2023 .RData","PIRACICABA",2026-09-24 00:09:01.991922,2026-09-24 00:10:22.110472,1.33530916770299,"OK"
"boletim_ 14_06_2023 .RData","SOROCABA",2026-09-24 00:10:22.111027,2026-09-24 00:11:16.797937,0.911448498566945,"OK"
"boletim_ 14_06_2023 .RData","ARARAQUARA",2026-09-24 00:11:16.798508,2026-09-24 00:11:59.396851,0.70997238556544,"OK"
"boletim_ 14_06_2023 .RData","PRESIDENTE PRUDENTE",2026-09-24 00:05:24.119304,2026-09-24 00:06:21.033089,0.948563083012899,"OK"
"boletim_ 14_06_2023 .RData","SÃO JOÃO DA BOA VISTA",2026-09-24 00:06:21.162339,2026-09-24 00:07:21.752194,1.00983091592789,"OK"
"boletim_ 14_06_2023 .RData","REGISTRO",2026-09-24 00:07:21.75349,2026-09-24 00:08:24.336674,1.0430530667305,"OK"
"boletim_ 14_06_2023 .RData","FRANCA",2026-09-24 00:08:24.337622,2026-09-24 00:09:17.860797,0.89205291668574,"OK"
"boletim_ 16_08_2023 .RData","CAMPINAS",2026-09-24 00:13:32.767313,2026-09-24 00:15:07.69858,1.58218778371811,"OK"
"boletim_ 16_08_2023 .RData","GRANDE SÃO PAULO",2026-09-24 00:15:07.781476,2026-09-24 00:16:59.191533,1.85683428446452,"OK"
"boletim_ 16_08_2023 .RData","SÃO JOSÉ DO RIO PRETO",2026-09-24 00:16:59.192236,2026-09-24 00:18:22.447576,1.38758900165558,"OK"
"boletim_ 16_08_2023 .RData","BAIXADA SANTISTA",2026-09-24 00:18:22.448162,2026-09-24 00:19:12.093817,0.827427581946055,"OK"
"boletim_ 16_08_2023 .RData","BARRETOS",2026-09-24 00:13:32.790104,2026-09-24 00:13:58.015308,0.420420066515605,"OK"
"boletim_ 16_08_2023 .RData","BAURU",2026-09-24 00:13:58.100983,2026-09-24 00:15:20.174718,1.36789558331172,"OK"
"boletim_ 16_08_2023 .RData","TAUBATÉ",2026-09-24 00:15:20.176092,2026-09-24 00:16:47.204892,1.45048000017802,"OK"
"boletim_ 16_08_2023 .RData","ARAÇATUBA",2026-09-24 00:16:47.205457,2026-09-24 00:17:36.428737,0.820387999216715,"OK"
"boletim_ 16_08_2023 .RData","MARÍLIA",2026-09-24 00:13:32.80453,2026-09-24 00:14:45.945784,1.2190209031105,"OK"
"boletim_ 16_08_2023 .RData","RIBEIRÃO PRETO",2026-09-24 00:14:46.102586,2026-09-24 00:16:12.108192,1.43342676560084,"OK"
"boletim_ 16_08_2023 .RData","PIRACICABA",2026-09-24 00:16:12.109304,2026-09-24 00:17:23.262499,1.18588658571243,"OK"
"boletim_ 16_08_2023 .RData","SOROCABA",2026-09-24 00:17:23.263084,2026-09-24 00:18:12.71872,0.824260600407918,"OK"
"boletim_ 16_08_2023 .RData","ARARAQUARA",2026-09-24 00:18:12.719277,2026-09-24 00:18:46.409164,0.561498117446899,"OK"
"boletim_ 16_08_2023 .RData","PRESIDENTE PRUDENTE",2026-09-24 00:13:32.8273,2026-09-24 00:14:02.25087,0.490392831961314,"OK"
"boletim_ 16_08_2023 .RData","SÃO JOÃO DA BOA VISTA",2026-09-24 00:14:02.325447,2026-09-24 00:14:51.543896,0.82030748128891,"OK"
"boletim_ 16_08_2023 .RData","REGISTRO",2026-09-24 00:14:51.545012,2026-09-24 00:15:50.625197,0.984669748942057,"OK"
"boletim_ 16_08_2023 .RData","FRANCA",2026-09-24 00:15:50.625804,2026-09-24 00:16:36.473048,0.764120733737946,"OK"
"boletim_ 19_07_2023 .RData","CAMPINAS",2026-09-24 00:19:54.225409,2026-09-24 00:21:38.253965,1.73380926450094,"OK"
"boletim_ 19_07_2023 .RData","GRANDE SÃO PAULO",2026-09-24 00:21:38.33312,2026-09-24 00:24:16.931026,2.64329843123754,"OK"
"boletim_ 19_07_2023 .RData","SÃO JOSÉ DO RIO PRETO",2026-09-24 00:24:16.931647,2026-09-24 00:25:41.303835,1.40620313088099,"OK"
"boletim_ 19_07_2023 .RData","BAIXADA SANTISTA",2026-09-24 00:25:41.304426,2026-09-24 00:26:52.184593,1.18133611679077,"OK"
"boletim_ 19_07_2023 .RData","BARRETOS",2026-09-24 00:19:54.253201,2026-09-24 00:20:27.097291,0.54740149974823,"OK"
"boletim_ 19_07_2023 .RData","BAURU",2026-09-24 00:20:27.165935,2026-09-24 00:22:09.434176,1.70447068214417,"OK"
"boletim_ 19_07_2023 .RData","TAUBATÉ",2026-09-24 00:22:09.434799,2026-09-24 00:23:56.23136,1.77994268337886,"OK"
"boletim_ 19_07_2023 .RData","ARAÇATUBA",2026-09-24 00:23:56.231988,2026-09-24 00:24:51.738979,0.92511651913325,"OK"
"boletim_ 19_07_2023 .RData","MARÍLIA",2026-09-24 00:19:54.280619,2026-09-24 00:21:25.622726,1.52236845095952,"OK"
"boletim_ 19_07_2023 .RData","RIBEIRÃO PRETO",2026-09-24 00:21:25.731668,2026-09-24 00:23:15.130685,1.82331695159276,"OK"
"boletim_ 19_07_2023 .RData","PIRACICABA",2026-09-24 00:23:15.131767,2026-09-24 00:24:24.039635,1.1484644651413,"OK"
"boletim_ 19_07_2023 .RData","SOROCABA",2026-09-24 00:24:24.040223,2026-09-24 00:25:21.579341,0.958985300858816,"OK"
"boletim_ 19_07_2023 .RData","ARARAQUARA",2026-09-24 00:25:21.579914,2026-09-24 00:25:57.979951,0.606667280197144,"OK"
"boletim_ 19_07_2023 .RData","PRESIDENTE PRUDENTE",2026-09-24 00:19:54.302229,2026-09-24 00:20:30.786072,0.608064051469167,"OK"
"boletim_ 19_07_2023 .RData","SÃO JOÃO DA BOA VISTA",2026-09-24 00:20:30.853228,2026-09-24 00:21:29.66962,0.980273199081421,"OK"
"boletim_ 19_07_2023 .RData","REGISTRO",2026-09-24 00:21:29.670711,2026-09-24 00:22:36.464255,1.11322573423386,"OK"
"boletim_ 19_07_2023 .RData","FRANCA",2026-09-24 00:22:36.464879,2026-09-24 00:23:31.941156,0.924604614575704,"OK"
"boletim_ 19_09_2023 .RData","CAMPINAS",2026-09-24 00:27:36.519247,2026-09-24 00:29:15.415072,1.64826374848684,"OK"
"boletim_ 19_09_2023 .RData","GRANDE SÃO PAULO",2026-09-24 00:29:15.529641,2026-09-24 00:31:58.900715,2.72285123666128,"OK"
"boletim_ 19_09_2023 .RData","SÃO JOSÉ DO RIO PRETO",2026-09-24 00:31:58.901771,2026-09-24 00:33:19.135599,1.33723046382268,"OK"
"boletim_ 19_09_2023 .RData","BAIXADA SANTISTA",2026-09-24 00:33:19.136565,2026-09-24 00:34:19.537418,1.00668088197708,"OK"
"boletim_ 19_09_2023 .RData","BARRETOS",2026-09-24 00:27:36.541674,2026-09-24 00:28:12.555988,0.600238569577535,"OK"
"boletim_ 19_09_2023 .RData","BAURU",2026-09-24 00:28:12.673641,2026-09-24 00:29:51.602433,1.64881319999695,"OK"
"boletim_ 19_09_2023 .RData","TAUBATÉ",2026-09-24 00:29:51.602994,2026-09-24 00:31:17.90376,1.43834609985352,"OK"
"boletim_ 19_09_2023 .RData","ARAÇATUBA",2026-09-24 00:31:17.905352,2026-09-24 00:32:18.70859,1.01338729858398,"OK"
"boletim_ 19_09_2023 .RData","MARÍLIA",2026-09-24 00:27:36.560039,2026-09-24 00:28:39.389133,1.04715156555176,"OK"
"boletim_ 19_09_2023 .RData","RIBEIRÃO PRETO",2026-09-24 00:28:39.483835,2026-09-24 00:30:09.563036,1.50132001638412,"OK"
"boletim_ 19_09_2023 .RData","PIRACICABA",2026-09-24 00:30:09.564646,2026-09-24 00:31:14.750264,1.08642696539561,"OK"
"boletim_ 19_09_2023 .RData","SOROCABA",2026-09-24 00:31:14.751687,2026-09-24 00:32:13.188853,0.973952766259511,"OK"
"boletim_ 19_09_2023 .RData","ARARAQUARA",2026-09-24 00:32:13.190385,2026-09-24 00:32:51.61694,0.640442581971486,"OK"
"boletim_ 19_09_2023 .RData","PRESIDENTE PRUDENTE",2026-09-24 00:27:36.573675,2026-09-24 00:28:06.629125,0.500924170017242,"OK"
"boletim_ 19_09_2023 .RData","SÃO JOÃO DA BOA VISTA",2026-09-24 00:28:06.696653,2026-09-24 00:28:49.159667,0.707716902097066,"OK"
"boletim_ 19_09_2023 .RData","REGISTRO",2026-09-24 00:28:49.160371,2026-09-24 00:29:51.525056,1.03941141366959,"OK"
"boletim_ 19_09_2023 .RData","FRANCA",2026-09-24 00:29:51.526088,2026-09-24 00:30:38.690859,0.786079518000285,"OK"
"boletim_ 20_06_2023 .RData","CAMPINAS",2026-09-24 00:35:02.200273,2026-09-24 00:36:39.326194,1.61876535018285,"OK"
"boletim_ 20_06_2023 .RData","GRANDE SÃO PAULO",2026-09-24 00:36:39.469152,2026-09-24 00:39:16.395964,2.61544686555862,"OK"
"boletim_ 20_06_2023 .RData","SÃO JOSÉ DO RIO PRETO",2026-09-24 00:39:16.396676,2026-09-24 00:40:36.648599,1.33753204743067,"OK"
"boletim_ 20_06_2023 .RData","BAIXADA SANTISTA",2026-09-24 00:40:36.64928,2026-09-24 00:41:38.799602,1.03583869934082,"OK"
"boletim_ 20_06_2023 .RData","BARRETOS",2026-09-24 00:35:02.227966,2026-09-24 00:35:37.268145,0.584002983570099,"OK"
"boletim_ 20_06_2023 .RData","BAURU",2026-09-24 00:35:37.343934,2026-09-24 00:37:21.691275,1.739122347037,"OK"
"boletim_ 20_06_2023 .RData","TAUBATÉ",2026-09-24 00:37:21.691934,2026-09-24 00:38:52.122152,1.50717029968898,"OK"
"boletim_ 20_06_2023 .RData","ARAÇATUBA",2026-09-24 00:38:52.122768,2026-09-24 00:39:48.484896,0.939368800322215,"OK"
"boletim_ 20_06_2023 .RData","MARÍLIA",2026-09-24 00:35:02.248312,2026-09-24 00:36:34.558708,1.53850659926732,"OK"
"boletim_ 20_06_2023 .RData","RIBEIRÃO PRETO",2026-09-24 00:36:34.650322,2026-09-24 00:38:10.4415,1.59651963313421,"OK"
"boletim_ 20_06_2023 .RData","PIRACICABA",2026-09-24 00:38:10.44211,2026-09-24 00:39:33.823075,1.38968274990718,"OK"
"boletim_ 20_06_2023 .RData","SOROCABA",2026-09-24 00:39:33.823762,2026-09-24 00:40:33.189151,0.989423151810964,"OK"
"boletim_ 20_06_2023 .RData","ARARAQUARA",2026-09-24 00:40:33.190738,2026-09-24 00:41:12.452331,0.654359885056814,"OK"
"boletim_ 20_06_2023 .RData","PRESIDENTE PRUDENTE",2026-09-24 00:35:02.262513,2026-09-24 00:36:02.499858,1.00395574967066,"OK"
"boletim_ 20_06_2023 .RData","SÃO JOÃO DA BOA VISTA",2026-09-24 00:36:02.582067,2026-09-24 00:37:09.17684,1.10991288423538,"OK"
"boletim_ 20_06_2023 .RData","REGISTRO",2026-09-24 00:37:09.177642,2026-09-24 00:38:00.062216,0.848076232274373,"OK"
"boletim_ 20_06_2023 .RData","FRANCA",2026-09-24 00:38:00.062937,2026-09-24 00:38:49.958534,0.831593283017476,"OK"
"boletim_ 23-09-06 .RData","CAMPINAS",2026-09-24 00:42:07.376612,2026-09-24 00:43:36.330298,1.48256143331528,"OK"
"boletim_ 23-09-06 .RData","GRANDE SÃO PAULO",2026-09-24 00:43:36.397229,2026-09-24 00:45:57.121949,2.34541200002035,"OK"
"boletim_ 23-09-06 .RData","SÃO JOSÉ DO RIO PRETO",2026-09-24 00:45:57.122671,2026-09-24 00:47:11.215198,1.23487545251846,"OK"
"boletim_ 23-09-06 .RData","BAIXADA SANTISTA",2026-09-24 00:47:11.215755,2026-09-24 00:48:13.327976,1.03520368337631,"OK"
"boletim_ 23-09-06 .RData","BARRETOS",2026-09-24 00:42:07.392483,2026-09-24 00:42:38.280053,0.51479283173879,"OK"
"boletim_ 23-09-06 .RData","BAURU",2026-09-24 00:42:38.353405,2026-09-24 00:44:07.726813,1.48955680131912,"OK"
"boletim_ 23-09-06 .RData","TAUBATÉ",2026-09-24 00:44:07.7278,2026-09-24 00:45:29.111915,1.3564019203186,"OK"
"boletim_ 23-09-06 .RData","ARAÇATUBA",2026-09-24 00:45:29.112564,2026-09-24 00:46:23.800802,0.911470631758372,"OK"
"boletim_ 23-09-06 .RData","MARÍLIA",2026-09-24 00:42:07.408744,2026-09-24 00:43:27.056534,1.32746316591899,"OK"
"boletim_ 23-09-06 .RData","RIBEIRÃO PRETO",2026-09-24 00:43:27.129081,2026-09-24 00:44:46.367379,1.32063829898834,"OK"
"boletim_ 23-09-06 .RData","PIRACICABA",2026-09-24 00:44:46.368179,2026-09-24 00:45:45.712977,0.989079964160919,"OK"
"boletim_ 23-09-06 .RData","SOROCABA",2026-09-24 00:45:45.713742,2026-09-24 00:46:29.045588,0.722197433312734,"OK"
"boletim_ 23-09-06 .RData","ARARAQUARA",2026-09-24 00:46:29.046154,2026-09-24 00:47:00.793127,0.529116217295329,"OK"
"boletim_ 23-09-06 .RData","PRESIDENTE PRUDENTE",2026-09-24 00:42:07.423114,2026-09-24 00:42:38.761455,0.522305683294932,"OK"
"boletim_ 23-09-06 .RData","SÃO JOÃO DA BOA VISTA",2026-09-24 00:42:38.827103,2026-09-24 00:43:22.644675,0.730292868614197,"OK"
"boletim_ 23-09-06 .RData","REGISTRO",2026-09-24 00:43:22.64536,2026-09-24 00:44:07.431737,0.746439615885417,"OK"
"boletim_ 23-09-06 .RData","FRANCA",2026-09-24 00:44:07.432609,2026-09-24 00:44:53.409028,0.76627364953359,"OK"
"boletim_ 23-09-27 .RData","CAMPINAS",2026-09-24 00:48:57.759088,2026-09-24 00:50:15.362837,1.29339581727982,"OK"
"boletim_ 23-09-27 .RData","GRANDE SÃO PAULO",2026-09-24 00:50:15.433518,2026-09-24 00:52:35.53898,2.33509103457133,"OK"
"boletim_ 23-09-27 .RData","SÃO JOSÉ DO RIO PRETO",2026-09-24 00:52:35.539588,2026-09-24 00:53:48.772825,1.2205539504687,"OK"
"boletim_ 23-09-27 .RData","BAIXADA SANTISTA",2026-09-24 00:53:48.773394,2026-09-24 00:54:48.923944,1.00250916481018,"OK"
"boletim_ 23-09-27 .RData","BARRETOS",2026-09-24 00:48:57.788114,2026-09-24 00:49:32.543624,0.579258497556051,"OK"
"boletim_ 23-09-27 .RData","BAURU",2026-09-24 00:49:32.610551,2026-09-24 00:50:58.807476,1.43661541541417,"OK"
"boletim_ 23-09-27 .RData","TAUBATÉ",2026-09-24 00:50:58.808134,2026-09-24 00:52:14.045777,1.2539607167244,"OK"
"boletim_ 23-09-27 .RData","ARAÇATUBA",2026-09-24 00:52:14.046434,2026-09-24 00:53:08.242796,0.903272700309753,"OK"
"boletim_ 23-09-27 .RData","MARÍLIA",2026-09-24 00:48:57.811158,2026-09-24 00:50:08.541497,1.17883898417155,"OK"
"boletim_ 23-09-27 .RData","RIBEIRÃO PRETO",2026-09-24 00:50:08.634338,2026-09-24 00:51:32.678019,1.40072801907857,"OK"
"boletim_ 23-09-27 .RData","PIRACICABA",2026-09-24 00:51:32.67868,2026-09-24 00:52:30.660251,0.966359515984853,"OK"
"boletim_ 23-09-27 .RData","SOROCABA",2026-09-24 00:52:30.661096,2026-09-24 00:53:19.526256,0.814419333140055,"OK"
"boletim_ 23-09-27 .RData","ARARAQUARA",2026-09-24 00:53:19.526855,2026-09-24 00:53:55.497273,0.59950696627299,"OK"
"boletim_ 23-09-27 .RData","PRESIDENTE PRUDENTE",2026-09-24 00:48:57.838239,2026-09-24 00:49:29.991427,0.535886466503143,"OK"
"boletim_ 23-09-27 .RData","SÃO JOÃO DA BOA VISTA",2026-09-24 00:49:30.058607,2026-09-24 00:50:08.835933,0.646288764476776,"OK"
"boletim_ 23-09-27 .RData","REGISTRO",2026-09-24 00:50:08.836569,2026-09-24 00:51:05.899374,0.951046748956044,"OK"
"boletim_ 23-09-27 .RData","FRANCA",2026-09-24 00:51:05.900076,2026-09-24 00:51:50.163591,0.737725249926249,"OK"
"boletim_ 23-10-06 .RData","CAMPINAS",2026-09-24 00:55:16.513134,2026-09-24 00:56:46.828415,1.50525468190511,"OK"
"boletim_ 23-10-06 .RData","GRANDE SÃO PAULO",2026-09-24 00:56:46.947888,2026-09-24 00:59:02.575377,2.26045815149943,"OK"
"boletim_ 23-10-06 .RData","SÃO JOSÉ DO RIO PRETO",2026-09-24 00:59:02.576102,2026-09-24 01:00:21.05368,1.30795963207881,"OK"
"boletim_ 23-10-06 .RData","BAIXADA SANTISTA",2026-09-24 01:00:21.054295,2026-09-24 01:01:20.96077,0.998441247145335,"OK"
"boletim_ 23-10-06 .RData","BARRETOS",2026-09-24 00:55:16.535352,2026-09-24 00:55:50.460104,0.565412533283234,"OK"
"boletim_ 23-10-06 .RData","BAURU",2026-09-24 00:55:50.535267,2026-09-24 00:57:17.968761,1.45722489754359,"OK"
"boletim_ 23-10-06 .RData","TAUBATÉ",2026-09-24 00:57:17.969357,2026-09-24 00:58:40.000477,1.36718533436457,"OK"
"boletim_ 23-10-06 .RData","ARAÇATUBA",2026-09-24 00:58:40.001033,2026-09-24 00:59:30.923036,0.84870005051295,"OK"
"boletim_ 23-10-06 .RData","MARÍLIA",2026-09-24 00:55:16.563233,2026-09-24 00:56:29.197298,1.21056775252024,"OK"
"boletim_ 23-10-06 .RData","RIBEIRÃO PRETO",2026-09-24 00:56:29.297305,2026-09-24 00:57:53.901178,1.41006454626719,"OK"
"boletim_ 23-10-06 .RData","PIRACICABA",2026-09-24 00:57:53.902058,2026-09-24 00:58:50.195632,0.938226234912872,"OK"
"boletim_ 23-10-06 .RData","SOROCABA",2026-09-24 00:58:50.196204,2026-09-24 00:59:50.599531,1.00672211647034,"OK"
"boletim_ 23-10-06 .RData","ARARAQUARA",2026-09-24 00:59:50.600095,2026-09-24 01:00:31.843154,0.687384315331777,"OK"
"boletim_ 23-10-06 .RData","PRESIDENTE PRUDENTE",2026-09-24 00:55:16.577299,2026-09-24 00:55:58.571306,0.699900114536285,"OK"
"boletim_ 23-10-06 .RData","SÃO JOÃO DA BOA VISTA",2026-09-24 00:55:58.632879,2026-09-24 00:56:44.431393,0.763308564821879,"OK"
"boletim_ 23-10-06 .RData","REGISTRO",2026-09-24 00:56:44.432155,2026-09-24 00:57:36.052639,0.860341401894887,"OK"
"boletim_ 23-10-06 .RData","FRANCA",2026-09-24 00:57:36.053265,2026-09-24 00:58:22.081832,0.767142780621846,"OK"
"boletim_ 23-10-11 .RData","CAMPINAS",2026-09-24 01:01:44.080823,2026-09-24 01:03:23.537703,1.65761466821035,"OK"
"boletim_ 23-10-11 .RData","GRANDE SÃO PAULO",2026-09-24 01:03:23.644169,2026-09-24 01:06:13.183903,2.82566223144531,"OK"
"boletim_ 23-10-11 .RData","SÃO JOSÉ DO RIO PRETO",2026-09-24 01:06:13.185655,2026-09-24 01:07:27.707739,1.24203473329544,"OK"
"boletim_ 23-10-11 .RData","BAIXADA SANTISTA",2026-09-24 01:07:27.708293,2026-09-24 01:08:23.9316,0.937055118878682,"OK"
"boletim_ 23-10-11 .RData","BARRETOS",2026-09-24 01:01:44.100391,2026-09-24 01:02:17.521671,0.557021335760752,"OK"
"boletim_ 23-10-11 .RData","BAURU",2026-09-24 01:02:17.60789,2026-09-24 01:03:52.245567,1.57729461987813,"OK"
"boletim_ 23-10-11 .RData","TAUBATÉ",2026-09-24 01:03:52.246957,2026-09-24 01:05:27.224161,1.58295339743296,"OK"
"boletim_ 23-10-11 .RData","ARAÇATUBA",2026-09-24 01:05:27.224736,2026-09-24 01:06:25.332773,0.968467283248901,"OK"
"boletim_ 23-10-11 .RData","MARÍLIA",2026-09-24 01:01:44.12125,2026-09-24 01:03:09.960116,1.43064776659012,"OK"
"boletim_ 23-10-11 .RData","RIBEIRÃO PRETO",2026-09-24 01:03:10.056527,2026-09-24 01:04:41.622048,1.52609201669693,"OK"
"boletim_ 23-10-11 .RData","PIRACICABA",2026-09-24 01:04:41.62356,2026-09-24 01:05:37.945893,0.938705551624298,"OK"
"boletim_ 23-10-11 .RData","SOROCABA",2026-09-24 01:05:37.946519,2026-09-24 01:06:42.366523,1.07366673549016,"OK"
"boletim_ 23-10-11 .RData","ARARAQUARA",2026-09-24 01:06:42.367145,2026-09-24 01:07:23.730139,0.689383232593536,"OK"
"boletim_ 23-10-11 .RData","PRESIDENTE PRUDENTE",2026-09-24 01:01:44.139107,2026-09-24 01:02:26.8597,0.712009882926941,"OK"
"boletim_ 23-10-11 .RData","SÃO JOÃO DA BOA VISTA",2026-09-24 01:02:27.008981,2026-09-24 01:03:19.12144,0.868540982405345,"OK"
"boletim_ 23-10-11 .RData","REGISTRO",2026-09-24 01:03:19.122736,2026-09-24 01:04:20.313511,1.01984624862671,"OK"
"boletim_ 23-10-11 .RData","FRANCA",2026-09-24 01:04:20.314119,2026-09-24 01:05:11.806834,0.858211914698283,"OK"
"boletim_ 23-10-18 .RData","CAMPINAS",2026-09-24 01:08:52.531975,2026-09-24 01:10:31.435762,1.64839644829432,"OK"
"boletim_ 23-10-18 .RData","GRANDE SÃO PAULO",2026-09-24 01:10:31.603825,2026-09-24 01:13:13.603046,2.69998701413473,"OK"
"boletim_ 23-10-18 .RData","SÃO JOSÉ DO RIO PRETO",2026-09-24 01:13:13.603627,2026-09-24 01:14:28.922092,1.25530774990718,"OK"
"boletim_ 23-10-18 .RData","BAIXADA SANTISTA",2026-09-24 01:14:28.922703,2026-09-24 01:15:20.945029,0.86703876654307,"OK"
"boletim_ 23-10-18 .RData","BARRETOS",2026-09-24 01:08:52.552074,2026-09-24 01:09:17.45846,0.415106435616811,"OK"
"boletim_ 23-10-18 .RData","BAURU",2026-09-24 01:09:17.516515,2026-09-24 01:10:51.944577,1.57380103270213,"OK"
"boletim_ 23-10-18 .RData","TAUBATÉ",2026-09-24 01:10:51.94513,2026-09-24 01:12:20.423632,1.47464169661204,"OK"
"boletim_ 23-10-18 .RData","ARAÇATUBA",2026-09-24 01:12:20.424245,2026-09-24 01:13:13.529037,0.885079864660899,"OK"
"boletim_ 23-10-18 .RData","MARÍLIA",2026-09-24 01:08:52.566584,2026-09-24 01:10:02.187321,1.16034561395645,"OK"
"boletim_ 23-10-18 .RData","RIBEIRÃO PRETO",2026-09-24 01:10:02.288867,2026-09-24 01:11:31.454733,1.48609776496887,"OK"
"boletim_ 23-10-18 .RData","PIRACICABA",2026-09-24 01:11:31.457221,2026-09-24 01:12:36.060344,1.07671871582667,"OK"
"boletim_ 23-10-18 .RData","SOROCABA",2026-09-24 01:12:36.060924,2026-09-24 01:13:51.00497,1.24906743367513,"OK"
"boletim_ 23-10-18 .RData","ARARAQUARA",2026-09-24 01:13:51.005554,2026-09-24 01:14:30.965746,0.666003199418386,"OK"
"boletim_ 23-10-18 .RData","PRESIDENTE PRUDENTE",2026-09-24 01:08:52.583102,2026-09-24 01:09:27.749276,0.586102898915609,"OK"
"boletim_ 23-10-18 .RData","SÃO JOÃO DA BOA VISTA",2026-09-24 01:09:27.834369,2026-09-24 01:10:22.988248,0.91923131942749,"OK"
"boletim_ 23-10-18 .RData","REGISTRO",2026-09-24 01:10:22.989162,2026-09-24 01:11:18.514124,0.925416032473246,"OK"
"boletim_ 23-10-18 .RData","FRANCA",2026-09-24 01:11:18.514783,2026-09-24 01:12:08.984855,0.841167867183685,"OK"
"boletim_ 23-10-20 .RData","CAMPINAS",2026-09-24 01:15:47.538992,2026-09-24 01:17:24.840693,1.62169501781464,"OK"
"boletim_ 23-10-20 .RData","GRANDE SÃO PAULO",2026-09-24 01:17:24.910442,2026-09-24 01:19:51.358194,2.44079586664836,"OK"
"boletim_ 23-10-20 .RData","SÃO JOSÉ DO RIO PRETO",2026-09-24 01:19:51.358819,2026-09-24 01:21:02.359032,1.18333688179652,"OK"
"boletim_ 23-10-20 .RData","BAIXADA SANTISTA",2026-09-24 01:21:02.359654,2026-09-24 01:22:06.467874,1.06847033500671,"OK"
"boletim_ 23-10-20 .RData","BARRETOS",2026-09-24 01:15:47.564187,2026-09-24 01:16:15.328395,0.462736797332764,"OK"
"boletim_ 23-10-20 .RData","BAURU",2026-09-24 01:16:15.397289,2026-09-24 01:17:43.356538,1.46598748366038,"OK"
"boletim_ 23-10-20 .RData","TAUBATÉ",2026-09-24 01:17:43.35752,2026-09-24 01:19:19.378483,1.60034938255946,"OK"
"boletim_ 23-10-20 .RData","ARAÇATUBA",2026-09-24 01:19:19.37904,2026-09-24 01:20:11.072412,0.861556200186412,"OK"
"boletim_ 23-10-20 .RData","MARÍLIA",2026-09-24 01:15:47.586983,2026-09-24 01:17:06.977503,1.32317533493042,"OK"
"boletim_ 23-10-20 .RData","RIBEIRÃO PRETO",2026-09-24 01:17:07.083831,2026-09-24 01:18:23.879948,1.27993528048197,"OK"
"boletim_ 23-10-20 .RData","PIRACICABA",2026-09-24 01:18:23.880532,2026-09-24 01:19:25.254216,1.02289473215739,"OK"
"boletim_ 23-10-20 .RData","SOROCABA",2026-09-24 01:19:25.254834,2026-09-24 01:20:38.66146,1.22344376643499,"OK"
"boletim_ 23-10-20 .RData","ARARAQUARA",2026-09-24 01:20:38.662032,2026-09-24 01:21:16.109852,0.624130336443583,"OK"
"boletim_ 23-10-20 .RData","PRESIDENTE PRUDENTE",2026-09-24 01:15:47.605758,2026-09-24 01:16:27.15024,0.659074699878693,"OK"
"boletim_ 23-10-20 .RData","SÃO JOÃO DA BOA VISTA",2026-09-24 01:16:27.232383,2026-09-24 01:17:23.946798,0.945240251223246,"OK"
"boletim_ 23-10-20 .RData","REGISTRO",2026-09-24 01:17:23.947452,2026-09-24 01:18:17.132232,0.886412998040517,"OK"
"boletim_ 23-10-20 .RData","FRANCA",2026-09-24 01:18:17.132826,2026-09-24 01:19:04.02928,0.781607564290365,"OK"
"boletim_ 23-10-25 .RData","CAMPINAS",2026-09-24 01:22:35.724109,2026-09-24 01:24:21.843236,1.76865211725235,"OK"
"boletim_ 23-10-25 .RData","GRANDE SÃO PAULO",2026-09-24 01:24:21.9235,2026-09-24 01:26:57.263042,2.58899236520131,"OK"
"boletim_ 23-10-25 .RData","SÃO JOSÉ DO RIO PRETO",2026-09-24 01:26:57.263964,2026-09-24 01:28:08.22339,1.18265710274378,"OK"
"boletim_ 23-10-25 .RData","BAIXADA SANTISTA",2026-09-24 01:28:08.223959,2026-09-24 01:29:18.620243,1.17327140172323,"OK"
"boletim_ 23-10-25 .RData","BARRETOS",2026-09-24 01:22:35.747875,2026-09-24 01:22:59.007016,0.387652349472046,"OK"
"boletim_ 23-10-25 .RData","BAURU",2026-09-24 01:22:59.117375,2026-09-24 01:24:33.606942,1.57482611735662,"OK"
"boletim_ 23-10-25 .RData","TAUBATÉ",2026-09-24 01:24:33.608363,2026-09-24 01:26:24.645755,1.85062320232391,"OK"
"boletim_ 23-10-25 .RData","ARAÇATUBA",2026-09-24 01:26:24.646437,2026-09-24 01:27:19.746456,0.918333649635315,"OK"
"boletim_ 23-10-25 .RData","MARÍLIA",2026-09-24 01:22:36.076863,2026-09-24 01:23:59.651966,1.39291838407516,"OK"
"boletim_ 23-10-25 .RData","RIBEIRÃO PRETO",2026-09-24 01:23:59.746983,2026-09-24 01:25:33.74184,1.56658094724019,"OK"
"boletim_ 23-10-25 .RData","PIRACICABA",2026-09-24 01:25:33.743429,2026-09-24 01:26:52.067354,1.30539875030518,"OK"
"boletim_ 23-10-25 .RData","SOROCABA",2026-09-24 01:26:52.06864,2026-09-24 01:28:03.415526,1.18911476532618,"OK"
"boletim_ 23-10-25 .RData","ARARAQUARA",2026-09-24 01:28:03.416113,2026-09-24 01:28:42.250077,0.647232735157013,"OK"
"boletim_ 23-10-25 .RData","PRESIDENTE PRUDENTE",2026-09-24 01:22:36.091866,2026-09-24 01:23:16.987678,0.681596867243449,"OK"
"boletim_ 23-10-25 .RData","SÃO JOÃO DA BOA VISTA",2026-09-24 01:23:17.107695,2026-09-24 01:24:16.074626,0.982782181104024,"OK"
"boletim_ 23-10-25 .RData","REGISTRO",2026-09-24 01:24:16.075304,2026-09-24 01:25:18.623526,1.04247036774953,"OK"
"boletim_ 23-10-25 .RData","FRANCA",2026-09-24 01:25:18.624109,2026-09-24 01:26:12.465808,0.897361648082733,"OK"
"boletim_ 23-11-01 .RData","CAMPINAS",2026-09-24 01:29:46.902699,2026-09-24 01:31:42.18941,1.92144518295924,"OK"
"boletim_ 23-11-01 .RData","GRANDE SÃO PAULO",2026-09-24 01:31:42.249815,2026-09-24 01:33:58.238482,2.26647778352102,"OK"
"boletim_ 23-11-01 .RData","SÃO JOSÉ DO RIO PRETO",2026-09-24 01:33:58.239042,2026-09-24 01:35:09.585133,1.18910151720047,"OK"
"boletim_ 23-11-01 .RData","BAIXADA SANTISTA",2026-09-24 01:35:09.585754,2026-09-24 01:36:22.01692,1.20718610286713,"OK"
"boletim_ 23-11-01 .RData","BARRETOS",2026-09-24 01:29:46.919928,2026-09-24 01:30:21.931581,0.583527549107869,"OK"
"boletim_ 23-11-01 .RData","BAURU",2026-09-24 01:30:22.010465,2026-09-24 01:31:50.375498,1.47275055249532,"OK"
"boletim_ 23-11-01 .RData","TAUBATÉ",2026-09-24 01:31:50.376088,2026-09-24 01:33:48.379079,1.96671651999156,"OK"
"boletim_ 23-11-01 .RData","ARAÇATUBA",2026-09-24 01:33:48.379655,2026-09-24 01:34:41.098053,0.878639968236287,"OK"
"boletim_ 23-11-01 .RData","MARÍLIA",2026-09-24 01:29:46.935067,2026-09-24 01:31:05.556301,1.31035390297572,"OK"
"boletim_ 23-11-01 .RData","RIBEIRÃO PRETO",2026-09-24 01:31:05.639281,2026-09-24 01:32:25.437805,1.32997539838155,"OK"
"boletim_ 23-11-01 .RData","PIRACICABA",2026-09-24 01:32:25.43979,2026-09-24 01:33:48.704419,1.38774381478628,"OK"
"boletim_ 23-11-01 .RData","SOROCABA",2026-09-24 01:33:48.705087,2026-09-24 01:35:08.081203,1.32293526728948,"OK"
"boletim_ 23-11-01 .RData","ARARAQUARA",2026-09-24 01:35:08.081803,2026-09-24 01:35:48.266422,0.669743649164836,"OK"
"boletim_ 23-11-01 .RData","PRESIDENTE PRUDENTE",2026-09-24 01:29:46.950762,2026-09-24 01:30:28.045912,0.684919166564941,"OK"
"boletim_ 23-11-01 .RData","SÃO JOÃO DA BOA VISTA",2026-09-24 01:30:28.115972,2026-09-24 01:31:26.428677,0.971878417332967,"OK"
"boletim_ 23-11-01 .RData","REGISTRO",2026-09-24 01:31:26.429264,2026-09-24 01:32:30.008881,1.05966028372447,"OK"
"boletim_ 23-11-01 .RData","FRANCA",2026-09-24 01:32:30.01066,2026-09-24 01:33:24.274604,0.904399069150289,"OK"
"boletim_ 23-11-08 .RData","CAMPINAS",2026-09-24 01:36:49.900725,2026-09-24 01:38:21.964727,1.53440003395081,"OK"
"boletim_ 23-11-08 .RData","GRANDE SÃO PAULO",2026-09-24 01:38:22.035747,2026-09-24 01:40:59.034503,2.61664593219757,"OK"
"boletim_ 23-11-08 .RData","SÃO JOSÉ DO RIO PRETO",2026-09-24 01:40:59.035125,2026-09-24 01:42:04.340528,1.08842338323593,"OK"
"boletim_ 23-11-08 .RData","BAIXADA SANTISTA",2026-09-24 01:42:04.341109,2026-09-24 01:43:12.101201,1.12933486700058,"OK"
"boletim_ 23-11-08 .RData","BARRETOS",2026-09-24 01:36:49.925777,2026-09-24 01:37:17.713444,0.463127783934275,"OK"
"boletim_ 23-11-08 .RData","BAURU",2026-09-24 01:37:17.793241,2026-09-24 01:38:47.142619,1.48915629784266,"OK"
"boletim_ 23-11-08 .RData","TAUBATÉ",2026-09-24 01:38:47.143328,2026-09-24 01:40:33.731495,1.77646944920222,"OK"
"boletim_ 23-11-08 .RData","ARAÇATUBA",2026-09-24 01:40:33.732098,2026-09-24 01:41:28.3211,0.909816698233287,"OK"
"boletim_ 23-11-08 .RData","MARÍLIA",2026-09-24 01:36:49.940305,2026-09-24 01:38:09.29706,1.32261258363724,"OK"
"boletim_ 23-11-08 .RData","RIBEIRÃO PRETO",2026-09-24 01:38:09.378866,2026-09-24 01:39:23.666928,1.2381343682607,"OK"
"boletim_ 23-11-08 .RData","PIRACICABA",2026-09-24 01:39:23.667874,2026-09-24 01:40:39.406497,1.2623103817304,"OK"
"boletim_ 23-11-08 .RData","SOROCABA",2026-09-24 01:40:39.407215,2026-09-24 01:42:03.427728,1.4003418803215,"OK"
"boletim_ 23-11-08 .RData","ARARAQUARA",2026-09-24 01:42:03.428288,2026-09-24 01:42:46.576211,0.719132049878438,"OK"
"boletim_ 23-11-08 .RData","PRESIDENTE PRUDENTE",2026-09-24 01:36:49.958508,2026-09-24 01:37:30.872825,0.681905281543732,"OK"
"boletim_ 23-11-08 .RData","SÃO JOÃO DA BOA VISTA",2026-09-24 01:37:30.959153,2026-09-24 01:38:23.385326,0.873769549528758,"OK"
"boletim_ 23-11-08 .RData","REGISTRO",2026-09-24 01:38:23.386131,2026-09-24 01:39:19.455589,0.934490966796875,"OK"
"boletim_ 23-11-08 .RData","FRANCA",2026-09-24 01:39:19.456325,2026-09-24 01:40:10.723891,0.854459432760874,"OK"
"boletim_ 23-11-13 .RData","CAMPINAS",2026-09-24 01:43:38.29787,2026-09-24 01:45:33.903161,1.92675485213598,"OK"
"boletim_ 23-11-13 .RData","GRANDE SÃO PAULO",2026-09-24 01:45:33.974346,2026-09-24 01:48:27.928071,2.89922875165939,"OK"
"boletim_ 23-11-13 .RData","SÃO JOSÉ DO RIO PRETO",2026-09-24 01:48:27.928723,2026-09-24 01:49:36.785063,1.1476056655248,"OK"
"boletim_ 23-11-13 .RData","BAIXADA SANTISTA",2026-09-24 01:49:36.785621,2026-09-24 01:50:52.810315,1.2670782327652,"OK"
"boletim_ 23-11-13 .RData","BARRETOS",2026-09-24 01:43:38.316067,2026-09-24 01:44:07.715322,0.489987583955129,"OK"
"boletim_ 23-11-13 .RData","BAURU",2026-09-24 01:44:07.776102,2026-09-24 01:45:37.373542,1.49329066673915,"OK"
"boletim_ 23-11-13 .RData","TAUBATÉ",2026-09-24 01:45:37.374306,2026-09-24 01:47:34.564466,1.95316933393478,"OK"
"boletim_ 23-11-13 .RData","ARAÇATUBA",2026-09-24 01:47:34.565055,2026-09-24 01:48:26.733854,0.86947998603185,"OK"
"boletim_ 23-11-13 .RData","MARÍLIA",2026-09-24 01:43:38.329897,2026-09-24 01:44:50.863873,1.20889960130056,"OK"
"boletim_ 23-11-13 .RData","RIBEIRÃO PRETO",2026-09-24 01:44:50.992917,2026-09-24 01:46:05.693592,1.24501125017802,"OK"
"boletim_ 23-11-13 .RData","PIRACICABA",2026-09-24 01:46:05.694259,2026-09-24 01:47:23.700102,1.30009738604228,"OK"
"boletim_ 23-11-13 .RData","SOROCABA",2026-09-24 01:47:23.700873,2026-09-24 01:48:53.096758,1.48993141651154,"OK"
"boletim_ 23-11-13 .RData","ARARAQUARA",2026-09-24 01:48:53.097295,2026-09-24 01:49:33.044269,0.665782900651296,"OK"
"boletim_ 23-11-13 .RData","PRESIDENTE PRUDENTE",2026-09-24 01:43:38.351705,2026-09-24 01:44:15.014342,0.611043949921926,"OK"
"boletim_ 23-11-13 .RData","SÃO JOÃO DA BOA VISTA",2026-09-24 01:44:15.111931,2026-09-24 01:45:09.633949,0.908700299263,"OK"
"boletim_ 23-11-13 .RData","REGISTRO",2026-09-24 01:45:09.634612,2026-09-24 01:46:03.568469,0.898897616068522,"OK"
"boletim_ 23-11-13 .RData","FRANCA",2026-09-24 01:46:03.56961,2026-09-24 01:46:59.474116,0.931741766134898,"OK"
"boletim_ 23-11-29 .RData","CAMPINAS",2026-09-24 01:51:19.497896,2026-09-24 01:53:05.694849,1.76994921763738,"OK"
"boletim_ 23-11-29 .RData","GRANDE SÃO PAULO",2026-09-24 01:53:05.821229,2026-09-24 01:55:39.062889,2.55402766863505,"OK"
"boletim_ 23-11-29 .RData","SÃO JOSÉ DO RIO PRETO",2026-09-24 01:55:39.063483,2026-09-24 01:56:49.963449,1.18166610002518,"OK"
"boletim_ 23-11-29 .RData","BAIXADA SANTISTA",2026-09-24 01:56:49.964015,2026-09-24 01:57:47.998512,0.967241617043813,"OK"
"boletim_ 23-11-29 .RData","BARRETOS",2026-09-24 01:51:19.514672,2026-09-24 01:51:52.683691,0.552816983064016,"OK"
"boletim_ 23-11-29 .RData","BAURU",2026-09-24 01:51:52.849459,2026-09-24 01:53:22.134284,1.48808041810989,"OK"
"boletim_ 23-11-29 .RData","TAUBATÉ",2026-09-24 01:53:22.135098,2026-09-24 01:55:16.752589,1.91029151678085,"OK"
"boletim_ 23-11-29 .RData","ARAÇATUBA",2026-09-24 01:55:16.753202,2026-09-24 01:56:12.881107,0.935465085506439,"OK"
"boletim_ 23-11-29 .RData","MARÍLIA",2026-09-24 01:51:19.531061,2026-09-24 01:52:47.314401,1.46305566628774,"OK"
"boletim_ 23-11-29 .RData","RIBEIRÃO PRETO",2026-09-24 01:52:47.434673,2026-09-24 01:54:08.297865,1.34771986405055,"OK"
"boletim_ 23-11-29 .RData","PIRACICABA",2026-09-24 01:54:08.298993,2026-09-24 01:55:16.762763,1.14106283187866,"OK"
"boletim_ 23-11-29 .RData","SOROCABA",2026-09-24 01:55:16.763389,2026-09-24 01:56:37.650522,1.34811888138453,"OK"
"boletim_ 23-11-29 .RData","ARARAQUARA",2026-09-24 01:56:37.651118,2026-09-24 01:57:13.556383,0.598421080907186,"OK"
"boletim_ 23-11-29 .RData","PRESIDENTE PRUDENTE",2026-09-24 01:51:19.547346,2026-09-24 01:51:57.581045,0.633894979953766,"OK"
"boletim_ 23-11-29 .RData","SÃO JOÃO DA BOA VISTA",2026-09-24 01:51:57.635842,2026-09-24 01:52:52.287986,0.910869065920512,"OK"
"boletim_ 23-11-29 .RData","REGISTRO",2026-09-24 01:52:52.289248,2026-09-24 01:53:53.794521,1.0250878850619,"OK"
"boletim_ 23-11-29 .RData","FRANCA",2026-09-24 01:53:53.795126,2026-09-24 01:54:50.051661,0.93760891755422,"OK"
"boletim_ 23-12-06 .RData","CAMPINAS",2026-09-24 01:58:16.318763,2026-09-24 01:59:41.00547,1.41144511699677,"OK"
"boletim_ 23-12-06 .RData","GRANDE SÃO PAULO",2026-09-24 01:59:41.06932,2026-09-24 02:01:45.707373,2.07730088233948,"OK"
"boletim_ 23-12-06 .RData","SÃO JOSÉ DO RIO PRETO",2026-09-24 02:01:45.707951,2026-09-24 02:02:53.741532,1.13389301697413,"OK"
"boletim_ 23-12-06 .RData","BAIXADA SANTISTA",2026-09-24 02:02:53.742111,2026-09-24 02:03:54.469948,1.0121306180954,"OK"
"boletim_ 23-12-06 .RData","BARRETOS",2026-09-24 01:58:16.039022,2026-09-24 01:58:42.601971,0.442715815703074,"OK"
"boletim_ 23-12-06 .RData","BAURU",2026-09-24 01:58:42.69259,2026-09-24 02:00:02.925309,1.33721198240916,"OK"
"boletim_ 23-12-06 .RData","TAUBATÉ",2026-09-24 02:00:02.925916,2026-09-24 02:01:39.497285,1.6095228155454,"OK"
"boletim_ 23-12-06 .RData","ARAÇATUBA",2026-09-24 02:01:39.497918,2026-09-24 02:02:25.254474,0.762609267234802,"OK"
"boletim_ 23-12-06 .RData","MARÍLIA",2026-09-24 01:58:16.061799,2026-09-24 01:59:25.0069,1.14908501704534,"OK"
"boletim_ 23-12-06 .RData","RIBEIRÃO PRETO",2026-09-24 01:59:25.076445,2026-09-24 02:00:34.660362,1.1597319483757,"OK"
"boletim_ 23-12-06 .RData","PIRACICABA",2026-09-24 02:00:34.660984,2026-09-24 02:01:43.715911,1.15091544787089,"OK"
"boletim_ 23-12-06 .RData","SOROCABA",2026-09-24 02:01:43.71646,2026-09-24 02:02:48.390524,1.07790106534958,"OK"
"boletim_ 23-12-06 .RData","ARARAQUARA",2026-09-24 02:02:48.391158,2026-09-24 02:03:23.839235,0.590801282723745,"OK"
"boletim_ 23-12-06 .RData","PRESIDENTE PRUDENTE",2026-09-24 01:58:16.080601,2026-09-24 01:58:52.27521,0.603243482112884,"OK"
"boletim_ 23-12-06 .RData","SÃO JOÃO DA BOA VISTA",2026-09-24 01:58:52.351865,2026-09-24 01:59:44.203978,0.864201883474986,"OK"
"boletim_ 23-12-06 .RData","REGISTRO",2026-09-24 01:59:44.204944,2026-09-24 02:00:32.531566,0.805443700154622,"OK"
"boletim_ 23-12-06 .RData","FRANCA",2026-09-24 02:00:32.532174,2026-09-24 02:01:19.810698,0.787975398699443,"OK"
"boletim_ 23-12-13 .RData","CAMPINAS",2026-09-24 02:04:21.740986,2026-09-24 02:06:04.859708,1.71864536603292,"OK"
"boletim_ 23-12-13 .RData","GRANDE SÃO PAULO",2026-09-24 02:06:04.959221,2026-09-24 02:08:34.537055,2.49296390215556,"OK"
"boletim_ 23-12-13 .RData","SÃO JOSÉ DO RIO PRETO",2026-09-24 02:08:34.537688,2026-09-24 02:09:30.217795,0.928001781304677,"OK"
"boletim_ 23-12-13 .RData","BAIXADA SANTISTA",2026-09-24 02:09:30.218353,2026-09-24 02:10:22.442905,0.870409198602041,"OK"
"boletim_ 23-12-13 .RData","BARRETOS",2026-09-24 02:04:21.757015,2026-09-24 02:04:51.202769,0.490762567520142,"OK"
"boletim_ 23-12-13 .RData","BAURU",2026-09-24 02:04:51.280228,2026-09-24 02:06:13.531839,1.37086018323898,"OK"
"boletim_ 23-12-13 .RData","TAUBATÉ",2026-09-24 02:06:13.532443,2026-09-24 02:07:58.132361,1.74333196481069,"OK"
"boletim_ 23-12-13 .RData","ARAÇATUBA",2026-09-24 02:07:58.132969,2026-09-24 02:08:43.755361,0.760373202959696,"OK"
"boletim_ 23-12-13 .RData","MARÍLIA",2026-09-24 02:04:21.774007,2026-09-24 02:05:36.073101,1.23831823269526,"OK"
"boletim_ 23-12-13 .RData","RIBEIRÃO PRETO",2026-09-24 02:05:36.178407,2026-09-24 02:06:58.681106,1.37504498561223,"OK"
"boletim_ 23-12-13 .RData","PIRACICABA",2026-09-24 02:06:58.681692,2026-09-24 02:08:02.126248,1.05740926663081,"OK"
"boletim_ 23-12-13 .RData","SOROCABA",2026-09-24 02:08:02.127884,2026-09-24 02:09:01.913749,0.996431084473928,"OK"
"boletim_ 23-12-13 .RData","ARARAQUARA",2026-09-24 02:09:01.91436,2026-09-24 02:09:33.885547,0.53285311460495,"OK"
"boletim_ 23-12-13 .RData","PRESIDENTE PRUDENTE",2026-09-24 02:04:21.787133,2026-09-24 02:05:03.140073,0.689215668042501,"OK"
"boletim_ 23-12-13 .RData","SÃO JOÃO DA BOA VISTA",2026-09-24 02:05:03.221577,2026-09-24 02:05:52.326894,0.818421951929728,"OK"
"boletim_ 23-12-13 .RData","REGISTRO",2026-09-24 02:05:52.327445,2026-09-24 02:06:57.63637,1.08848208189011,"OK"
"boletim_ 23-12-13 .RData","FRANCA",2026-09-24 02:06:57.636966,2026-09-24 02:07:42.925545,0.75480964978536,"OK"
"boletim_ 23-12-20 .RData","CAMPINAS",2026-09-24 02:10:50.943475,2026-09-24 02:12:15.84913,1.41509424845378,"OK"
"boletim_ 23-12-20 .RData","GRANDE SÃO PAULO",2026-09-24 02:12:15.979744,2026-09-24 02:14:48.320914,2.53901950120926,"OK"
"boletim_ 23-12-20 .RData","SÃO JOSÉ DO RIO PRETO",2026-09-24 02:14:48.3215,2026-09-24 02:15:39.889165,0.859461081027985,"OK"
"boletim_ 23-12-20 .RData","BAIXADA SANTISTA",2026-09-24 02:15:39.88979,2026-09-24 02:16:37.594772,0.96174970070521,"OK"
"boletim_ 23-12-20 .RData","BARRETOS",2026-09-24 02:10:50.958187,2026-09-24 02:11:12.389995,0.357196799914042,"OK"
"boletim_ 23-12-20 .RData","BAURU",2026-09-24 02:11:12.479407,2026-09-24 02:12:32.384699,1.33175486723582,"OK"
"boletim_ 23-12-20 .RData","TAUBATÉ",2026-09-24 02:12:32.385329,2026-09-24 02:14:03.183232,1.51329838434855,"OK"
"boletim_ 23-12-20 .RData","ARAÇATUBA",2026-09-24 02:14:03.18427,2026-09-24 02:14:44.444626,0.687672603130341,"OK"
"boletim_ 23-12-20 .RData","MARÍLIA",2026-09-24 02:10:50.974169,2026-09-24 02:12:05.173394,1.23665374914805,"OK"
"boletim_ 23-12-20 .RData","RIBEIRÃO PRETO",2026-09-24 02:12:05.231902,2026-09-24 02:13:28.750461,1.39197598695755,"OK"
"boletim_ 23-12-20 .RData","PIRACICABA",2026-09-24 02:13:28.75155,2026-09-24 02:14:30.71593,1.03273966709773,"OK"
"boletim_ 23-12-20 .RData","SOROCABA",2026-09-24 02:14:30.716567,2026-09-24 02:15:23.915956,0.886656483014425,"OK"
"boletim_ 23-12-20 .RData","ARARAQUARA",2026-09-24 02:15:23.916518,2026-09-24 02:15:54.803167,0.514777485529582,"OK"
"boletim_ 23-12-20 .RData","PRESIDENTE PRUDENTE",2026-09-24 02:10:50.986566,2026-09-24 02:11:30.862568,0.664600030581156,"OK"
"boletim_ 23-12-20 .RData","SÃO JOÃO DA BOA VISTA",2026-09-24 02:11:31.000848,2026-09-24 02:12:32.57379,1.02621570030848,"OK"
"boletim_ 23-12-20 .RData","REGISTRO",2026-09-24 02:12:32.575465,2026-09-24 02:13:23.06656,0.841518251101176,"OK"
"boletim_ 23-12-20 .RData","FRANCA",2026-09-24 02:13:23.067587,2026-09-24 02:14:06.995494,0.732131783167521,"OK"
"boletim_ 23-12-27 .RData","CAMPINAS",2026-09-24 02:17:06.218456,2026-09-24 02:18:22.49125,1.27121323347092,"OK"
"boletim_ 23-12-27 .RData","GRANDE SÃO PAULO",2026-09-24 02:18:22.558451,2026-09-24 02:20:30.580723,2.13370453516642,"OK"
"boletim_ 23-12-27 .RData","SÃO JOSÉ DO RIO PRETO",2026-09-24 02:20:30.58136,2026-09-24 02:21:26.599391,0.933633848031362,"OK"
"boletim_ 23-12-27 .RData","BAIXADA SANTISTA",2026-09-24 02:21:26.599989,2026-09-24 02:22:28.426331,1.03043903509776,"OK"
"boletim_ 23-12-27 .RData","BARRETOS",2026-09-24 02:17:06.233252,2026-09-24 02:17:26.927966,0.344911901156108,"OK"
"boletim_ 23-12-27 .RData","BAURU",2026-09-24 02:17:27.000677,2026-09-24 02:18:37.238399,1.17062869866689,"OK"
"boletim_ 23-12-27 .RData","TAUBATÉ",2026-09-24 02:18:37.238981,2026-09-24 02:19:47.464241,1.17042100032171,"OK"
"boletim_ 23-12-27 .RData","ARAÇATUBA",2026-09-24 02:19:47.464851,2026-09-24 02:20:32.861645,0.756613234678904,"OK"
"boletim_ 23-12-27 .RData","MARÍLIA",2026-09-24 02:17:06.24659,2026-09-24 02:18:11.521643,1.08791755040487,"OK"
"boletim_ 23-12-27 .RData","RIBEIRÃO PRETO",2026-09-24 02:18:11.588445,2026-09-24 02:19:10.353471,0.979417101542155,"OK"
"boletim_ 23-12-27 .RData","PIRACICABA",2026-09-24 02:19:10.354132,2026-09-24 02:20:08.401103,0.96744951804479,"OK"
"boletim_ 23-12-27 .RData","SOROCABA",2026-09-24 02:20:08.401741,2026-09-24 02:21:01.628433,0.887111532688141,"OK"
"boletim_ 23-12-27 .RData","ARARAQUARA",2026-09-24 02:21:01.629043,2026-09-24 02:21:31.595692,0.49944414695104,"OK"
"boletim_ 23-12-27 .RData","PRESIDENTE PRUDENTE",2026-09-24 02:17:06.261842,2026-09-24 02:17:46.576328,0.671908100446065,"OK"
"boletim_ 23-12-27 .RData","SÃO JOÃO DA BOA VISTA",2026-09-24 02:17:46.667967,2026-09-24 02:18:33.079599,0.773527197043101,"OK"
"boletim_ 23-12-27 .RData","REGISTRO",2026-09-24 02:18:33.080244,2026-09-24 02:19:12.662677,0.659707216421763,"OK"
"boletim_ 23-12-27 .RData","FRANCA",2026-09-24 02:19:12.663493,2026-09-24 02:19:51.62005,0.649275950590769,"OK"
"boletim_ 23_08_2023 .RData","CAMPINAS",2026-09-24 02:23:12.649149,2026-09-24 02:24:48.752807,1.60172763268153,"OK"
"boletim_ 23_08_2023 .RData","GRANDE SÃO PAULO",2026-09-24 02:24:48.849206,2026-09-24 02:27:15.09253,2.43738873402278,"OK"
"boletim_ 23_08_2023 .RData","SÃO JOSÉ DO RIO PRETO",2026-09-24 02:27:15.093548,2026-09-24 02:28:25.505965,1.17354028224945,"OK"
"boletim_ 23_08_2023 .RData","BAIXADA SANTISTA",2026-09-24 02:28:25.506545,2026-09-24 02:29:18.363596,0.880950848261515,"OK"
"boletim_ 23_08_2023 .RData","BARRETOS",2026-09-24 02:23:12.665629,2026-09-24 02:23:36.828977,0.402722469965617,"OK"
"boletim_ 23_08_2023 .RData","BAURU",2026-09-24 02:23:36.903111,2026-09-24 02:25:15.847842,1.64907884995143,"OK"
"boletim_ 23_08_2023 .RData","TAUBATÉ",2026-09-24 02:25:15.848415,2026-09-24 02:26:50.482949,1.57724223534266,"OK"
"boletim_ 23_08_2023 .RData","ARAÇATUBA",2026-09-24 02:26:50.483507,2026-09-24 02:27:32.290891,0.696789733568827,"OK"
"boletim_ 23_08_2023 .RData","MARÍLIA",2026-09-24 02:23:12.68229,2026-09-24 02:24:46.687823,1.56675888299942,"OK"
"boletim_ 23_08_2023 .RData","RIBEIRÃO PRETO",2026-09-24 02:24:46.779706,2026-09-24 02:26:16.72008,1.49900623162587,"OK"
"boletim_ 23_08_2023 .RData","PIRACICABA",2026-09-24 02:26:16.720752,2026-09-24 02:27:20.447267,1.06210858424505,"OK"
"boletim_ 23_08_2023 .RData","SOROCABA",2026-09-24 02:27:20.44787,2026-09-24 02:28:02.887838,0.707332797845205,"OK"
"boletim_ 23_08_2023 .RData","ARARAQUARA",2026-09-24 02:28:02.888423,2026-09-24 02:28:31.36123,0.4745467821757,"OK"
"boletim_ 23_08_2023 .RData","PRESIDENTE PRUDENTE",2026-09-24 02:23:12.696945,2026-09-24 02:23:43.179825,0.508048001925151,"OK"
"boletim_ 23_08_2023 .RData","SÃO JOÃO DA BOA VISTA",2026-09-24 02:23:43.240483,2026-09-24 02:24:30.781256,0.792346215248108,"OK"
"boletim_ 23_08_2023 .RData","REGISTRO",2026-09-24 02:24:30.782552,2026-09-24 02:25:30.261815,0.991321051120758,"OK"
"boletim_ 23_08_2023 .RData","FRANCA",2026-09-24 02:25:30.264274,2026-09-24 02:26:17.578753,0.788574651877085,"OK"
"boletim_ 24-01-03 .RData","CAMPINAS",2026-09-24 02:29:47.54391,2026-09-24 02:31:15.182325,1.46064024766286,"OK"
"boletim_ 24-01-03 .RData","GRANDE SÃO PAULO",2026-09-24 02:31:15.250282,2026-09-24 02:33:32.985629,2.29558911720912,"OK"
"boletim_ 24-01-03 .RData","SÃO JOSÉ DO RIO PRETO",2026-09-24 02:33:32.986653,2026-09-24 02:34:27.82495,0.913971614837646,"OK"
"boletim_ 24-01-03 .RData","BAIXADA SANTISTA",2026-09-24 02:34:27.825553,2026-09-24 02:35:25.77306,0.965791785717011,"OK"
"boletim_ 24-01-03 .RData","BARRETOS",2026-09-24 02:29:47.566791,2026-09-24 02:30:11.018908,0.390868616104126,"OK"
"boletim_ 24-01-03 .RData","BAURU",2026-09-24 02:30:11.102712,2026-09-24 02:31:22.12212,1.18365679979324,"OK"
"boletim_ 24-01-03 .RData","TAUBATÉ",2026-09-24 02:31:22.122742,2026-09-24 02:32:47.257834,1.41891820033391,"OK"
"boletim_ 24-01-03 .RData","ARAÇATUBA",2026-09-24 02:32:47.258507,2026-09-24 02:33:36.0379,0.812989882628123,"OK"
"boletim_ 24-01-03 .RData","MARÍLIA",2026-09-24 02:29:47.901303,2026-09-24 02:30:53.055604,1.0859050154686,"OK"
"boletim_ 24-01-03 .RData","RIBEIRÃO PRETO",2026-09-24 02:30:53.129572,2026-09-24 02:32:01.61517,1.14142663478851,"OK"
"boletim_ 24-01-03 .RData","PIRACICABA",2026-09-24 02:32:01.616277,2026-09-24 02:33:00.535655,0.981989634037018,"OK"
"boletim_ 24-01-03 .RData","SOROCABA",2026-09-24 02:33:00.53628,2026-09-24 02:33:47.753662,0.786956369876862,"OK"
"boletim_ 24-01-03 .RData","ARARAQUARA",2026-09-24 02:33:47.754207,2026-09-24 02:34:18.689046,0.515580650170644,"OK"
"boletim_ 24-01-03 .RData","PRESIDENTE PRUDENTE",2026-09-24 02:29:47.91618,2026-09-24 02:30:27.369377,0.657553283373515,"OK"
"boletim_ 24-01-03 .RData","SÃO JOÃO DA BOA VISTA",2026-09-24 02:30:27.444039,2026-09-24 02:31:21.278259,0.897236998875936,"OK"
"boletim_ 24-01-03 .RData","REGISTRO",2026-09-24 02:31:21.278877,2026-09-24 02:32:07.079244,0.763339447975159,"OK"
"boletim_ 24-01-03 .RData","FRANCA",2026-09-24 02:32:07.079914,2026-09-24 02:32:59.113648,0.867228897412618,"OK"
"boletim_ 24-01-17 .RData","CAMPINAS",2026-09-24 02:35:52.684083,2026-09-24 02:37:14.870927,1.36978073517481,"OK"
"boletim_ 24-01-17 .RData","GRANDE SÃO PAULO",2026-09-24 02:37:14.950123,2026-09-24 02:39:06.359882,1.85682931741079,"OK"
"boletim_ 24-01-17 .RData","SÃO JOSÉ DO RIO PRETO",2026-09-24 02:39:06.360605,2026-09-24 02:39:55.404364,0.817395985126495,"OK"
"boletim_ 24-01-17 .RData","BAIXADA SANTISTA",2026-09-24 02:39:55.405279,2026-09-24 02:40:54.876141,0.991181035836538,"OK"
"boletim_ 24-01-17 .RData","BARRETOS",2026-09-24 02:35:52.707937,2026-09-24 02:36:10.473534,0.296093285083771,"OK"
"boletim_ 24-01-17 .RData","BAURU",2026-09-24 02:36:10.53394,2026-09-24 02:37:24.430606,1.23161109685898,"OK"
"boletim_ 24-01-17 .RData","TAUBATÉ",2026-09-24 02:37:24.431729,2026-09-24 02:38:28.663949,1.07053699890772,"OK"
"boletim_ 24-01-17 .RData","ARAÇATUBA",2026-09-24 02:38:28.664872,2026-09-24 02:39:08.485739,0.663681117693583,"OK"
"boletim_ 24-01-17 .RData","MARÍLIA",2026-09-24 02:35:52.722381,2026-09-24 02:36:47.836508,0.918568782011668,"OK"
"boletim_ 24-01-17 .RData","RIBEIRÃO PRETO",2026-09-24 02:36:47.900566,2026-09-24 02:37:47.946018,1.00075753132502,"OK"
"boletim_ 24-01-17 .RData","PIRACICABA",2026-09-24 02:37:47.946797,2026-09-24 02:38:32.490654,0.742397618293762,"OK"
"boletim_ 24-01-17 .RData","SOROCABA",2026-09-24 02:38:32.491415,2026-09-24 02:39:14.204018,0.69521005153656,"OK"
"boletim_ 24-01-17 .RData","ARARAQUARA",2026-09-24 02:39:14.204561,2026-09-24 02:39:44.147008,0.49904078245163,"OK"
"boletim_ 24-01-17 .RData","PRESIDENTE PRUDENTE",2026-09-24 02:35:52.735753,2026-09-24 02:36:16.894403,0.402644165356954,"OK"
"boletim_ 24-01-17 .RData","SÃO JOÃO DA BOA VISTA",2026-09-24 02:36:17.00869,2026-09-24 02:36:58.407892,0.689986697832743,"OK"
"boletim_ 24-01-17 .RData","REGISTRO",2026-09-24 02:36:58.41052,2026-09-24 02:37:38.833179,0.673710982004801,"OK"
"boletim_ 24-01-17 .RData","FRANCA",2026-09-24 02:37:38.833773,2026-09-24 02:38:12.823585,0.566496868928274,"OK"
"boletim_ 24-01-31 .RData","CAMPINAS",2026-09-24 02:41:23.340146,2026-09-24 02:42:34.282798,1.18237753311793,"OK"
"boletim_ 24-01-31 .RData","GRANDE SÃO PAULO",2026-09-24 02:42:34.353418,2026-09-24 02:44:14.831856,1.67464063167572,"OK"
"boletim_ 24-01-31 .RData","SÃO JOSÉ DO RIO PRETO",2026-09-24 02:44:14.832432,2026-09-24 02:45:18.28795,1.05759196678797,"OK"
"boletim_ 24-01-31 .RData","BAIXADA SANTISTA",2026-09-24 02:45:18.289075,2026-09-24 02:46:06.901825,0.810212500890096,"OK"
"boletim_ 24-01-31 .RData","BARRETOS",2026-09-24 02:41:23.360826,2026-09-24 02:41:44.038937,0.344635184605916,"OK"
"boletim_ 24-01-31 .RData","BAURU",2026-09-24 02:41:44.112693,2026-09-24 02:42:38.368417,0.904262065887451,"OK"
"boletim_ 24-01-31 .RData","TAUBATÉ",2026-09-24 02:42:38.369161,2026-09-24 02:43:45.803764,1.12391005357107,"OK"
"boletim_ 24-01-31 .RData","ARAÇATUBA",2026-09-24 02:43:45.804315,2026-09-24 02:44:30.890948,0.751443882783254,"OK"
"boletim_ 24-01-31 .RData","MARÍLIA",2026-09-24 02:41:23.373277,2026-09-24 02:42:06.752183,0.72298176685969,"OK"
"boletim_ 24-01-31 .RData","RIBEIRÃO PRETO",2026-09-24 02:42:06.809612,2026-09-24 02:43:03.898256,0.951477400461833,"OK"
"boletim_ 24-01-31 .RData","PIRACICABA",2026-09-24 02:43:03.898872,2026-09-24 02:43:50.386186,0.77478856643041,"OK"
"boletim_ 24-01-31 .RData","SOROCABA",2026-09-24 02:43:50.387323,2026-09-24 02:44:40.551239,0.836065268516541,"OK"
"boletim_ 24-01-31 .RData","ARARAQUARA",2026-09-24 02:44:40.551791,2026-09-24 02:45:12.626574,0.534579718112946,"OK"
"boletim_ 24-01-31 .RData","PRESIDENTE PRUDENTE",2026-09-24 02:41:23.390215,2026-09-24 02:41:43.019714,0.327158319950104,"OK"
"boletim_ 24-01-31 .RData","SÃO JOÃO DA BOA VISTA",2026-09-24 02:41:43.083235,2026-09-24 02:42:12.22691,0.485727918148041,"OK"
"boletim_ 24-01-31 .RData","REGISTRO",2026-09-24 02:42:12.227776,2026-09-24 02:42:51.070515,0.647378981113434,"OK"
"boletim_ 24-01-31 .RData","FRANCA",2026-09-24 02:42:51.071405,2026-09-24 02:43:29.748187,0.644613035519918,"OK"
"boletim_ 25_07_2023 .RData","CAMPINAS",2026-09-24 02:46:52.28608,2026-09-24 02:48:27.881377,1.593254951636,"OK"
"boletim_ 25_07_2023 .RData","GRANDE SÃO PAULO",2026-09-24 02:48:27.95787,2026-09-24 02:50:53.857939,2.43166781663895,"OK"
"boletim_ 25_07_2023 .RData","SÃO JOSÉ DO RIO PRETO",2026-09-24 02:50:53.858533,2026-09-24 02:52:15.686744,1.36380351781845,"OK"
"boletim_ 25_07_2023 .RData","BAIXADA SANTISTA",2026-09-24 02:52:15.687287,2026-09-24 02:53:28.400698,1.21189018090566,"OK"
"boletim_ 25_07_2023 .RData","BARRETOS",2026-09-24 02:46:52.3145,2026-09-24 02:47:20.707592,0.473218198617299,"OK"
"boletim_ 25_07_2023 .RData","BAURU",2026-09-24 02:47:20.776885,2026-09-24 02:48:50.964558,1.50312788089116,"OK"
"boletim_ 25_07_2023 .RData","TAUBATÉ",2026-09-24 02:48:50.965444,2026-09-24 02:50:19.503838,1.47563989957174,"OK"
"boletim_ 25_07_2023 .RData","ARAÇATUBA",2026-09-24 02:50:19.504779,2026-09-24 02:51:13.41546,0.898511350154877,"OK"
"boletim_ 25_07_2023 .RData","MARÍLIA",2026-09-24 02:46:52.331888,2026-09-24 02:48:18.031402,1.42832523584366,"OK"
"boletim_ 25_07_2023 .RData","RIBEIRÃO PRETO",2026-09-24 02:48:18.102547,2026-09-24 02:49:37.68672,1.32640288273493,"OK"
"boletim_ 25_07_2023 .RData","PIRACICABA",2026-09-24 02:49:37.687397,2026-09-24 02:50:43.491761,1.09673939943314,"OK"
"boletim_ 25_07_2023 .RData","SOROCABA",2026-09-24 02:50:43.492407,2026-09-24 02:51:41.427444,0.965583948294322,"OK"
"boletim_ 25_07_2023 .RData","ARARAQUARA",2026-09-24 02:51:41.428054,2026-09-24 02:52:18.765821,0.622296114762624,"OK"
"boletim_ 25_07_2023 .RData","PRESIDENTE PRUDENTE",2026-09-24 02:46:52.350064,2026-09-24 02:47:25.419466,0.55115669965744,"OK"
"boletim_ 25_07_2023 .RData","SÃO JOÃO DA BOA VISTA",2026-09-24 02:47:25.493507,2026-09-24 02:48:10.857721,0.756070236365,"OK"
"boletim_ 25_07_2023 .RData","REGISTRO",2026-09-24 02:48:10.858616,2026-09-24 02:49:06.083697,0.920418016115824,"OK"
"boletim_ 25_07_2023 .RData","FRANCA",2026-09-24 02:49:06.084309,2026-09-24 02:49:49.979394,0.731584747632345,"OK"
"boletim_ 26_07_2023 .RData","CAMPINAS",2026-09-24 02:54:08.967615,2026-09-24 02:55:50.969267,1.70002753337224,"OK"
"boletim_ 26_07_2023 .RData","GRANDE SÃO PAULO",2026-09-24 02:55:51.08026,2026-09-24 02:58:42.932108,2.86419746478399,"OK"
"boletim_ 26_07_2023 .RData","SÃO JOSÉ DO RIO PRETO",2026-09-24 02:58:42.932662,2026-09-24 02:59:50.302847,1.12283641497294,"OK"
"boletim_ 26_07_2023 .RData","BAIXADA SANTISTA",2026-09-24 02:59:50.303421,2026-09-24 03:00:55.940737,1.09395526647568,"OK"
"boletim_ 26_07_2023 .RData","BARRETOS",2026-09-24 02:54:08.985544,2026-09-24 02:54:37.358052,0.472875134150187,"OK"
"boletim_ 26_07_2023 .RData","BAURU",2026-09-24 02:54:37.444571,2026-09-24 02:56:06.462531,1.4836326678594,"OK"
"boletim_ 26_07_2023 .RData","TAUBATÉ",2026-09-24 02:56:06.46395,2026-09-24 02:57:44.282071,1.63030201991399,"OK"
"boletim_ 26_07_2023 .RData","ARAÇATUBA",2026-09-24 02:57:44.283099,2026-09-24 02:58:34.773956,0.841514285405477,"OK"
"boletim_ 26_07_2023 .RData","MARÍLIA",2026-09-24 02:54:09.001673,2026-09-24 02:55:53.928376,1.74877838293711,"OK"
"boletim_ 26_07_2023 .RData","RIBEIRÃO PRETO",2026-09-24 02:55:54.010527,2026-09-24 02:57:25.314143,1.52172693411509,"OK"
"boletim_ 26_07_2023 .RData","PIRACICABA",2026-09-24 02:57:25.314758,2026-09-24 02:58:32.064208,1.11249083280563,"OK"
"boletim_ 26_07_2023 .RData","SOROCABA",2026-09-24 02:58:32.065287,2026-09-24 02:59:26.559318,0.90823384920756,"OK"
"boletim_ 26_07_2023 .RData","ARARAQUARA",2026-09-24 02:59:26.560326,2026-09-24 03:00:02.318858,0.595975530147552,"OK"
"boletim_ 26_07_2023 .RData","PRESIDENTE PRUDENTE",2026-09-24 02:54:09.018356,2026-09-24 02:54:52.753427,0.728917849063873,"OK"
"boletim_ 26_07_2023 .RData","SÃO JOÃO DA BOA VISTA",2026-09-24 02:54:52.906779,2026-09-24 02:55:52.832971,0.998769867420197,"OK"
"boletim_ 26_07_2023 .RData","REGISTRO",2026-09-24 02:55:52.833718,2026-09-24 02:56:49.765492,0.948862898349762,"OK"
"boletim_ 26_07_2023 .RData","FRANCA",2026-09-24 02:56:49.766537,2026-09-24 02:57:42.072669,0.871768867969513,"OK"
"boletim_ 30_08_2023 .RData","CAMPINAS",2026-09-24 03:01:40.194587,2026-09-24 03:02:58.571459,1.30628120104472,"OK"
"boletim_ 30_08_2023 .RData","GRANDE SÃO PAULO",2026-09-24 03:02:58.70481,2026-09-24 03:05:41.187739,2.70804881652196,"OK"
"boletim_ 30_08_2023 .RData","SÃO JOSÉ DO RIO PRETO",2026-09-24 03:05:41.188417,2026-09-24 03:07:11.359093,1.50284459988276,"OK"
"boletim_ 30_08_2023 .RData","BAIXADA SANTISTA",2026-09-24 03:07:11.360183,2026-09-24 03:08:17.388111,1.10046546856562,"OK"
"boletim_ 30_08_2023 .RData","BARRETOS",2026-09-24 03:01:40.224964,2026-09-24 03:02:11.150286,0.515422034263611,"OK"
"boletim_ 30_08_2023 .RData","BAURU",2026-09-24 03:02:11.269196,2026-09-24 03:03:45.405585,1.56893981695175,"OK"
"boletim_ 30_08_2023 .RData","TAUBATÉ",2026-09-24 03:03:45.406516,2026-09-24 03:05:32.320354,1.78189729849497,"OK"
"boletim_ 30_08_2023 .RData","ARAÇATUBA",2026-09-24 03:05:32.321728,2026-09-24 03:06:33.231238,1.0151584982872,"OK"
"boletim_ 30_08_2023 .RData","MARÍLIA",2026-09-24 03:01:40.245699,2026-09-24 03:03:09.682435,1.49061226844788,"OK"
"boletim_ 30_08_2023 .RData","RIBEIRÃO PRETO",2026-09-24 03:03:09.871037,2026-09-24 03:04:37.686283,1.46358743508657,"OK"
"boletim_ 30_08_2023 .RData","PIRACICABA",2026-09-24 03:04:37.68689,2026-09-24 03:05:50.491526,1.21341060002645,"OK"
"boletim_ 30_08_2023 .RData","SOROCABA",2026-09-24 03:05:50.4922,2026-09-24 03:06:47.428739,0.948942319552104,"OK"
"boletim_ 30_08_2023 .RData","ARARAQUARA",2026-09-24 03:06:47.429359,2026-09-24 03:07:27.670849,0.670691502094269,"OK"
"boletim_ 30_08_2023 .RData","PRESIDENTE PRUDENTE",2026-09-24 03:01:40.266082,2026-09-24 03:08:05.798761,6.42554464737574,"OK"
"boletim_ 30_08_2023 .RData","SÃO JOÃO DA BOA VISTA",2026-09-24 03:08:05.897898,2026-09-24 03:08:37.530988,0.527218166987101,"OK"
"boletim_ 30_08_2023 .RData","REGISTRO",2026-09-24 03:08:37.53153,2026-09-24 03:09:22.028675,0.741619086265564,"OK"
"boletim_ 30_08_2023 .RData","FRANCA",2026-09-24 03:09:22.029509,2026-09-24 03:09:51.077981,0.484141198794047,"OK"
"boletim_ 31_05_2023 .RData","CAMPINAS",2026-09-24 03:10:33.606581,2026-09-24 03:12:16.880095,1.72122523387273,"OK"
"boletim_ 31_05_2023 .RData","GRANDE SÃO PAULO",2026-09-24 03:12:16.957186,2026-09-24 03:14:12.820741,1.93105924924215,"OK"
"boletim_ 31_05_2023 .RData","SÃO JOSÉ DO RIO PRETO",2026-09-24 03:14:12.821347,2026-09-24 03:15:23.283571,1.17437040011088,"OK"
"boletim_ 31_05_2023 .RData","BAIXADA SANTISTA",2026-09-24 03:15:23.284145,2026-09-24 03:16:13.054688,0.829509047667185,"OK"
"boletim_ 31_05_2023 .RData","BARRETOS",2026-09-24 03:10:33.631685,2026-09-24 03:11:07.631063,0.566656299432119,"OK"
"boletim_ 31_05_2023 .RData","BAURU",2026-09-24 03:11:07.713959,2026-09-24 03:12:45.890548,1.63627648353577,"OK"
"boletim_ 31_05_2023 .RData","TAUBATÉ",2026-09-24 03:12:45.891121,2026-09-24 03:14:10.216681,1.40542600154877,"OK"
"boletim_ 31_05_2023 .RData","ARAÇATUBA",2026-09-24 03:14:10.217248,2026-09-24 03:15:04.462456,0.904086800416311,"OK"
"boletim_ 31_05_2023 .RData","MARÍLIA",2026-09-24 03:10:33.647957,2026-09-24 03:11:50.468283,1.28033876419067,"OK"
"boletim_ 31_05_2023 .RData","RIBEIRÃO PRETO",2026-09-24 03:11:50.546129,2026-09-24 03:13:15.775378,1.42048748334249,"OK"
"boletim_ 31_05_2023 .RData","PIRACICABA",2026-09-24 03:13:15.776116,2026-09-24 03:14:30.169774,1.23989430268606,"OK"
"boletim_ 31_05_2023 .RData","SOROCABA",2026-09-24 03:14:30.17046,2026-09-24 03:20:01.119141,5.51581135193507,"OK"
"boletim_ 31_05_2023 .RData","ARARAQUARA",2026-09-24 03:20:01.11968,2026-09-24 03:20:41.18428,0.667743333180745,"OK"
"boletim_ 31_05_2023 .RData","PRESIDENTE PRUDENTE",2026-09-24 03:10:33.663496,2026-09-24 03:11:11.062933,0.62332394917806,"OK"
"boletim_ 31_05_2023 .RData","SÃO JOÃO DA BOA VISTA",2026-09-24 03:11:11.135912,2026-09-24 03:11:59.622868,0.808115935325623,"OK"
"boletim_ 31_05_2023 .RData","REGISTRO",2026-09-24 03:11:59.623509,2026-09-24 03:12:57.862544,0.970650585492452,"OK"
"boletim_ 31_05_2023 .RData","FRANCA",2026-09-24 03:12:57.863206,2026-09-24 03:13:41.883916,0.733678499857585,"OK"
"boletim_2024-02-07.RData","CAMPINAS",2026-09-24 03:21:08.252812,2026-09-24 03:22:22.334056,1.2346873998642,"OK"
"boletim_2024-02-07.RData","GRANDE SÃO PAULO",2026-09-24 03:22:22.44537,2026-09-24 03:24:07.297649,1.74753798246384,"OK"
"boletim_2024-02-07.RData","SÃO JOSÉ DO RIO PRETO",2026-09-24 03:24:07.298537,2026-09-24 03:25:09.614357,1.03859699964523,"OK"
"boletim_2024-02-07.RData","BAIXADA SANTISTA",2026-09-24 03:25:09.615079,2026-09-24 03:26:02.043257,0.873802967866262,"OK"
"boletim_2024-02-07.RData","BARRETOS",2026-09-24 03:21:08.576538,2026-09-24 03:21:33.592291,0.416929217179616,"OK"
"boletim_2024-02-07.RData","BAURU",2026-09-24 03:21:33.668733,2026-09-24 03:22:36.107938,1.04065341949463,"OK"
"boletim_2024-02-07.RData","TAUBATÉ",2026-09-24 03:22:36.108555,2026-09-24 03:23:47.110624,1.18336781660716,"OK"
"boletim_2024-02-07.RData","ARAÇATUBA",2026-09-24 03:23:47.111267,2026-09-24 03:24:22.592257,0.591349832216899,"OK"
"boletim_2024-02-07.RData","MARÍLIA",2026-09-24 03:21:08.589949,2026-09-24 03:21:59.090306,0.841672619183858,"OK"
"boletim_2024-02-07.RData","RIBEIRÃO PRETO",2026-09-24 03:21:59.176571,2026-09-24 03:23:07.15046,1.13289815187454,"OK"
"boletim_2024-02-07.RData","PIRACICABA",2026-09-24 03:23:07.152698,2026-09-24 03:23:49.018598,0.697765000661214,"OK"
"boletim_2024-02-07.RData","SOROCABA",2026-09-24 03:23:49.019317,2026-09-24 03:24:34.40515,0.756430550416311,"OK"
"boletim_2024-02-07.RData","ARARAQUARA",2026-09-24 03:24:34.405753,2026-09-24 03:25:04.630313,0.503742667039235,"OK"
"boletim_2024-02-07.RData","PRESIDENTE PRUDENTE",2026-09-24 03:21:08.604383,2026-09-24 03:21:31.84364,0.387320951620738,"OK"
"boletim_2024-02-07.RData","SÃO JOÃO DA BOA VISTA",2026-09-24 03:21:31.97973,2026-09-24 03:22:04.454829,0.541251651446025,"OK"
"boletim_2024-02-07.RData","REGISTRO",2026-09-24 03:22:04.455679,2026-09-24 03:22:45.495483,0.683996733029683,"OK"
"boletim_2024-02-07.RData","FRANCA",2026-09-24 03:22:45.496366,2026-09-24 03:23:20.674421,0.586300917466481,"OK"
"boletim_2024-02-14.RData","CAMPINAS",2026-09-24 03:26:26.484751,2026-09-24 03:27:34.679668,1.13658194939295,"OK"
"boletim_2024-02-14.RData","GRANDE SÃO PAULO",2026-09-24 03:27:34.745611,2026-09-24 03:29:14.746997,1.66668976942698,"OK"
"boletim_2024-02-14.RData","SÃO JOSÉ DO RIO PRETO",2026-09-24 03:29:14.747587,2026-09-24 03:30:13.634912,0.981455417474111,"OK"
"boletim_2024-02-14.RData","BAIXADA SANTISTA",2026-09-24 03:30:13.635487,2026-09-24 03:31:03.701221,0.834428898493449,"OK"
"boletim_2024-02-14.RData","BARRETOS",2026-09-24 03:26:26.503799,2026-09-24 03:26:54.623694,0.468664916356405,"OK"
"boletim_2024-02-14.RData","BAURU",2026-09-24 03:26:54.704358,2026-09-24 03:27:46.037359,0.855550014972687,"OK"
"boletim_2024-02-14.RData","TAUBATÉ",2026-09-24 03:27:46.037989,2026-09-24 03:28:49.980804,1.06571358442307,"OK"
"boletim_2024-02-14.RData","ARAÇATUBA",2026-09-24 03:28:49.981435,2026-09-24 03:29:29.50404,0.65871008237203,"OK"
"boletim_2024-02-14.RData","MARÍLIA",2026-09-24 03:26:26.517616,2026-09-24 03:27:14.757303,0.803994782765706,"OK"
"boletim_2024-02-14.RData","RIBEIRÃO PRETO",2026-09-24 03:27:14.817954,2026-09-24 03:28:20.847628,1.1004945675532,"OK"
"boletim_2024-02-14.RData","PIRACICABA",2026-09-24 03:28:20.848567,2026-09-24 03:29:01.668521,0.680332565307617,"OK"
"boletim_2024-02-14.RData","SOROCABA",2026-09-24 03:29:01.669357,2026-09-24 03:29:51.62454,0.83258638381958,"OK"
"boletim_2024-02-14.RData","ARARAQUARA",2026-09-24 03:29:51.625325,2026-09-24 03:30:24.834392,0.553484451770782,"OK"
"boletim_2024-02-14.RData","PRESIDENTE PRUDENTE",2026-09-24 03:26:26.531876,2026-09-24 03:26:49.050151,0.375304583708445,"OK"
"boletim_2024-02-14.RData","SÃO JOÃO DA BOA VISTA",2026-09-24 03:26:49.120324,2026-09-24 03:27:22.789295,0.561149517695109,"OK"
"boletim_2024-02-14.RData","REGISTRO",2026-09-24 03:27:22.790753,2026-09-24 03:27:59.691412,0.615010984738668,"OK"
"boletim_2024-02-14.RData","FRANCA",2026-09-24 03:27:59.692307,2026-09-24 03:28:32.380816,0.544808483123779,"OK"
"boletim_2024-02-28.RData","CAMPINAS",2026-09-24 03:31:23.914977,2026-09-24 03:32:57.97988,1.56774838368098,"OK"
"boletim_2024-02-28.RData","GRANDE SÃO PAULO",2026-09-24 03:32:58.04555,2026-09-24 03:35:20.179791,2.36890401442846,"OK"
"boletim_2024-02-28.RData","SÃO JOSÉ DO RIO PRETO",2026-09-24 03:35:20.180367,2026-09-24 03:36:31.70623,1.19209771553675,"OK"
"boletim_2024-02-28.RData","BAIXADA SANTISTA",2026-09-24 03:36:31.70688,2026-09-24 03:37:28.482277,0.946256613731384,"OK"
"boletim_2024-02-28.RData","BARRETOS",2026-09-24 03:31:23.939192,2026-09-24 03:32:04.113123,0.66956551472346,"OK"
"boletim_2024-02-28.RData","BAURU",2026-09-24 03:32:04.183032,2026-09-24 03:33:03.591665,0.990143883228302,"OK"
"boletim_2024-02-28.RData","TAUBATÉ",2026-09-24 03:33:03.592698,2026-09-24 03:34:26.031716,1.37398363351822,"OK"
"boletim_2024-02-28.RData","ARAÇATUBA",2026-09-24 03:34:26.032393,2026-09-24 03:35:18.523135,0.874845699469249,"OK"
"boletim_2024-02-28.RData","MARÍLIA",2026-09-24 03:31:23.96291,2026-09-24 03:32:27.600252,1.06062236626943,"OK"
"boletim_2024-02-28.RData","RIBEIRÃO PRETO",2026-09-24 03:32:27.689739,2026-09-24 03:33:43.875057,1.26975529988607,"OK"
"boletim_2024-02-28.RData","PIRACICABA",2026-09-24 03:33:43.875622,2026-09-24 03:34:44.159793,1.00473618110021,"OK"
"boletim_2024-02-28.RData","SOROCABA",2026-09-24 03:34:44.160448,2026-09-24 03:35:35.616514,0.857601098219554,"OK"
"boletim_2024-02-28.RData","ARARAQUARA",2026-09-24 03:35:35.617117,2026-09-24 03:36:20.197818,0.743011685212453,"OK"
"boletim_2024-02-28.RData","PRESIDENTE PRUDENTE",2026-09-24 03:31:23.983346,2026-09-24 03:32:01.17103,0.619794734319051,"OK"
"boletim_2024-02-28.RData","SÃO JOÃO DA BOA VISTA",2026-09-24 03:32:01.251319,2026-09-24 03:32:49.226555,0.799587269624074,"OK"
"boletim_2024-02-28.RData","REGISTRO",2026-09-24 03:32:49.227355,2026-09-24 03:33:27.287704,0.634339149792989,"OK"
"boletim_2024-02-28.RData","FRANCA",2026-09-24 03:33:27.288506,2026-09-24 03:34:05.762009,0.64122504790624,"OK"
"boletim_2024-03-06.RData","CAMPINAS",2026-09-24 03:37:55.156177,2026-09-24 03:39:39.830378,1.74457001686096,"OK"
"boletim_2024-03-06.RData","GRANDE SÃO PAULO",2026-09-24 03:39:39.906963,2026-09-24 03:42:16.211275,2.6050718665123,"OK"
"boletim_2024-03-06.RData","SÃO JOSÉ DO RIO PRETO",2026-09-24 03:42:16.211825,2026-09-24 03:43:30.523642,1.23853028615316,"OK"
"boletim_2024-03-06.RData","BAIXADA SANTISTA",2026-09-24 03:43:30.524223,2026-09-24 03:44:39.396342,1.14786864916484,"OK"
"boletim_2024-03-06.RData","BARRETOS",2026-09-24 03:37:55.181437,2026-09-24 03:38:41.121092,0.765660917758942,"OK"
"boletim_2024-03-06.RData","BAURU",2026-09-24 03:38:41.188132,2026-09-24 03:39:50.702261,1.15856881539027,"OK"
"boletim_2024-03-06.RData","TAUBATÉ",2026-09-24 03:39:50.702919,2026-09-24 03:41:11.58195,1.34798384904861,"OK"
"boletim_2024-03-06.RData","ARAÇATUBA",2026-09-24 03:41:11.582582,2026-09-24 03:42:11.224466,0.994031401475271,"OK"
"boletim_2024-03-06.RData","MARÍLIA",2026-09-24 03:37:55.50398,2026-09-24 03:38:58.403402,1.04832370281219,"OK"
"boletim_2024-03-06.RData","RIBEIRÃO PRETO",2026-09-24 03:38:58.493908,2026-09-24 03:40:24.580749,1.43478068510691,"OK"
"boletim_2024-03-06.RData","PIRACICABA",2026-09-24 03:40:24.581642,2026-09-24 03:41:30.175742,1.09323499997457,"OK"
"boletim_2024-03-06.RData","SOROCABA",2026-09-24 03:41:30.176502,2026-09-24 03:42:34.418214,1.07069520155589,"OK"
"boletim_2024-03-06.RData","ARARAQUARA",2026-09-24 03:42:34.41878,2026-09-24 03:43:27.125142,0.878439366817474,"OK"
"boletim_2024-03-06.RData","PRESIDENTE PRUDENTE",2026-09-24 03:37:55.517578,2026-09-24 03:38:40.516109,0.749975518385569,"OK"
"boletim_2024-03-06.RData","SÃO JOÃO DA BOA VISTA",2026-09-24 03:38:40.60205,2026-09-24 03:39:31.129699,0.842127482096354,"OK"
"boletim_2024-03-06.RData","REGISTRO",2026-09-24 03:39:31.130287,2026-09-24 03:40:16.490509,0.756003701686859,"OK"
"boletim_2024-03-06.RData","FRANCA",2026-09-24 03:40:16.491128,2026-09-24 03:40:54.132298,0.627352833747864,"OK"
"boletim_2024-03-13.RData","CAMPINAS",2026-09-24 03:45:03.930817,2026-09-24 03:47:08.28551,2.0725782195727,"OK"
"boletim_2024-03-13.RData","GRANDE SÃO PAULO",2026-09-24 03:47:08.360517,2026-09-24 03:49:53.466294,2.75176295042038,"OK"
"boletim_2024-03-13.RData","SÃO JOSÉ DO RIO PRETO",2026-09-24 03:49:53.467052,2026-09-24 03:51:18.830139,1.42271811564763,"OK"
"boletim_2024-03-13.RData","BAIXADA SANTISTA",2026-09-24 03:51:18.830803,2026-09-24 03:52:33.256043,1.24042066733042,"OK"
"boletim_2024-03-13.RData","BARRETOS",2026-09-24 03:45:04.250935,2026-09-24 03:45:53.571826,0.822014848391215,"OK"
"boletim_2024-03-13.RData","BAURU",2026-09-24 03:45:53.646611,2026-09-24 03:47:05.825659,1.20298413435618,"OK"
"boletim_2024-03-13.RData","TAUBATÉ",2026-09-24 03:47:05.826313,2026-09-24 03:48:31.307503,1.4246864994367,"OK"
"boletim_2024-03-13.RData","ARAÇATUBA",2026-09-24 03:48:31.308459,2026-09-24 03:49:33.565713,1.03762089808782,"OK"
"boletim_2024-03-13.RData","MARÍLIA",2026-09-24 03:45:04.266653,2026-09-24 03:46:12.999269,1.14554359912872,"OK"
"boletim_2024-03-13.RData","RIBEIRÃO PRETO",2026-09-24 03:46:13.06553,2026-09-24 03:47:42.235638,1.48616846402486,"OK"
"boletim_2024-03-13.RData","PIRACICABA",2026-09-24 03:47:42.236242,2026-09-24 03:48:48.319195,1.10138254960378,"OK"
"boletim_2024-03-13.RData","SOROCABA",2026-09-24 03:48:48.319867,2026-09-24 03:50:03.904977,1.25975183645884,"OK"
"boletim_2024-03-13.RData","ARARAQUARA",2026-09-24 03:50:03.905758,2026-09-24 03:51:05.209425,1.02172778447469,"OK"
"boletim_2024-03-13.RData","PRESIDENTE PRUDENTE",2026-09-24 03:45:04.28356,2026-09-24 03:45:57.44968,0.886102000872294,"OK"
"boletim_2024-03-13.RData","SÃO JOÃO DA BOA VISTA",2026-09-24 03:45:57.540723,2026-09-24 03:51:54.230865,5.94483569860458,"OK"
"boletim_2024-03-13.RData","REGISTRO",2026-09-24 03:51:54.231496,2026-09-24 03:52:35.149278,0.681963030497233,"OK"
"boletim_2024-03-13.RData","FRANCA",2026-09-24 03:52:35.149813,2026-09-24 03:53:05.833882,0.511401152610779,"OK"
"boletim_2024-03-18.RData","CAMPINAS",2026-09-24 03:53:31.634128,2026-09-24 03:55:30.928636,1.98824179967244,"OK"
"boletim_2024-03-18.RData","GRANDE SÃO PAULO",2026-09-24 03:55:31.025977,2026-09-24 03:58:31.92017,3.01490321954091,"OK"
"boletim_2024-03-18.RData","SÃO JOSÉ DO RIO PRETO",2026-09-24 03:58:31.921128,2026-09-24 03:59:50.205819,1.30474484761556,"OK"
"boletim_2024-03-18.RData","BAIXADA SANTISTA",2026-09-24 03:59:50.206779,2026-09-24 04:01:07.216903,1.28350206613541,"OK"
"boletim_2024-03-18.RData","BARRETOS",2026-09-24 03:53:31.664683,2026-09-24 03:54:23.650933,0.866437498728434,"OK"
"boletim_2024-03-18.RData","BAURU",2026-09-24 03:54:23.76652,2026-09-24 03:56:04.961226,1.68657843271891,"OK"
"boletim_2024-03-18.RData","TAUBATÉ",2026-09-24 03:56:04.961834,2026-09-24 03:57:45.631369,1.67782558600108,"OK"
"boletim_2024-03-18.RData","ARAÇATUBA",2026-09-24 03:57:45.63223,2026-09-24 03:58:47.426032,1.02989670038223,"OK"
"boletim_2024-03-18.RData","MARÍLIA",2026-09-24 03:53:31.68463,2026-09-24 03:54:52.896296,1.35352776845296,"OK"
"boletim_2024-03-18.RData","RIBEIRÃO PRETO",2026-09-24 03:54:52.986699,2026-09-24 03:56:46.180239,1.88655899763107,"OK"
"boletim_2024-03-18.RData","PIRACICABA",2026-09-24 03:56:46.181122,2026-09-24 03:58:04.105966,1.29874740044276,"OK"
"boletim_2024-03-18.RData","SOROCABA",2026-09-24 03:58:04.106688,2026-09-24 03:59:17.094508,1.21646366516749,"OK"
"boletim_2024-03-18.RData","ARARAQUARA",2026-09-24 03:59:17.09508,2026-09-24 04:00:21.757415,1.07770558595657,"OK"
"boletim_2024-03-18.RData","PRESIDENTE PRUDENTE",2026-09-24 03:53:31.697691,2026-09-24 03:54:42.477685,1.17966656684875,"OK"
"boletim_2024-03-18.RData","SÃO JOÃO DA BOA VISTA",2026-09-24 03:54:42.56952,2026-09-24 03:55:57.019525,1.24083341757456,"OK"
"boletim_2024-03-18.RData","REGISTRO",2026-09-24 03:55:57.020145,2026-09-24 03:56:52.020042,0.916664950052897,"OK"
"boletim_2024-03-18.RData","FRANCA",2026-09-24 03:56:52.020687,2026-09-24 03:57:30.245914,0.637087114651998,"OK"
"boletim_2024-03-20.RData","CAMPINAS",2026-09-24 04:01:32.972574,2026-09-24 04:04:04.836956,2.53107303380966,"OK"
"boletim_2024-03-20.RData","GRANDE SÃO PAULO",2026-09-24 04:04:04.911123,2026-09-24 04:06:57.632747,2.87869373162587,"OK"
"boletim_2024-03-20.RData","SÃO JOSÉ DO RIO PRETO",2026-09-24 04:06:57.633352,2026-09-24 04:08:12.451467,1.24696858326594,"OK"
"boletim_2024-03-20.RData","BAIXADA SANTISTA",2026-09-24 04:08:12.452056,2026-09-24 04:09:25.861824,1.22349613507589,"OK"
"boletim_2024-03-20.RData","BARRETOS",2026-09-24 04:01:32.998749,2026-09-24 04:02:21.869491,0.814512368043264,"OK"
"boletim_2024-03-20.RData","BAURU",2026-09-24 04:02:22.344781,2026-09-24 04:04:01.160949,1.64693613449732,"OK"
"boletim_2024-03-20.RData","TAUBATÉ",2026-09-24 04:04:01.163219,2026-09-24 04:05:40.600992,1.65729621648788,"OK"
"boletim_2024-03-20.RData","ARAÇATUBA",2026-09-24 04:05:40.601742,2026-09-24 04:06:38.555548,0.965896765391032,"OK"
"boletim_2024-03-20.RData","MARÍLIA",2026-09-24 04:01:33.011912,2026-09-24 04:02:55.927599,1.38192811409632,"OK"
"boletim_2024-03-20.RData","RIBEIRÃO PRETO",2026-09-24 04:02:56.008959,2026-09-24 04:04:40.561512,1.74254254897436,"OK"
"boletim_2024-03-20.RData","PIRACICABA",2026-09-24 04:04:40.562374,2026-09-24 04:06:04.202117,1.39399571418762,"OK"
"boletim_2024-03-20.RData","SOROCABA",2026-09-24 04:06:04.202828,2026-09-24 04:07:17.124794,1.21536610126495,"OK"
"boletim_2024-03-20.RData","ARARAQUARA",2026-09-24 04:07:17.125356,2026-09-24 04:08:20.921092,1.06326226790746,"OK"
"boletim_2024-03-20.RData","PRESIDENTE PRUDENTE",2026-09-24 04:01:33.024637,2026-09-24 04:02:45.588713,1.20940126578013,"OK"
"boletim_2024-03-20.RData","SÃO JOÃO DA BOA VISTA",2026-09-24 04:02:45.676262,2026-09-24 04:04:01.745633,1.26782284975052,"OK"
"boletim_2024-03-20.RData","REGISTRO",2026-09-24 04:04:01.74803,2026-09-24 04:04:56.014135,0.904435082276662,"OK"
"boletim_2024-03-20.RData","FRANCA",2026-09-24 04:04:56.014996,2026-09-24 04:05:42.773984,0.779316465059916,"OK"
"boletim_2024-03-27.RData","CAMPINAS",2026-09-24 04:09:52.394806,2026-09-24 04:11:57.923697,2.09214818477631,"OK"
"boletim_2024-03-27.RData","GRANDE SÃO PAULO",2026-09-24 04:11:58.023115,2026-09-24 04:14:40.777357,2.71257070302963,"OK"
"boletim_2024-03-27.RData","SÃO JOSÉ DO RIO PRETO",2026-09-24 04:14:40.778112,2026-09-24 04:16:11.395564,1.51029086907705,"OK"
"boletim_2024-03-27.RData","BAIXADA SANTISTA",2026-09-24 04:16:11.396136,2026-09-24 04:17:20.474276,1.15130233367284,"OK"
"boletim_2024-03-27.RData","BARRETOS",2026-09-24 04:09:52.411367,2026-09-24 04:10:47.342318,0.915515851974487,"OK"
"boletim_2024-03-27.RData","BAURU",2026-09-24 04:10:47.478602,2026-09-24 04:12:26.027133,1.64247551759084,"OK"
"boletim_2024-03-27.RData","TAUBATÉ",2026-09-24 04:12:26.028331,2026-09-24 04:14:17.820318,1.86319978237152,"OK"
"boletim_2024-03-27.RData","ARAÇATUBA",2026-09-24 04:14:17.821149,2026-09-24 04:15:09.275487,0.857572297255198,"OK"
"boletim_2024-03-27.RData","MARÍLIA",2026-09-24 04:09:52.426841,2026-09-24 04:11:16.754641,1.40546333392461,"OK"
"boletim_2024-03-27.RData","RIBEIRÃO PRETO",2026-09-24 04:11:16.834921,2026-09-24 04:12:52.326527,1.59152677059174,"OK"
"boletim_2024-03-27.RData","PIRACICABA",2026-09-24 04:12:52.327393,2026-09-24 04:14:15.098059,1.37951109806697,"OK"
"boletim_2024-03-27.RData","SOROCABA",2026-09-24 04:14:15.098688,2026-09-24 04:15:26.463545,1.18941428661346,"OK"
"boletim_2024-03-27.RData","ARARAQUARA",2026-09-24 04:15:26.464113,2026-09-24 04:16:34.688033,1.1370653351148,"OK"
"boletim_2024-03-27.RData","PRESIDENTE PRUDENTE",2026-09-24 04:09:52.442772,2026-09-24 04:10:59.351626,1.11514756679535,"OK"
"boletim_2024-03-27.RData","SÃO JOÃO DA BOA VISTA",2026-09-24 04:10:59.457235,2026-09-24 04:12:13.255943,1.22997846603394,"OK"
"boletim_2024-03-27.RData","REGISTRO",2026-09-24 04:12:13.256601,2026-09-24 04:13:20.12023,1.11439381440481,"OK"
"boletim_2024-03-27.RData","FRANCA",2026-09-24 04:13:20.121577,2026-09-24 04:14:06.232306,0.768512149651845,"OK"
"boletim_2024-04-10.RData","CAMPINAS",2026-09-24 04:17:46.175768,2026-09-24 04:19:42.693257,1.94195815324783,"OK"
"boletim_2024-04-10.RData","GRANDE SÃO PAULO",2026-09-24 04:19:42.752634,2026-09-24 04:22:28.222566,2.75783219734828,"OK"
"boletim_2024-04-10.RData","SÃO JOSÉ DO RIO PRETO",2026-09-24 04:22:28.22327,2026-09-24 04:23:43.301486,1.25130360126495,"OK"
"boletim_2024-04-10.RData","BAIXADA SANTISTA",2026-09-24 04:23:43.302056,2026-09-24 04:24:44.818595,1.02527564764023,"OK"
"boletim_2024-04-10.RData","BARRETOS",2026-09-24 04:17:46.498814,2026-09-24 04:18:26.767767,0.671149214108785,"OK"
"boletim_2024-04-10.RData","BAURU",2026-09-24 04:18:26.856146,2026-09-24 04:20:04.417506,1.62602266470591,"OK"
"boletim_2024-04-10.RData","TAUBATÉ",2026-09-24 04:20:04.418403,2026-09-24 04:21:48.485422,1.73445031642914,"OK"
"boletim_2024-04-10.RData","ARAÇATUBA",2026-09-24 04:21:48.486098,2026-09-24 04:22:53.506635,1.08367561499278,"OK"
"boletim_2024-04-10.RData","MARÍLIA",2026-09-24 04:17:46.197297,2026-09-24 04:19:12.209107,1.43353016376495,"OK"
"boletim_2024-04-10.RData","RIBEIRÃO PRETO",2026-09-24 04:19:12.27295,2026-09-24 04:20:41.101297,1.48047244946162,"OK"
"boletim_2024-04-10.RData","PIRACICABA",2026-09-24 04:20:41.102694,2026-09-24 04:22:10.999081,1.49827311436335,"OK"
"boletim_2024-04-10.RData","SOROCABA",2026-09-24 04:22:11.001401,2026-09-24 04:23:32.917531,1.36526883443197,"OK"
"boletim_2024-04-10.RData","ARARAQUARA",2026-09-24 04:23:32.918077,2026-09-24 04:24:24.603229,0.861419200897217,"OK"
"boletim_2024-04-10.RData","PRESIDENTE PRUDENTE",2026-09-24 04:17:46.208764,2026-09-24 04:18:40.846637,0.910631215572357,"OK"
"boletim_2024-04-10.RData","SÃO JOÃO DA BOA VISTA",2026-09-24 04:18:40.926504,2026-09-24 04:19:51.618887,1.17820638418198,"OK"
"boletim_2024-04-10.RData","REGISTRO",2026-09-24 04:19:51.619852,2026-09-24 04:21:05.223626,1.22672956387202,"OK"
"boletim_2024-04-10.RData","FRANCA",2026-09-24 04:21:05.224254,2026-09-24 04:22:08.734932,1.0585113008817,"OK"
"boletim_2024-04-17.RData","CAMPINAS",2026-09-24 04:25:10.135595,2026-09-24 04:27:26.234971,2.26832293272018,"OK"
"boletim_2024-04-17.RData","GRANDE SÃO PAULO",2026-09-24 04:27:26.330212,2026-09-24 04:30:19.241129,2.88184861342112,"OK"
"boletim_2024-04-17.RData","SÃO JOSÉ DO RIO PRETO",2026-09-24 04:30:19.241726,2026-09-24 04:31:28.230447,1.14981201887131,"OK"
"boletim_2024-04-17.RData","BAIXADA SANTISTA",2026-09-24 04:31:28.231003,2026-09-24 04:32:24.123877,0.931547900040944,"OK"
"boletim_2024-04-17.RData","BARRETOS",2026-09-24 04:25:10.152812,2026-09-24 04:25:47.601654,0.624147367477417,"OK"
"boletim_2024-04-17.RData","BAURU",2026-09-24 04:25:47.667904,2026-09-24 04:27:34.724416,1.78427520195643,"OK"
"boletim_2024-04-17.RData","TAUBATÉ",2026-09-24 04:27:34.725709,2026-09-24 04:29:09.319108,1.57655665079753,"OK"
"boletim_2024-04-17.RData","ARAÇATUBA",2026-09-24 04:29:09.320117,2026-09-24 04:30:00.770358,0.857504018147786,"OK"
"boletim_2024-04-17.RData","MARÍLIA",2026-09-24 04:25:10.169583,2026-09-24 04:26:35.809351,1.42732946475347,"OK"
"boletim_2024-04-17.RData","RIBEIRÃO PRETO",2026-09-24 04:26:35.900465,2026-09-24 04:28:05.240271,1.48899676799774,"OK"
"boletim_2024-04-17.RData","PIRACICABA",2026-09-24 04:28:05.240953,2026-09-24 04:29:28.177065,1.38226853211721,"OK"
"boletim_2024-04-17.RData","SOROCABA",2026-09-24 04:29:28.177653,2026-09-24 04:30:41.640078,1.22437374989192,"OK"
"boletim_2024-04-17.RData","ARARAQUARA",2026-09-24 04:30:41.640641,2026-09-24 04:31:33.136704,0.858267716566722,"OK"
"boletim_2024-04-17.RData","PRESIDENTE PRUDENTE",2026-09-24 04:25:10.181268,2026-09-24 04:26:01.314479,0.852220185597738,"OK"
"boletim_2024-04-17.RData","SÃO JOÃO DA BOA VISTA",2026-09-24 04:26:01.402832,2026-09-24 04:27:09.688324,1.13809153238932,"OK"
"boletim_2024-04-17.RData","REGISTRO",2026-09-24 04:27:09.688935,2026-09-24 04:28:17.571615,1.13137799898783,"OK"
"boletim_2024-04-17.RData","FRANCA",2026-09-24 04:28:17.572232,2026-09-24 04:29:17.028617,0.990939748287201,"OK"
"boletim_2024-04-23.RData","CAMPINAS",2026-09-24 04:32:50.099744,2026-09-24 04:35:04.020026,2.23200469811757,"OK"
"boletim_2024-04-23.RData","GRANDE SÃO PAULO",2026-09-24 04:35:04.086613,2026-09-24 04:37:33.465508,2.48964825073878,"OK"
"boletim_2024-04-23.RData","SÃO JOSÉ DO RIO PRETO",2026-09-24 04:37:33.467053,2026-09-24 04:38:51.894121,1.30711779991786,"OK"
"boletim_2024-04-23.RData","BAIXADA SANTISTA",2026-09-24 04:38:51.894704,2026-09-24 04:39:47.98647,0.934862764676412,"OK"
"boletim_2024-04-23.RData","BARRETOS",2026-09-24 04:32:50.115684,2026-09-24 04:33:22.692109,0.542940417925517,"OK"
"boletim_2024-04-23.RData","BAURU",2026-09-24 04:33:22.750025,2026-09-24 04:35:00.40895,1.62764875094096,"OK"
"boletim_2024-04-23.RData","TAUBATÉ",2026-09-24 04:35:00.410111,2026-09-24 04:36:37.154178,1.61240111589432,"OK"
"boletim_2024-04-23.RData","ARAÇATUBA",2026-09-24 04:36:37.155169,2026-09-24 04:37:36.057429,0.981704334417979,"OK"
"boletim_2024-04-23.RData","MARÍLIA",2026-09-24 04:32:50.129503,2026-09-24 04:34:21.366522,1.52061698436737,"OK"
"boletim_2024-04-23.RData","RIBEIRÃO PRETO",2026-09-24 04:34:21.429522,2026-09-24 04:35:55.857583,1.57380101680756,"OK"
"boletim_2024-04-23.RData","PIRACICABA",2026-09-24 04:35:55.858157,2026-09-24 04:37:21.516212,1.42763425111771,"OK"
"boletim_2024-04-23.RData","SOROCABA",2026-09-24 04:37:21.516804,2026-09-24 04:38:31.844029,1.1721204161644,"OK"
"boletim_2024-04-23.RData","ARARAQUARA",2026-09-24 04:38:31.844598,2026-09-24 04:39:20.464925,0.81033878326416,"OK"
"boletim_2024-04-23.RData","PRESIDENTE PRUDENTE",2026-09-24 04:32:50.144674,2026-09-24 04:33:25.232808,0.584802234172821,"OK"
"boletim_2024-04-23.RData","SÃO JOÃO DA BOA VISTA",2026-09-24 04:33:25.299944,2026-09-24 04:34:35.400081,1.16833561658859,"OK"
"boletim_2024-04-23.RData","REGISTRO",2026-09-24 04:34:35.400746,2026-09-24 04:35:44.50087,1.15166873137156,"OK"
"boletim_2024-04-23.RData","FRANCA",2026-09-24 04:35:44.5015,2026-09-24 04:36:46.726667,1.03708611726761,"OK"
"boletim_2024-05-06.RData","CAMPINAS",2026-09-24 04:40:11.12057,2026-09-24 04:42:14.484059,2.05605815251668,"OK"
"boletim_2024-05-06.RData","GRANDE SÃO PAULO",2026-09-24 04:42:14.560643,2026-09-24 04:44:34.18957,2.32714878320694,"OK"
"boletim_2024-05-06.RData","SÃO JOSÉ DO RIO PRETO",2026-09-24 04:44:34.190225,2026-09-24 04:45:52.188328,1.29996838569641,"OK"
"boletim_2024-05-06.RData","BAIXADA SANTISTA",2026-09-24 04:45:52.188873,2026-09-24 04:46:45.906139,0.895287764072418,"OK"
"boletim_2024-05-06.RData","BARRETOS",2026-09-24 04:40:11.14907,2026-09-24 04:40:48.614621,0.624425848325094,"OK"
"boletim_2024-05-06.RData","BAURU",2026-09-24 04:40:48.689088,2026-09-24 04:42:06.680807,1.2998619834582,"OK"
"boletim_2024-05-06.RData","TAUBATÉ",2026-09-24 04:42:06.681533,2026-09-24 04:43:36.297926,1.4936065475146,"OK"
"boletim_2024-05-06.RData","ARAÇATUBA",2026-09-24 04:43:36.298513,2026-09-24 04:44:34.691093,0.973209667205811,"OK"
"boletim_2024-05-06.RData","MARÍLIA",2026-09-24 04:40:11.47122,2026-09-24 04:41:37.47373,1.43337516784668,"OK"
"boletim_2024-05-06.RData","RIBEIRÃO PRETO",2026-09-24 04:41:37.554077,2026-09-24 04:42:57.816272,1.33770325183868,"OK"
"boletim_2024-05-06.RData","PIRACICABA",2026-09-24 04:42:57.817295,2026-09-24 04:44:13.766762,1.26582444906235,"OK"
"boletim_2024-05-06.RData","SOROCABA",2026-09-24 04:44:13.767588,2026-09-24 04:45:20.772087,1.11674165328344,"OK"
"boletim_2024-05-06.RData","ARARAQUARA",2026-09-24 04:45:20.772655,2026-09-24 04:46:08.793627,0.800349533557892,"OK"
"boletim_2024-05-06.RData","PRESIDENTE PRUDENTE",2026-09-24 04:40:11.485441,2026-09-24 04:40:37.820642,0.438920017083486,"OK"
"boletim_2024-05-06.RData","SÃO JOÃO DA BOA VISTA",2026-09-24 04:40:37.900892,2026-09-24 04:41:32.493428,0.909875599543254,"OK"
"boletim_2024-05-06.RData","REGISTRO",2026-09-24 04:41:32.494446,2026-09-24 04:42:33.150454,1.01093346675237,"OK"
"boletim_2024-05-06.RData","FRANCA",2026-09-24 04:42:33.151138,2026-09-24 04:43:25.353681,0.870042383670807,"OK"
"boletim_2024-05-15.RData","CAMPINAS",2026-09-24 04:47:10.995546,2026-09-24 04:49:07.852793,1.94762078126272,"OK"
"boletim_2024-05-15.RData","GRANDE SÃO PAULO",2026-09-24 04:49:07.949499,2026-09-24 04:51:18.558531,2.17681720256805,"OK"
"boletim_2024-05-15.RData","SÃO JOSÉ DO RIO PRETO",2026-09-24 04:51:18.559953,2026-09-24 04:52:41.115136,1.37591971556346,"OK"
"boletim_2024-05-15.RData","BAIXADA SANTISTA",2026-09-24 04:52:41.11574,2026-09-24 04:53:40.266651,0.985848514238993,"OK"
"boletim_2024-05-15.RData","BARRETOS",2026-09-24 04:47:11.02522,2026-09-24 04:47:54.264261,0.720650684833527,"OK"
"boletim_2024-05-15.RData","BAURU",2026-09-24 04:47:54.371526,2026-09-24 04:49:19.538521,1.41944991747538,"OK"
"boletim_2024-05-15.RData","TAUBATÉ",2026-09-24 04:49:19.539272,2026-09-24 04:50:48.987123,1.49079751571019,"OK"
"boletim_2024-05-15.RData","ARAÇATUBA",2026-09-24 04:50:48.987797,2026-09-24 04:51:56.587715,1.12666529814402,"OK"
"boletim_2024-05-15.RData","MARÍLIA",2026-09-24 04:47:11.043015,2026-09-24 04:48:35.8584,1.41358975172043,"OK"
"boletim_2024-05-15.RData","RIBEIRÃO PRETO",2026-09-24 04:48:35.929331,2026-09-24 04:50:12.799239,1.61449846426646,"OK"
"boletim_2024-05-15.RData","PIRACICABA",2026-09-24 04:50:12.799902,2026-09-24 04:51:22.017014,1.15361853440603,"OK"
"boletim_2024-05-15.RData","SOROCABA",2026-09-24 04:51:22.017725,2026-09-24 04:52:32.915739,1.18163356781006,"OK"
"boletim_2024-05-15.RData","ARARAQUARA",2026-09-24 04:52:32.916356,2026-09-24 04:53:23.275997,0.839327347278595,"OK"
"boletim_2024-05-15.RData","PRESIDENTE PRUDENTE",2026-09-24 04:47:11.055923,2026-09-24 04:47:41.48934,0.507223618030548,"OK"
"boletim_2024-05-15.RData","SÃO JOÃO DA BOA VISTA",2026-09-24 04:47:41.555395,2026-09-24 04:48:35.926052,0.906177620093028,"OK"
"boletim_2024-05-15.RData","REGISTRO",2026-09-24 04:48:35.927112,2026-09-24 04:49:25.166416,0.820655063788096,"OK"
"boletim_2024-05-15.RData","FRANCA",2026-09-24 04:49:25.167412,2026-09-24 04:50:19.164489,0.899951283137004,"OK"
"boletim_2024-05-23.RData","CAMPINAS",2026-09-24 04:54:05.796739,2026-09-24 04:56:18.293429,2.20827816327413,"OK"
"boletim_2024-05-23.RData","GRANDE SÃO PAULO",2026-09-24 04:56:18.359498,2026-09-24 04:58:37.095615,2.31226861476898,"OK"
"boletim_2024-05-23.RData","SÃO JOSÉ DO RIO PRETO",2026-09-24 04:58:37.096215,2026-09-24 05:00:15.228873,1.63554430007935,"OK"
"boletim_2024-05-23.RData","BAIXADA SANTISTA",2026-09-24 05:00:15.229445,2026-09-24 05:01:16.178991,1.01582576831182,"OK"
"boletim_2024-05-23.RData","BARRETOS",2026-09-24 04:54:05.809547,2026-09-24 04:54:57.808949,0.86665670077006,"OK"
"boletim_2024-05-23.RData","BAURU",2026-09-24 04:54:57.934763,2026-09-24 04:56:30.493681,1.54264863332113,"OK"
"boletim_2024-05-23.RData","TAUBATÉ",2026-09-24 04:56:30.496419,2026-09-24 04:58:22.860146,1.87272878487905,"OK"
"boletim_2024-05-23.RData","ARAÇATUBA",2026-09-24 04:58:22.860739,2026-09-24 04:59:29.252704,1.10653274854024,"OK"
"boletim_2024-05-23.RData","MARÍLIA",2026-09-24 04:54:05.824036,2026-09-24 04:55:27.298521,1.357908085982,"OK"
"boletim_2024-05-23.RData","RIBEIRÃO PRETO",2026-09-24 04:55:27.364887,2026-09-24 04:57:19.818308,1.87422368526459,"OK"
"boletim_2024-05-23.RData","PIRACICABA",2026-09-24 04:57:19.818927,2026-09-24 04:58:44.960252,1.41902208328247,"OK"
"boletim_2024-05-23.RData","SOROCABA",2026-09-24 04:58:44.960833,2026-09-24 04:59:52.291293,1.12217433055242,"OK"
"boletim_2024-05-23.RData","ARARAQUARA",2026-09-24 04:59:52.29197,2026-09-24 05:00:36.296588,0.73341029882431,"OK"
"boletim_2024-05-23.RData","PRESIDENTE PRUDENTE",2026-09-24 04:54:05.843002,2026-09-24 04:54:43.004822,0.61936366558075,"OK"
"boletim_2024-05-23.RData","SÃO JOÃO DA BOA VISTA",2026-09-24 04:54:43.088514,2026-09-24 04:55:48.048122,1.08266013065974,"OK"
"boletim_2024-05-23.RData","REGISTRO",2026-09-24 04:55:48.049032,2026-09-24 04:56:54.843807,1.11324625015259,"OK"
"boletim_2024-05-23.RData","FRANCA",2026-09-24 04:56:54.844394,2026-09-24 04:57:55.585496,1.01235169967016,"OK"
"boletim_2024-05-29.RData","CAMPINAS",2026-09-24 05:01:43.087492,2026-09-24 05:03:47.127863,2.06733951568604,"OK"
"boletim_2024-05-29.RData","GRANDE SÃO PAULO",2026-09-24 05:03:47.227618,2026-09-24 05:06:20.024362,2.54661240180333,"OK"
"boletim_2024-05-29.RData","SÃO JOSÉ DO RIO PRETO",2026-09-24 05:06:20.024961,2026-09-24 05:07:53.781233,1.56260453462601,"OK"
"boletim_2024-05-29.RData","BAIXADA SANTISTA",2026-09-24 05:07:53.781811,2026-09-24 05:08:49.641578,0.930996116002401,"OK"
"boletim_2024-05-29.RData","BARRETOS",2026-09-24 05:01:43.110607,2026-09-24 05:02:30.092191,0.783026401201884,"OK"
"boletim_2024-05-29.RData","BAURU",2026-09-24 05:02:30.155145,2026-09-24 05:03:56.685492,1.44217245181402,"OK"
"boletim_2024-05-29.RData","TAUBATÉ",2026-09-24 05:03:56.687842,2026-09-24 05:05:26.075121,1.48978798389435,"OK"
"boletim_2024-05-29.RData","ARAÇATUBA",2026-09-24 05:05:26.076071,2026-09-24 05:06:32.585182,1.10848518212636,"OK"
"boletim_2024-05-29.RData","MARÍLIA",2026-09-24 05:01:43.127536,2026-09-24 05:03:18.94343,1.59693156480789,"OK"
"boletim_2024-05-29.RData","RIBEIRÃO PRETO",2026-09-24 05:03:19.069325,2026-09-24 05:05:05.452611,1.77305476665497,"OK"
"boletim_2024-05-29.RData","PIRACICABA",2026-09-24 05:05:05.453153,2026-09-24 05:06:13.608343,1.13591983318329,"OK"
"boletim_2024-05-29.RData","SOROCABA",2026-09-24 05:06:13.609262,2026-09-24 05:07:08.941392,0.922202165921529,"OK"
"boletim_2024-05-29.RData","ARARAQUARA",2026-09-24 05:07:08.942081,2026-09-24 05:12:16.973937,5.13386426766713,"OK"
"boletim_2024-05-29.RData","PRESIDENTE PRUDENTE",2026-09-24 05:01:43.14144,2026-09-24 05:02:20.94571,0.630071167151133,"OK"
"boletim_2024-05-29.RData","SÃO JOÃO DA BOA VISTA",2026-09-24 05:02:21.03636,2026-09-24 05:03:23.420933,1.03974288304647,"OK"
"boletim_2024-05-29.RData","REGISTRO",2026-09-24 05:03:23.422099,2026-09-24 05:04:19.655761,0.937227698167165,"OK"
"boletim_2024-05-29.RData","FRANCA",2026-09-24 05:04:19.656472,2026-09-24 05:05:05.004839,0.755806116263072,"OK"
"boletim_2024-06-05.RData","CAMPINAS",2026-09-24 05:12:39.985182,2026-09-24 05:13:58.59094,1.31009596586227,"OK"
"boletim_2024-06-05.RData","GRANDE SÃO PAULO",2026-09-24 05:13:58.66318,2026-09-24 05:16:04.515734,2.0975425640742,"OK"
"boletim_2024-06-05.RData","SÃO JOSÉ DO RIO PRETO",2026-09-24 05:16:04.516362,2026-09-24 05:17:42.044809,1.6254741191864,"OK"
"boletim_2024-06-05.RData","BAIXADA SANTISTA",2026-09-24 05:17:42.045582,2026-09-24 05:18:39.03562,0.949833965301514,"OK"
"boletim_2024-06-05.RData","BARRETOS",2026-09-24 05:12:40.016382,2026-09-24 05:13:30.987257,0.849514583746592,"OK"
"boletim_2024-06-05.RData","BAURU",2026-09-24 05:13:31.060835,2026-09-24 05:14:57.692672,1.44386395215988,"OK"
"boletim_2024-06-05.RData","TAUBATÉ",2026-09-24 05:14:57.693263,2026-09-24 05:16:19.753674,1.3676735162735,"OK"
"boletim_2024-06-05.RData","ARAÇATUBA",2026-09-24 05:16:19.754343,2026-09-24 05:17:20.302618,1.00913791656494,"OK"
"boletim_2024-06-05.RData","MARÍLIA",2026-09-24 05:12:40.042722,2026-09-24 05:13:52.353713,1.20518318414688,"OK"
"boletim_2024-06-05.RData","RIBEIRÃO PRETO",2026-09-24 05:13:52.421863,2026-09-24 05:15:28.061023,1.59398599863052,"OK"
"boletim_2024-06-05.RData","PIRACICABA",2026-09-24 05:15:28.061708,2026-09-24 05:16:23.224073,0.919372749328613,"OK"
"boletim_2024-06-05.RData","SOROCABA",2026-09-24 05:16:23.22482,2026-09-24 05:17:24.042431,1.01362685362498,"OK"
"boletim_2024-06-05.RData","ARARAQUARA",2026-09-24 05:17:24.043305,2026-09-24 05:18:05.869959,0.697110903263092,"OK"
"boletim_2024-06-05.RData","PRESIDENTE PRUDENTE",2026-09-24 05:12:40.058682,2026-09-24 05:13:14.536258,0.574626266956329,"OK"
"boletim_2024-06-05.RData","SÃO JOÃO DA BOA VISTA",2026-09-24 05:13:14.600378,2026-09-24 05:14:04.009366,0.82348313331604,"OK"
"boletim_2024-06-05.RData","REGISTRO",2026-09-24 05:14:04.009926,2026-09-24 05:14:57.394374,0.889740796883901,"OK"
"boletim_2024-06-05.RData","FRANCA",2026-09-24 05:14:57.395109,2026-09-24 05:15:31.680419,0.571421833833059,"OK"
"boletim_2024-06-12.RData","CAMPINAS",2026-09-24 05:19:01.784168,2026-09-24 05:20:42.142529,1.67263935009638,"OK"
"boletim_2024-06-12.RData","GRANDE SÃO PAULO",2026-09-24 05:20:42.229332,2026-09-24 05:22:35.474751,1.88742365042369,"OK"
"boletim_2024-06-12.RData","SÃO JOSÉ DO RIO PRETO",2026-09-24 05:22:35.475612,2026-09-24 05:24:06.244435,1.51281371911367,"OK"
"boletim_2024-06-12.RData","BAIXADA SANTISTA",2026-09-24 05:24:06.245098,2026-09-24 05:24:56.814936,0.842830630143483,"OK"
"boletim_2024-06-12.RData","BARRETOS",2026-09-24 05:19:01.836722,2026-09-24 05:19:54.186471,0.872495818138123,"OK"
"boletim_2024-06-12.RData","BAURU",2026-09-24 05:19:54.259748,2026-09-24 05:21:19.218663,1.41598191658656,"OK"
"boletim_2024-06-12.RData","TAUBATÉ",2026-09-24 05:21:19.219375,2026-09-24 05:22:59.468652,1.6708212852478,"OK"
"boletim_2024-06-12.RData","ARAÇATUBA",2026-09-24 05:22:59.46927,2026-09-24 05:24:00.75668,1.02145683368047,"OK"
"boletim_2024-06-12.RData","MARÍLIA",2026-09-24 05:19:01.852928,2026-09-24 05:20:26.517072,1.41106906731923,"OK"
"boletim_2024-06-12.RData","RIBEIRÃO PRETO",2026-09-24 05:20:26.626742,2026-09-24 05:22:10.458476,1.73052890300751,"OK"
"boletim_2024-06-12.RData","PIRACICABA",2026-09-24 05:22:10.459149,2026-09-24 05:23:12.417243,1.03263490200043,"OK"
"boletim_2024-06-12.RData","SOROCABA",2026-09-24 05:23:12.417901,2026-09-24 05:24:14.130518,1.02854361534119,"OK"
"boletim_2024-06-12.RData","ARARAQUARA",2026-09-24 05:24:14.131166,2026-09-24 05:24:51.222271,0.618185083071391,"OK"
"boletim_2024-06-12.RData","PRESIDENTE PRUDENTE",2026-09-24 05:19:01.868128,2026-09-24 05:19:45.001034,0.718881766001383,"OK"
"boletim_2024-06-12.RData","SÃO JOÃO DA BOA VISTA",2026-09-24 05:19:45.076827,2026-09-24 05:20:49.450713,1.072898097833,"OK"
"boletim_2024-06-12.RData","REGISTRO",2026-09-24 05:20:49.452001,2026-09-24 05:21:51.116402,1.0277400135994,"OK"
"boletim_2024-06-12.RData","FRANCA",2026-09-24 05:21:51.117456,2026-09-24 05:22:33.848669,0.712186884880066,"OK"
"boletim_2024-06-19.RData","CAMPINAS",2026-09-24 05:25:18.281804,2026-09-24 05:26:46.639827,1.47263371547063,"OK"
"boletim_2024-06-19.RData","GRANDE SÃO PAULO",2026-09-24 05:26:46.727929,2026-09-24 05:28:53.208279,2.10800582965215,"OK"
"boletim_2024-06-19.RData","SÃO JOSÉ DO RIO PRETO",2026-09-24 05:28:53.209172,2026-09-24 05:30:25.509663,1.53834151824315,"OK"
"boletim_2024-06-19.RData","BAIXADA SANTISTA",2026-09-24 05:30:25.510283,2026-09-24 05:31:16.080577,0.842838231722514,"OK"
"boletim_2024-06-19.RData","BARRETOS",2026-09-24 05:25:18.295478,2026-09-24 05:26:09.020974,0.845424930254618,"OK"
"boletim_2024-06-19.RData","BAURU",2026-09-24 05:26:09.086531,2026-09-24 05:27:35.183175,1.43494406938553,"OK"
"boletim_2024-06-19.RData","TAUBATÉ",2026-09-24 05:27:35.183815,2026-09-24 05:29:00.240304,1.41760814984639,"OK"
"boletim_2024-06-19.RData","ARAÇATUBA",2026-09-24 05:29:00.24117,2026-09-24 05:30:04.977568,1.07893996636073,"OK"
"boletim_2024-06-19.RData","MARÍLIA",2026-09-24 05:25:18.309223,2026-09-24 05:26:31.09917,1.21316578388214,"OK"
"boletim_2024-06-19.RData","RIBEIRÃO PRETO",2026-09-24 05:26:31.179823,2026-09-24 05:28:06.674292,1.5915744860967,"OK"
"boletim_2024-06-19.RData","PIRACICABA",2026-09-24 05:28:06.675362,2026-09-24 05:29:02.013726,0.922306064764659,"OK"
"boletim_2024-06-19.RData","SOROCABA",2026-09-24 05:29:02.014403,2026-09-24 05:30:02.237461,1.00371763308843,"OK"
"boletim_2024-06-19.RData","ARARAQUARA",2026-09-24 05:30:02.238259,2026-09-24 05:30:41.073073,0.647246897220612,"OK"
"boletim_2024-06-19.RData","PRESIDENTE PRUDENTE",2026-09-24 05:25:18.327861,2026-09-24 05:25:56.50446,0.636276650428772,"OK"
"boletim_2024-06-19.RData","SÃO JOÃO DA BOA VISTA",2026-09-24 05:25:56.591226,2026-09-24 05:26:56.034108,0.990714697043101,"OK"
"boletim_2024-06-19.RData","REGISTRO",2026-09-24 05:26:56.034818,2026-09-24 05:27:55.603444,0.992810436089834,"OK"
"boletim_2024-06-19.RData","FRANCA",2026-09-24 05:27:55.60417,2026-09-24 05:28:28.490017,0.54809744755427,"OK"
"boletim_2024-06-26.RData","CAMPINAS",2026-09-24 05:31:39.762857,2026-09-24 05:33:25.06051,1.75496088266373,"OK"
"boletim_2024-06-26.RData","GRANDE SÃO PAULO",2026-09-24 05:33:25.124663,2026-09-24 05:35:16.85897,1.86223844687144,"OK"
"boletim_2024-06-26.RData","SÃO JOSÉ DO RIO PRETO",2026-09-24 05:35:16.859565,2026-09-24 05:36:42.66019,1.43001041809718,"OK"
"boletim_2024-06-26.RData","BAIXADA SANTISTA",2026-09-24 05:36:42.660759,2026-09-24 05:37:38.327931,0.927786199251811,"OK"
"boletim_2024-06-26.RData","BARRETOS",2026-09-24 05:31:40.094131,2026-09-24 05:32:24.455228,0.739351618289948,"OK"
"boletim_2024-06-26.RData","BAURU",2026-09-24 05:32:24.519126,2026-09-24 05:33:42.227304,1.29513630072276,"OK"
"boletim_2024-06-26.RData","TAUBATÉ",2026-09-24 05:33:42.227919,2026-09-24 05:34:57.108413,1.24800823132197,"OK"
"boletim_2024-06-26.RData","ARAÇATUBA",2026-09-24 05:34:57.10905,2026-09-24 05:35:55.799055,0.978166751066844,"OK"
"boletim_2024-06-26.RData","MARÍLIA",2026-09-24 05:31:40.107327,2026-09-24 05:32:45.840728,1.09555668433507,"OK"
"boletim_2024-06-26.RData","RIBEIRÃO PRETO",2026-09-24 05:32:45.924071,2026-09-24 05:34:26.297236,1.67288608153661,"OK"
"boletim_2024-06-26.RData","PIRACICABA",2026-09-24 05:34:26.298129,2026-09-24 05:35:34.031747,1.12889363368352,"OK"
"boletim_2024-06-26.RData","SOROCABA",2026-09-24 05:35:34.032356,2026-09-24 05:36:37.999144,1.06611313422521,"OK"
"boletim_2024-06-26.RData","ARARAQUARA",2026-09-24 05:36:37.999707,2026-09-24 05:37:19.46007,0.691006048520406,"OK"
"boletim_2024-06-26.RData","PRESIDENTE PRUDENTE",2026-09-24 05:31:40.123465,2026-09-24 05:32:08.775775,0.477538498242696,"OK"
"boletim_2024-06-26.RData","SÃO JOÃO DA BOA VISTA",2026-09-24 05:32:08.838776,2026-09-24 05:33:01.128022,0.871487430731456,"OK"
"boletim_2024-06-26.RData","REGISTRO",2026-09-24 05:33:01.12889,2026-09-24 05:34:08.490824,1.12269889911016,"OK"
"boletim_2024-06-26.RData","FRANCA",2026-09-24 05:34:08.491757,2026-09-24 05:34:49.335243,0.680724767843882,"OK"
"boletim_2024-07-04.RData","CAMPINAS",2026-09-24 05:38:06.363003,2026-09-24 05:39:45.582872,1.65366448163986,"OK"
"boletim_2024-07-04.RData","GRANDE SÃO PAULO",2026-09-24 05:39:45.648801,2026-09-24 05:42:41.502296,2.93089158137639,"OK"
"boletim_2024-07-04.RData","SÃO JOSÉ DO RIO PRETO",2026-09-24 05:42:41.502974,2026-09-24 05:44:02.067914,1.34274899959564,"OK"
"boletim_2024-07-04.RData","BAIXADA SANTISTA",2026-09-24 05:44:02.068833,2026-09-24 05:44:56.346481,0.904627466201782,"OK"
"boletim_2024-07-04.RData","BARRETOS",2026-09-24 05:38:06.375785,2026-09-24 05:38:55.243743,0.814465963840485,"OK"
"boletim_2024-07-04.RData","BAURU",2026-09-24 05:38:55.329953,2026-09-24 05:40:21.697756,1.43946338494619,"OK"
"boletim_2024-07-04.RData","TAUBATÉ",2026-09-24 05:40:21.698576,2026-09-24 05:42:05.450707,1.72920218308767,"OK"
"boletim_2024-07-04.RData","ARAÇATUBA",2026-09-24 05:42:05.451502,2026-09-24 05:42:55.191068,0.82899276415507,"OK"
"boletim_2024-07-04.RData","MARÍLIA",2026-09-24 05:38:06.395186,2026-09-24 05:39:20.046249,1.22751771608988,"OK"
"boletim_2024-07-04.RData","RIBEIRÃO PRETO",2026-09-24 05:39:20.130648,2026-09-24 05:41:08.548809,1.80696935256322,"OK"
"boletim_2024-07-04.RData","PIRACICABA",2026-09-24 05:41:08.549635,2026-09-24 05:42:31.295714,1.37910131613414,"OK"
"boletim_2024-07-04.RData","SOROCABA",2026-09-24 05:42:31.296304,2026-09-24 05:43:35.425494,1.06881983280182,"OK"
"boletim_2024-07-04.RData","ARARAQUARA",2026-09-24 05:43:35.426052,2026-09-24 05:44:16.199525,0.679557883739471,"OK"
"boletim_2024-07-04.RData","PRESIDENTE PRUDENTE",2026-09-24 05:38:06.415747,2026-09-24 05:38:41.634623,0.586981268723806,"OK"
"boletim_2024-07-04.RData","SÃO JOÃO DA BOA VISTA",2026-09-24 05:38:41.721016,2026-09-24 05:39:39.915082,0.969901100794474,"OK"
"boletim_2024-07-04.RData","REGISTRO",2026-09-24 05:39:39.916181,2026-09-24 05:40:59.232898,1.32194528182348,"OK"
"boletim_2024-07-04.RData","FRANCA",2026-09-24 05:40:59.233499,2026-09-24 05:41:58.234459,0.983349331219991,"OK"
"boletim_2024-07-17.RData","CAMPINAS",2026-09-24 05:45:23.810933,2026-09-24 05:46:50.974217,1.45272139708201,"OK"
"boletim_2024-07-17.RData","GRANDE SÃO PAULO",2026-09-24 05:46:51.050691,2026-09-24 05:49:39.037882,2.79978652000427,"OK"
"boletim_2024-07-17.RData","SÃO JOSÉ DO RIO PRETO",2026-09-24 05:49:39.038461,2026-09-24 05:50:55.943101,1.28174399932226,"OK"
"boletim_2024-07-17.RData","BAIXADA SANTISTA",2026-09-24 05:50:55.943713,2026-09-24 05:51:51.803559,0.930997435251872,"OK"
"boletim_2024-07-17.RData","BARRETOS",2026-09-24 05:45:23.838711,2026-09-24 05:46:04.208248,0.672825614611308,"OK"
"boletim_2024-07-17.RData","BAURU",2026-09-24 05:46:04.28403,2026-09-24 05:47:40.962935,1.61131508350372,"OK"
"boletim_2024-07-17.RData","TAUBATÉ",2026-09-24 05:47:40.96391,2026-09-24 05:49:12.700641,1.52894551356634,"OK"
"boletim_2024-07-17.RData","ARAÇATUBA",2026-09-24 05:49:12.701254,2026-09-24 05:49:56.091021,0.723162786165873,"OK"
"boletim_2024-07-17.RData","MARÍLIA",2026-09-24 05:45:23.854723,2026-09-24 05:46:36.083614,1.2038148522377,"OK"
"boletim_2024-07-17.RData","RIBEIRÃO PRETO",2026-09-24 05:46:36.173904,2026-09-24 05:48:11.48155,1.58846076726913,"OK"
"boletim_2024-07-17.RData","PIRACICABA",2026-09-24 05:48:11.482369,2026-09-24 05:49:27.695286,1.27021528482437,"OK"
"boletim_2024-07-17.RData","SOROCABA",2026-09-24 05:49:27.696069,2026-09-24 05:50:34.583941,1.11479786634445,"OK"
"boletim_2024-07-17.RData","ARARAQUARA",2026-09-24 05:50:34.584492,2026-09-24 05:51:16.011611,0.690451983610789,"OK"
"boletim_2024-07-17.RData","PRESIDENTE PRUDENTE",2026-09-24 05:45:23.873798,2026-09-24 05:45:55.858961,0.533086053530375,"OK"
"boletim_2024-07-17.RData","SÃO JOÃO DA BOA VISTA",2026-09-24 05:45:55.928596,2026-09-24 05:46:58.917982,1.04982310136159,"OK"
"boletim_2024-07-17.RData","REGISTRO",2026-09-24 05:46:58.918812,2026-09-24 05:48:09.368352,1.17415899833043,"OK"
"boletim_2024-07-17.RData","FRANCA",2026-09-24 05:48:09.368989,2026-09-24 05:49:11.614309,1.03742200136185,"OK"
"boletim_2024-08-07.RData","CAMPINAS",2026-09-24 05:51:52.919431,2026-09-24 05:53:19.793369,1.44789896806081,"OK"
"boletim_2024-08-07.RData","GRANDE SÃO PAULO",2026-09-24 05:53:19.873931,2026-09-24 05:54:35.040381,1.25277416706085,"OK"
"boletim_2024-08-07.RData","SÃO JOSÉ DO RIO PRETO",2026-09-24 05:54:35.041848,2026-09-24 05:55:51.207098,1.26942083438238,"OK"
"boletim_2024-08-07.RData","BAIXADA SANTISTA",2026-09-24 05:55:51.207879,2026-09-24 05:58:31.549843,2.67236606677373,"OK"
"boletim_2024-08-07.RData","BARRETOS",2026-09-24 05:51:52.930116,2026-09-24 05:53:35.341672,1.70685926675797,"OK"
"boletim_2024-08-07.RData","BAURU",2026-09-24 05:53:35.422309,2026-09-24 05:55:46.583253,2.18601573308309,"OK"
"boletim_2024-08-07.RData","TAUBATÉ",2026-09-24 05:55:46.583976,2026-09-24 05:57:36.150899,1.82611538171768,"OK"
"boletim_2024-08-07.RData","ARAÇATUBA",2026-09-24 05:57:36.151598,2026-09-24 06:00:15.302583,2.65251641670863,"OK"
"boletim_2024-08-07.RData","MARÍLIA",2026-09-24 05:51:52.940246,2026-09-24 05:53:50.669337,1.96215151548386,"OK"
"boletim_2024-08-07.RData","RIBEIRÃO PRETO",2026-09-24 05:53:50.738629,2026-09-24 05:56:15.17586,2.40728718042374,"OK"
"boletim_2024-08-07.RData","PIRACICABA",2026-09-24 05:56:15.176823,2026-09-24 05:58:42.381752,2.45341548522313,"OK"
"boletim_2024-08-07.RData","SOROCABA",2026-09-24 05:58:42.382398,2026-09-24 05:59:54.870467,1.20813448429108,"OK"
"boletim_2024-08-07.RData","ARARAQUARA",2026-09-24 05:59:54.871096,2026-09-24 06:01:22.043956,1.45288100242615,"OK"
"boletim_2024-08-07.RData","PRESIDENTE PRUDENTE",2026-09-24 05:51:52.9539,2026-09-24 05:53:54.675626,2.02869543234507,"OK"
"boletim_2024-08-07.RData","SÃO JOÃO DA BOA VISTA",2026-09-24 05:53:54.750797,2026-09-24 05:55:21.855687,1.45174816449483,"OK"
"boletim_2024-08-07.RData","REGISTRO",2026-09-24 05:55:21.857042,2026-09-24 05:56:20.759571,0.981708816687266,"OK"
"boletim_2024-08-07.RData","FRANCA",2026-09-24 05:56:20.771899,2026-09-24 05:58:38.854588,2.301378150781,"OK"
"boletim_2024-08-28.RData","CAMPINAS",2026-09-24 06:01:22.882229,2026-09-24 06:02:56.97332,1.56818484862645,"OK"
"boletim_2024-08-28.RData","GRANDE SÃO PAULO",2026-09-24 06:02:57.084741,2026-09-24 06:04:12.788971,1.26173716386159,"OK"
"boletim_2024-08-28.RData","SÃO JOSÉ DO RIO PRETO",2026-09-24 06:04:12.789928,2026-09-24 06:05:59.124321,1.77223988374074,"OK"
"boletim_2024-08-28.RData","BAIXADA SANTISTA",2026-09-24 06:05:59.124977,2026-09-24 06:08:14.164713,2.25066226323446,"OK"
"boletim_2024-08-28.RData","BARRETOS",2026-09-24 06:01:22.898546,2026-09-24 06:03:02.403966,1.65842366615931,"OK"
"boletim_2024-08-28.RData","BAURU",2026-09-24 06:03:02.47711,2026-09-24 06:05:50.52795,2.80084733565648,"OK"
"boletim_2024-08-28.RData","TAUBATÉ",2026-09-24 06:05:50.528657,2026-09-24 06:08:00.019804,2.15818578402201,"OK"
"boletim_2024-08-28.RData","ARAÇATUBA",2026-09-24 06:08:00.021462,2026-09-24 06:10:20.720639,2.34498628377914,"OK"
"boletim_2024-08-28.RData","MARÍLIA",2026-09-24 06:01:22.913853,2026-09-24 06:03:04.647532,1.69556131760279,"OK"
"boletim_2024-08-28.RData","RIBEIRÃO PRETO",2026-09-24 06:03:04.715653,2026-09-24 06:05:05.431547,2.01193156639735,"OK"
"boletim_2024-08-28.RData","PIRACICABA",2026-09-24 06:05:05.432909,2026-09-24 06:07:26.041117,2.34347013235092,"OK"
"boletim_2024-08-28.RData","SOROCABA",2026-09-24 06:07:26.04282,2026-09-24 06:08:59.914814,1.56453323364258,"OK"
"boletim_2024-08-28.RData","ARARAQUARA",2026-09-24 06:08:59.915497,2026-09-24 06:10:41.517755,1.69337096611659,"OK"
"boletim_2024-08-28.RData","PRESIDENTE PRUDENTE",2026-09-24 06:01:22.923439,2026-09-24 06:04:20.940555,2.96695193449656,"OK"
"boletim_2024-08-28.RData","SÃO JOÃO DA BOA VISTA",2026-09-24 06:04:21.059013,2026-09-24 06:05:36.231348,1.25287225246429,"OK"
"boletim_2024-08-28.RData","REGISTRO",2026-09-24 06:05:36.231979,2026-09-24 06:06:46.04044,1.1634743531545,"OK"
"boletim_2024-08-28.RData","FRANCA",2026-09-24 06:06:46.04107,2026-09-24 06:09:00.549002,2.24179886579514,"OK"
"boletim_2024-09-03.RData","CAMPINAS",2026-09-24 06:10:42.883759,2026-09-24 06:12:12.747338,1.49772631724675,"OK"
"boletim_2024-09-03.RData","GRANDE SÃO PAULO",2026-09-24 06:12:12.81275,2026-09-24 06:13:38.967972,1.43592036565145,"OK"
"boletim_2024-09-03.RData","SÃO JOSÉ DO RIO PRETO",2026-09-24 06:13:38.968925,2026-09-24 06:15:24.181236,1.75353851715724,"OK"
"boletim_2024-09-03.RData","BAIXADA SANTISTA",2026-09-24 06:15:24.181852,2026-09-24 06:17:39.671202,2.25815583070119,"OK"
"boletim_2024-09-03.RData","BARRETOS",2026-09-24 06:10:42.921817,2026-09-24 06:12:32.588403,1.82777643203735,"OK"
"boletim_2024-09-03.RData","BAURU",2026-09-24 06:12:32.711448,2026-09-24 06:15:06.628433,2.56528308391571,"OK"
"boletim_2024-09-03.RData","TAUBATÉ",2026-09-24 06:15:06.629638,2026-09-24 06:17:09.982993,2.05588924884796,"OK"
"boletim_2024-09-03.RData","ARAÇATUBA",2026-09-24 06:17:09.984328,2026-09-24 06:19:24.702582,2.24530423084895,"OK"
"boletim_2024-09-03.RData","MARÍLIA",2026-09-24 06:10:42.934678,2026-09-24 06:12:27.913529,1.74964751402537,"OK"
"boletim_2024-09-03.RData","RIBEIRÃO PRETO",2026-09-24 06:12:28.061074,2026-09-24 06:14:58.345676,2.50474336544673,"OK"
"boletim_2024-09-03.RData","PIRACICABA",2026-09-24 06:14:58.346815,2026-09-24 06:16:49.589552,1.85404561360677,"OK"
"boletim_2024-09-03.RData","SOROCABA",2026-09-24 06:16:49.590209,2026-09-24 06:18:39.659602,1.83448988199234,"OK"
"boletim_2024-09-03.RData","ARARAQUARA",2026-09-24 06:18:39.660261,2026-09-24 06:20:18.202962,1.64237835009893,"OK"
"boletim_2024-09-03.RData","PRESIDENTE PRUDENTE",2026-09-24 06:10:42.950829,2026-09-24 06:13:31.616174,2.81108908255895,"OK"
"boletim_2024-09-03.RData","SÃO JOÃO DA BOA VISTA",2026-09-24 06:13:31.733235,2026-09-24 06:15:05.443274,1.56183398564657,"OK"
"boletim_2024-09-03.RData","REGISTRO",2026-09-24 06:15:05.443866,2026-09-24 06:16:16.255052,1.18018643458684,"OK"
"boletim_2024-09-03.RData","FRANCA",2026-09-24 06:16:16.256166,2026-09-24 06:18:38.069842,2.36356126864751,"OK"
"boletim_2024-09-11.RData","CAMPINAS",2026-09-24 06:20:19.375124,2026-09-24 06:21:45.622093,1.43744948307673,"OK"
"boletim_2024-09-11.RData","GRANDE SÃO PAULO",2026-09-24 06:21:45.720257,2026-09-24 06:22:57.858684,1.20230711698532,"OK"
"boletim_2024-09-11.RData","SÃO JOSÉ DO RIO PRETO",2026-09-24 06:22:57.859303,2026-09-24 06:24:24.397013,1.44229516585668,"OK"
"boletim_2024-09-11.RData","BAIXADA SANTISTA",2026-09-24 06:24:24.397825,2026-09-24 06:26:14.302115,1.83173816601435,"OK"
"boletim_2024-09-11.RData","BARRETOS",2026-09-24 06:20:19.396083,2026-09-24 06:22:07.686293,1.80483682950338,"OK"
"boletim_2024-09-11.RData","BAURU",2026-09-24 06:22:07.790796,2026-09-24 06:24:19.779112,2.19980526765188,"OK"
"boletim_2024-09-11.RData","TAUBATÉ",2026-09-24 06:24:19.779878,2026-09-24 06:26:01.63369,1.69756353696187,"OK"
"boletim_2024-09-11.RData","ARAÇATUBA",2026-09-24 06:26:01.634757,2026-09-24 06:28:19.28561,2.29418088197708,"OK"
"boletim_2024-09-11.RData","MARÍLIA",2026-09-24 06:20:19.411939,2026-09-24 06:22:02.654338,1.72070664962133,"OK"
"boletim_2024-09-11.RData","RIBEIRÃO PRETO",2026-09-24 06:22:02.733054,2026-09-24 06:24:03.069341,2.00560478369395,"OK"
"boletim_2024-09-11.RData","PIRACICABA",2026-09-24 06:24:03.070192,2026-09-24 06:25:45.572352,1.70836933056513,"OK"
"boletim_2024-09-11.RData","SOROCABA",2026-09-24 06:25:45.573322,2026-09-24 06:27:26.150344,1.67628369728724,"OK"
"boletim_2024-09-11.RData","ARARAQUARA",2026-09-24 06:27:26.151033,2026-09-24 06:28:47.035461,1.34807380040487,"OK"
"boletim_2024-09-11.RData","PRESIDENTE PRUDENTE",2026-09-24 06:20:19.421024,2026-09-24 06:23:04.079015,2.74429984887441,"OK"
"boletim_2024-09-11.RData","SÃO JOÃO DA BOA VISTA",2026-09-24 06:23:04.173516,2026-09-24 06:24:38.693546,1.57533383369446,"OK"
"boletim_2024-09-11.RData","REGISTRO",2026-09-24 06:24:38.694938,2026-09-24 06:25:31.494132,0.879986568291982,"OK"
"boletim_2024-09-11.RData","FRANCA",2026-09-24 06:25:31.495174,2026-09-24 06:27:37.491994,2.09994699954987,"OK"
"boletim_2024-09-25.RData","CAMPINAS",2026-09-24 06:28:48.410786,2026-09-24 06:30:19.907081,1.52493824958801,"OK"
"boletim_2024-09-25.RData","GRANDE SÃO PAULO",2026-09-24 06:30:19.991695,2026-09-24 06:31:23.419042,1.05712245305379,"OK"
"boletim_2024-09-25.RData","SÃO JOSÉ DO RIO PRETO",2026-09-24 06:31:23.419668,2026-09-24 06:33:15.862885,1.87405361731847,"OK"
"boletim_2024-09-25.RData","BAIXADA SANTISTA",2026-09-24 06:33:15.864367,2026-09-24 06:35:03.70759,1.79738705158234,"OK"
"boletim_2024-09-25.RData","BARRETOS",2026-09-24 06:28:48.419763,2026-09-24 06:30:20.612687,1.53654873371124,"OK"
"boletim_2024-09-25.RData","BAURU",2026-09-24 06:30:20.703801,2026-09-24 06:32:35.798657,2.25158093372981,"OK"
"boletim_2024-09-25.RData","TAUBATÉ",2026-09-24 06:32:35.79931,2026-09-24 06:34:41.854891,2.10092635154724,"OK"
"boletim_2024-09-25.RData","ARAÇATUBA",2026-09-24 06:34:41.855513,2026-09-24 06:36:29.097702,1.78736981550852,"OK"
"boletim_2024-09-25.RData","MARÍLIA",2026-09-24 06:28:48.430557,2026-09-24 06:30:51.96188,2.05885538260142,"OK"
"boletim_2024-09-25.RData","RIBEIRÃO PRETO",2026-09-24 06:30:52.042378,2026-09-24 06:33:08.016687,2.26623848279317,"OK"
"boletim_2024-09-25.RData","PIRACICABA",2026-09-24 06:33:08.017279,2026-09-24 06:35:16.002596,2.1330886165301,"OK"
"boletim_2024-09-25.RData","SOROCABA",2026-09-24 06:35:16.003168,2026-09-24 06:36:49.664233,1.56101774772008,"OK"
"boletim_2024-09-25.RData","ARARAQUARA",2026-09-24 06:36:49.665129,2026-09-24 06:38:12.161924,1.37494658231735,"OK"
"boletim_2024-09-25.RData","PRESIDENTE PRUDENTE",2026-09-24 06:28:48.440122,2026-09-24 06:30:52.05611,2.06026646693548,"OK"
"boletim_2024-09-25.RData","SÃO JOÃO DA BOA VISTA",2026-09-24 06:30:52.145175,2026-09-24 06:32:25.341782,1.55327678521474,"OK"
"boletim_2024-09-25.RData","REGISTRO",2026-09-24 06:32:25.343986,2026-09-24 06:33:43.623588,1.30466003417969,"OK"
"boletim_2024-09-25.RData","FRANCA",2026-09-24 06:33:43.62437,2026-09-24 06:35:56.454278,2.21383179823558,"OK"
"boletim_2024-10-09.RData","CAMPINAS",2026-09-24 06:39:06.89799,2026-09-24 06:41:03.805073,1.94845138390859,"OK"
"boletim_2024-10-09.RData","GRANDE SÃO PAULO",2026-09-24 06:41:03.881676,2026-09-24 06:43:47.104125,2.72037415107091,"OK"
"boletim_2024-10-09.RData","SÃO JOSÉ DO RIO PRETO",2026-09-24 06:43:47.105275,2026-09-24 06:44:55.943302,1.14730045000712,"OK"
"boletim_2024-10-09.RData","BAIXADA SANTISTA",2026-09-24 06:44:55.943888,2026-09-24 06:45:50.871663,0.915462919076284,"OK"
"boletim_2024-10-09.RData","BARRETOS",2026-09-24 06:39:06.916912,2026-09-24 06:39:53.338028,0.773685264587402,"OK"
"boletim_2024-10-09.RData","BAURU",2026-09-24 06:39:53.42882,2026-09-24 06:41:29.690609,1.60436315139135,"OK"
"boletim_2024-10-09.RData","TAUBATÉ",2026-09-24 06:41:29.691478,2026-09-24 06:43:06.639012,1.61579223473867,"OK"
"boletim_2024-10-09.RData","ARAÇATUBA",2026-09-24 06:43:06.639707,2026-09-24 06:44:06.03308,0.989889550209045,"OK"
"boletim_2024-10-09.RData","MARÍLIA",2026-09-24 06:39:06.938264,2026-09-24 06:40:21.363163,1.24041498502096,"OK"
"boletim_2024-10-09.RData","RIBEIRÃO PRETO",2026-09-24 06:40:21.444388,2026-09-24 06:42:04.33398,1.71482653617859,"OK"
"boletim_2024-10-09.RData","PIRACICABA",2026-09-24 06:42:04.334659,2026-09-24 06:43:13.158467,1.14706346591314,"OK"
"boletim_2024-10-09.RData","SOROCABA",2026-09-24 06:43:13.159664,2026-09-24 06:44:28.512918,1.25588756799698,"OK"
"boletim_2024-10-09.RData","ARARAQUARA",2026-09-24 06:44:28.513454,2026-09-24 06:45:22.136454,0.893716669082642,"OK"
"boletim_2024-10-09.RData","PRESIDENTE PRUDENTE",2026-09-24 06:39:06.953316,2026-09-24 06:39:58.918708,0.866089868545532,"OK"
"boletim_2024-10-09.RData","SÃO JOÃO DA BOA VISTA",2026-09-24 06:39:59.018439,2026-09-24 06:41:20.875029,1.36427650054296,"OK"
"boletim_2024-10-09.RData","REGISTRO",2026-09-24 06:41:20.875676,2026-09-24 06:42:23.019055,1.03572298288345,"OK"
"boletim_2024-10-09.RData","FRANCA",2026-09-24 06:42:23.019787,2026-09-24 06:43:20.041395,0.950360131263733,"OK"
"boletim_2024_10_02.rData","CAMPINAS",2026-09-24 06:46:52.653889,2026-09-24 06:48:56.552456,2.06497611602147,"OK"
"boletim_2024_10_02.rData","GRANDE SÃO PAULO",2026-09-24 06:48:56.647245,2026-09-24 06:51:23.291783,2.44407563606898,"OK"
"boletim_2024_10_02.rData","SÃO JOSÉ DO RIO PRETO",2026-09-24 06:51:23.292613,2026-09-24 06:53:01.768818,1.64127008120219,"OK"
"boletim_2024_10_02.rData","BAIXADA SANTISTA",2026-09-24 06:53:01.769432,2026-09-24 06:54:02.038479,1.0044841170311,"OK"
"boletim_2024_10_02.rData","BARRETOS",2026-09-24 06:46:52.674986,2026-09-24 06:47:41.013894,0.805648469924927,"OK"
"boletim_2024_10_02.rData","BAURU",2026-09-24 06:47:41.114399,2026-09-24 06:49:27.262501,1.76913503408432,"OK"
"boletim_2024_10_02.rData","TAUBATÉ",2026-09-24 06:49:27.263258,2026-09-24 06:51:23.770662,1.94179006814957,"OK"
"boletim_2024_10_02.rData","ARAÇATUBA",2026-09-24 06:51:23.771308,2026-09-24 06:52:28.682152,1.08184740146001,"OK"
"boletim_2024_10_02.rData","MARÍLIA",2026-09-24 06:46:52.705573,2026-09-24 06:48:25.239074,1.54222501516342,"OK"
"boletim_2024_10_02.rData","RIBEIRÃO PRETO",2026-09-24 06:48:25.301183,2026-09-24 06:50:10.511246,1.75350104967753,"OK"
"boletim_2024_10_02.rData","PIRACICABA",2026-09-24 06:50:10.513038,2026-09-24 06:51:30.176264,1.32772043546041,"OK"
"boletim_2024_10_02.rData","SOROCABA",2026-09-24 06:51:30.176965,2026-09-24 06:52:53.15082,1.3828975836436,"OK"
"boletim_2024_10_02.rData","ARARAQUARA",2026-09-24 06:52:53.151361,2026-09-24 06:53:52.163776,0.98354024887085,"OK"
"boletim_2024_10_02.rData","PRESIDENTE PRUDENTE",2026-09-24 06:46:53.07347,2026-09-24 06:47:49.541213,0.941129048665365,"OK"
"boletim_2024_10_02.rData","SÃO JOÃO DA BOA VISTA",2026-09-24 06:47:49.608819,2026-09-24 06:49:19.741356,1.50220894813538,"OK"
"boletim_2024_10_02.rData","REGISTRO",2026-09-24 06:49:19.742068,2026-09-24 06:50:32.856958,1.21858149766922,"OK"
"boletim_2024_10_02.rData","FRANCA",2026-09-24 06:50:32.857586,2026-09-24 06:51:32.6329,0.996255234877269,"OK"
