"metodo","DRS","horizon","base","dt_event","wis","overprediction","underprediction","dispersion","ae_median","cov_50","cov_95"
"nowcast","ARARAQUARA",1,"2023-05-31",2023-05-03,4.58,0,4.2,0.38,7,0,0
"nowcast","ARARAQUARA",2,"2023-05-31",2023-05-10,0.6,0,0.2,0.4,1,1,1
"nowcast","ARARAQUARA",3,"2023-05-31",2023-05-17,1.71025,0,1.2,0.51025,4,0,1
"nowcast","ARARAQUARA",4,"2023-05-31",2023-05-24,1.60025,0,0.8,0.80025,4,1,1
"nowcast","ARARAQUARA",1,"2023-06-06",2023-05-09,1.38,0,1,0.38,3,0,1
"nowcast","ARARAQUARA",2,"2023-06-06",2023-05-16,1.39,0,1,0.39,3,0,1
"nowcast","ARARAQUARA",3,"2023-06-06",2023-05-23,2.71,0,2.2,0.51,5,0,1
"nowcast","ARARAQUARA",4,"2023-06-06",2023-05-30,1.08,0,0,1.08,0,1,1
"nowcast","ARARAQUARA",1,"2023-06-14",2023-05-17,1.25,0,1,0.25,3,0,1
"nowcast","ARARAQUARA",2,"2023-06-14",2023-05-24,4.26,0,4,0.26,6,0,0
"nowcast","ARARAQUARA",3,"2023-06-14",2023-05-31,3.87,0,3.6,0.27,6,0,0
"nowcast","ARARAQUARA",4,"2023-06-14",2023-06-07,7.52,0,7,0.52,11,0,0
"nowcast","ARARAQUARA",1,"2023-06-20",2023-05-23,3.86025,0,3.59,0.27025,6,0,0
"nowcast","ARARAQUARA",2,"2023-06-20",2023-05-30,0.39,0,0,0.39,0,1,1
"nowcast","ARARAQUARA",3,"2023-06-20",2023-06-06,1.03025,0,0.4,0.63025,2,1,1
"nowcast","ARARAQUARA",4,"2023-06-20",2023-06-13,3.145,1.5,0,1.645,6,0,1
"nowcast","ARARAQUARA",1,"2023-07-03",2023-06-02,0.61,0,0.2,0.41,1,1,1
"nowcast","ARARAQUARA",2,"2023-07-03",2023-06-09,0.91,0.4,0,0.51,2,1,1
"nowcast","ARARAQUARA",3,"2023-07-03",2023-06-16,3.23,2.6,0,0.63,5,0,0
"nowcast","ARARAQUARA",4,"2023-07-03",2023-06-23,1.63,0,0.6,1.03,3,1,1
"nowcast","ARARAQUARA",1,"2023-07-06",2023-06-07,0.61,0,0.2,0.41,1,1,1
"nowcast","ARARAQUARA",2,"2023-07-06",2023-06-14,1.51,1,0,0.51,3,0,1
"nowcast","ARARAQUARA",3,"2023-07-06",2023-06-21,1.54,0,1,0.54,3,0,1
"nowcast","ARARAQUARA",4,"2023-07-06",2023-06-28,3.79,0,3,0.79,7,0,1
"nowcast","ARARAQUARA",1,"2023-07-19",2023-06-21,1.99,0,1.6,0.39,4,0,1
"nowcast","ARARAQUARA",2,"2023-07-19",2023-06-28,0.39,0,0,0.39,0,1,1
"nowcast","ARARAQUARA",3,"2023-07-19",2023-07-05,1.4,0,1,0.4,3,0,1
"nowcast","ARARAQUARA",4,"2023-07-19",2023-07-12,1.03,0,0.4,0.63,2,1,1
"nowcast","ARARAQUARA",1,"2023-07-25",2023-06-27,1.19,0.8,0,0.39,2,0,1
"nowcast","ARARAQUARA",2,"2023-07-25",2023-07-04,1.4,0,1,0.4,3,0,1
"nowcast","ARARAQUARA",3,"2023-07-25",2023-07-11,2.12,1.6,0,0.52,4,0,1
"nowcast","ARARAQUARA",4,"2023-07-25",2023-07-18,2.14,1.2,0,0.94,4,0,1
"nowcast","ARARAQUARA",1,"2023-08-02",2023-07-04,1.97025,0,1.6,0.37025,4,0,1
"nowcast","ARARAQUARA",2,"2023-08-02",2023-07-11,1.08,0.8,0,0.28,2,0,1
"nowcast","ARARAQUARA",3,"2023-08-02",2023-07-18,0.91,0.4,0,0.51,2,1,1
"nowcast","ARARAQUARA",4,"2023-08-02",2023-07-25,3.19,2.4,0,0.79,6,0,1
"nowcast","ARARAQUARA",1,"2023-08-08",2023-07-11,2.1,1.6,0,0.5,4,0,1
"nowcast","ARARAQUARA",2,"2023-08-08",2023-07-18,1.81,1.4,0,0.41,3,0,1
"nowcast","ARARAQUARA",3,"2023-08-08",2023-07-25,2.12,1.6,0,0.52,4,0,1
"nowcast","ARARAQUARA",4,"2023-08-08",2023-08-01,2.62,1.8,0,0.82,5,0,1
"nowcast","ARARAQUARA",1,"2023-08-16",2023-07-18,0.57,0.2,0,0.37,1,1,1
"nowcast","ARARAQUARA",2,"2023-08-16",2023-07-25,0.57,0.2,0,0.37,1,1,1
"nowcast","ARARAQUARA",3,"2023-08-16",2023-08-01,0.39,0,0,0.39,0,1,1
"nowcast","ARARAQUARA",4,"2023-08-16",2023-08-08,1.53025,0,1,0.53025,3,0,1
"nowcast","ARARAQUARA",1,"2023-08-23",2023-07-26,0.44,0.2,0,0.24,1,1,1
"nowcast","ARARAQUARA",2,"2023-08-23",2023-08-02,0.45,0,0.2,0.25,1,1,1
"nowcast","ARARAQUARA",3,"2023-08-23",2023-08-09,0.26,0,0,0.26,0,1,1
"nowcast","ARARAQUARA",4,"2023-08-23",2023-08-16,8.59,0,8.2,0.39,11,0,0
"nowcast","ARARAQUARA",1,"2023-08-30",2023-08-02,0.93,0,0.8,0.13,2,0,1
"nowcast","ARARAQUARA",2,"2023-08-30",2023-08-09,0.44025,0,0.2,0.24025,1,1,1
"nowcast","ARARAQUARA",3,"2023-08-30",2023-08-16,7.46,0,7.2,0.26,10,0,0
"nowcast","ARARAQUARA",4,"2023-08-30",2023-08-23,2.41,0,2,0.41,4,0,1
"nowcast","ARARAQUARA",1,"2023-09-06",2023-08-08,0.25,0,0,0.25,0,1,1
"nowcast","ARARAQUARA",2,"2023-09-06",2023-08-15,6.26,0,6,0.26,8,0,0
"nowcast","ARARAQUARA",3,"2023-09-06",2023-08-22,0.78,0,0.4,0.38,2,1,1
"nowcast","ARARAQUARA",4,"2023-09-06",2023-08-29,0.79,0,0,0.79,0,1,1
"nowcast","ARARAQUARA",1,"2023-09-19",2023-08-22,1.04025,0,0.8,0.24025,2,0,1
"nowcast","ARARAQUARA",2,"2023-09-19",2023-08-29,1.65,0,1.4,0.25,3,0,1
"nowcast","ARARAQUARA",3,"2023-09-19",2023-09-05,2.27,0,2,0.27,4,0,1
"nowcast","ARARAQUARA",4,"2023-09-19",2023-09-12,3.66,0,3,0.66,7,0,1
"nowcast","ARARAQUARA",1,"2023-09-27",2023-08-30,2.25,0,2,0.25,4,0,1
"nowcast","ARARAQUARA",2,"2023-09-27",2023-09-06,1.67,0,1.4,0.27,3,0,1
"nowcast","ARARAQUARA",3,"2023-09-27",2023-09-13,4.79,0,4.4,0.39,8,0,0
"nowcast","ARARAQUARA",4,"2023-09-27",2023-09-20,5.52,0,5,0.52,9,0,0
"nowcast","ARARAQUARA",1,"2023-10-06",2023-09-07,2.27,0,2,0.27,4,0,1
"nowcast","ARARAQUARA",2,"2023-10-06",2023-09-14,2.815,0,2.5,0.315,5,0,1
"nowcast","ARARAQUARA",3,"2023-10-06",2023-09-21,2,0,1.6,0.4,4,0,1
"nowcast","ARARAQUARA",4,"2023-10-06",2023-09-28,6.06,0,5.4,0.66,11,0,1
"nowcast","ARARAQUARA",1,"2023-10-11",2023-09-13,4.07,0,3.8,0.27,7,0,0
"nowcast","ARARAQUARA",2,"2023-10-11",2023-09-20,2.29,0,2,0.29,4,0,1
"nowcast","ARARAQUARA",3,"2023-10-11",2023-09-27,3.79,0,3.4,0.39,7,0,1
"nowcast","ARARAQUARA",4,"2023-10-11",2023-10-04,4.13,0,3.6,0.53,8,0,1
"nowcast","ARARAQUARA",1,"2023-10-18",2023-09-20,0.68,0,0,0.68,0,1,1
"nowcast","ARARAQUARA",2,"2023-10-18",2023-09-27,1.01,0.2,0,0.81,1,1,1
"nowcast","ARARAQUARA",3,"2023-10-18",2023-10-04,1.22025,0.4,0,0.82025,2,1,1
"nowcast","ARARAQUARA",4,"2023-10-18",2023-10-11,1.4,0,0.2,1.2,1,1,1
"nowcast","ARARAQUARA",1,"2023-10-20",2023-09-22,0.69025,0,0,0.69025,0,1,1
"nowcast","ARARAQUARA",2,"2023-10-20",2023-09-29,1.13,0.2,0,0.93,1,1,1
"nowcast","ARARAQUARA",3,"2023-10-20",2023-10-06,7.1005,5.99,0,1.1105,10,0,0
"nowcast","ARARAQUARA",4,"2023-10-20",2023-10-13,1.911,0.2,0,1.711,1,1,1
"nowcast","ARARAQUARA",1,"2023-10-25",2023-09-26,0.85,0.2,0,0.65,1,1,1
"nowcast","ARARAQUARA",2,"2023-10-25",2023-10-03,1.98,1.2,0,0.78,4,0,1
"nowcast","ARARAQUARA",3,"2023-10-25",2023-10-10,4.8905,3.99,0,0.9005,8,0,0
"nowcast","ARARAQUARA",4,"2023-10-25",2023-10-17,4.25,2.8,0,1.45,8,0,1
"nowcast","ARARAQUARA",1,"2023-11-01",2023-10-04,0.82,0,0.4,0.42,2,1,1
"nowcast","ARARAQUARA",2,"2023-11-01",2023-10-11,1.06,0.4,0,0.66,2,1,1
"nowcast","ARARAQUARA",3,"2023-11-01",2023-10-18,0.89,0,0.2,0.69,1,1,1
"nowcast","ARARAQUARA",4,"2023-11-01",2023-10-25,1.50025,0,0.4,1.10025,2,1,1
"nowcast","ARARAQUARA",1,"2023-11-08",2023-10-11,0.26,0,0,0.26,0,1,1
"nowcast","ARARAQUARA",2,"2023-11-08",2023-10-18,1.67,0,1.4,0.27,3,0,1
"nowcast","ARARAQUARA",3,"2023-11-08",2023-10-25,1.4,0,1,0.4,3,0,1
"nowcast","ARARAQUARA",4,"2023-11-08",2023-11-01,1.26,0,0.6,0.66,3,1,1
"nowcast","ARARAQUARA",1,"2023-11-13",2023-10-13,0.25,0,0,0.25,0,1,1
"nowcast","ARARAQUARA",2,"2023-11-13",2023-10-20,1.37,0,1,0.37,3,0,1
"nowcast","ARARAQUARA",3,"2023-11-13",2023-10-27,1.4,0,1,0.4,3,0,1
"nowcast","ARARAQUARA",4,"2023-11-13",2023-11-03,1.18,0,0.4,0.78,2,1,1
"nowcast","ARARAQUARA",1,"2023-11-29",2023-11-01,2.22,0,2.2,0.02,3,0,0
"nowcast","ARARAQUARA",2,"2023-11-29",2023-11-08,3.53,0,3.4,0.13,5,0,0
"nowcast","ARARAQUARA",3,"2023-11-29",2023-11-15,2.94,0,2.8,0.14,4,0,0
"nowcast","ARARAQUARA",4,"2023-11-29",2023-11-22,1.07,0,0.8,0.27,2,0,1
"nowcast","ARARAQUARA",1,"2023-12-06",2023-10-31,1.53,0,1.4,0.13,3,0,1
"nowcast","ARARAQUARA",2,"2023-12-06",2023-11-07,1.94,0,1.8,0.14,3,0,1
"nowcast","ARARAQUARA",3,"2023-12-06",2023-11-14,0.35,0,0.2,0.15,1,1,1
"nowcast","ARARAQUARA",4,"2023-12-06",2023-11-21,0.79025,0,0.4,0.39025,2,1,1
"nowcast","ARARAQUARA",1,"2023-12-13",2023-11-15,3.61,0,3.6,0.01,4,0,0
"nowcast","ARARAQUARA",2,"2023-12-13",2023-11-22,1.22,0,1.2,0.02,2,0,1
"nowcast","ARARAQUARA",3,"2023-12-13",2023-11-29,4.53,0,4.4,0.13,6,0,0
"nowcast","ARARAQUARA",4,"2023-12-13",2023-12-06,4.25,0,4,0.25,6,0,0
"nowcast","ARARAQUARA",1,"2023-12-20",2023-11-22,0.62,0,0.6,0.02,1,0,1
"nowcast","ARARAQUARA",2,"2023-12-20",2023-11-29,2.53,0,2.4,0.13,4,0,0
"nowcast","ARARAQUARA",3,"2023-12-20",2023-12-06,1.94,0,1.8,0.14,3,0,1
"nowcast","ARARAQUARA",4,"2023-12-20",2023-12-13,0.43,0,0,0.43,0,1,1
"nowcast","ARARAQUARA",1,"2023-12-27",2023-11-29,2.82025000000001,0,2.79000000000001,0.0302499999999998,4,0,0
"nowcast","ARARAQUARA",2,"2023-12-27",2023-12-06,1.53,0,1.4,0.13,3,0,1
"nowcast","ARARAQUARA",3,"2023-12-27",2023-12-13,0.95025,0,0.8,0.15025,2,0,1
"nowcast","ARARAQUARA",4,"2023-12-27",2023-12-20,0.42,0,0,0.42,0,1,1
"nowcast","ARARAQUARA",1,"2024-01-03",2023-12-01,2.45025,0,2.4,0.05025,4,0,1
"nowcast","ARARAQUARA",2,"2024-01-03",2023-12-08,0.35,0,0.2,0.15,1,1,1
"nowcast","ARARAQUARA",3,"2024-01-03",2023-12-15,0.47025,0,0.2,0.27025,1,1,1
"nowcast","ARARAQUARA",4,"2024-01-03",2023-12-22,1.27,0.8,0,0.47,2,0,1
"nowcast","ARARAQUARA",1,"2024-01-17",2023-12-19,1.24025,0,0.6,0.64025,1,0,1
"nowcast","ARARAQUARA",2,"2024-01-17",2023-12-26,1.473,0,0.8,0.672999999999997,2,0,1
"nowcast","ARARAQUARA",3,"2024-01-17",2024-01-02,0.783499999999997,0.2,0,0.583499999999997,1,1,1
"nowcast","ARARAQUARA",4,"2024-01-17",2024-01-09,0.900999999999999,0,0,0.900999999999999,0,1,1
"nowcast","ARARAQUARA",1,"2024-01-31",2023-12-27,1.21,0.8,0,0.41,2,0,1
"nowcast","ARARAQUARA",2,"2024-01-31",2024-01-03,1.22,0.8,0,0.42,2,0,1
"nowcast","ARARAQUARA",3,"2024-01-31",2024-01-10,2.13025,1.6,0,0.53025,4,0,1
"nowcast","ARARAQUARA",4,"2024-01-31",2024-01-17,0.77,0,0,0.77,0,1,1
"nowcast","ARARAQUARA",1,"2024-02-07",2024-01-10,0.86,0.6,0,0.26,1,0,1
"nowcast","ARARAQUARA",2,"2024-02-07",2024-01-17,0.47,0,0.2,0.27,1,1,1
"nowcast","ARARAQUARA",3,"2024-02-07",2024-01-24,0.58,0.2,0,0.38,1,1,1
"nowcast","ARARAQUARA",4,"2024-02-07",2024-01-31,4.15,0,3.6,0.55,8,0,1
"nowcast","ARARAQUARA",1,"2024-02-14",2024-01-18,0.46,0,0.2,0.26,1,1,1
"nowcast","ARARAQUARA",2,"2024-02-14",2024-01-25,0.47,0.2,0,0.27,1,1,1
"nowcast","ARARAQUARA",3,"2024-02-14",2024-02-01,1.4,0,1,0.4,3,0,1
"nowcast","ARARAQUARA",4,"2024-02-14",2024-02-08,11.275,0,10.7,0.575,16,0,0
"nowcast","ARARAQUARA",1,"2024-02-28",2024-01-31,0.48,0,0.2,0.28,1,1,1
"nowcast","ARARAQUARA",2,"2024-02-28",2024-02-07,1.39,0,1,0.39,3,0,1
"nowcast","ARARAQUARA",3,"2024-02-28",2024-02-14,1.27025,0,0.6,0.67025,3,1,1
"nowcast","ARARAQUARA",4,"2024-02-28",2024-02-21,10.96,0,9.6,1.36,20,0,1
"nowcast","ARARAQUARA",1,"2024-03-06",2024-02-07,1.83,0,1.4,0.43,3,0,1
"nowcast","ARARAQUARA",2,"2024-03-06",2024-02-14,2.38,0,1.8,0.58,5,0,1
"nowcast","ARARAQUARA",3,"2024-03-06",2024-02-21,4.96025,0,4.2,0.76025,9,0,1
"nowcast","ARARAQUARA",4,"2024-03-06",2024-02-28,5.06025,0,3.6,1.46025,10,0,1
"nowcast","ARARAQUARA",1,"2024-03-13",2024-02-14,4.52025,0,3.8,0.72025,7,0,1
"nowcast","ARARAQUARA",2,"2024-03-13",2024-02-21,7.27025,0,6.2,1.07025,11,0,1
"nowcast","ARARAQUARA",3,"2024-03-13",2024-02-28,7.19025,0,5.8,1.39025,11,0,1
"nowcast","ARARAQUARA",4,"2024-03-13",2024-03-06,10.01,0,8.2,1.81,17,0,1
"nowcast","ARARAQUARA",1,"2024-03-18",2024-02-17,1.23,0,0.8,0.43,2,0,1
"nowcast","ARARAQUARA",2,"2024-03-18",2024-02-24,2.16,0,1.6,0.56,4,0,1
"nowcast","ARARAQUARA",3,"2024-03-18",2024-03-02,1.2,0,0.4,0.8,2,1,1
"nowcast","ARARAQUARA",4,"2024-03-18",2024-03-09,4.97025,0,3,1.97025,11,0,1
"nowcast","ARARAQUARA",1,"2024-03-20",2024-02-21,2.49,0,1.8,0.69,5,0,1
"nowcast","ARARAQUARA",2,"2024-03-20",2024-02-28,1.805,0,1.1,0.705,4,0,1
"nowcast","ARARAQUARA",3,"2024-03-20",2024-03-06,4.88,0,4.2,0.68,9,0,1
"nowcast","ARARAQUARA",4,"2024-03-20",2024-03-13,9.83025,0,9,0.83025,17,0,1
"nowcast","ARARAQUARA",1,"2024-03-27",2024-02-28,1.44,0,1,0.44,3,0,1
"nowcast","ARARAQUARA",2,"2024-03-27",2024-03-06,2.75,0,2.2,0.55,5,0,1
"nowcast","ARARAQUARA",3,"2024-03-27",2024-03-13,2.18,0,1.6,0.58,4,0,1
"nowcast","ARARAQUARA",4,"2024-03-27",2024-03-20,1.55,0,0.6,0.95,3,1,1
"nowcast","ARARAQUARA",1,"2024-04-10",2024-03-13,2.86,0,2.6,0.26,5,0,1
"nowcast","ARARAQUARA",2,"2024-04-10",2024-03-20,0.47,0.2,0,0.27,1,1,1
"nowcast","ARARAQUARA",3,"2024-04-10",2024-03-27,0.8,0,0.4,0.4,2,1,1
"nowcast","ARARAQUARA",4,"2024-04-10",2024-04-03,4.27,0,3.6,0.67,8,0,1
"nowcast","ARARAQUARA",1,"2024-04-17",2024-03-14,1.86,0,1.6,0.26,4,0,1
"nowcast","ARARAQUARA",2,"2024-04-17",2024-03-21,0.57025,0.2,0,0.37025,1,1,1
"nowcast","ARARAQUARA",3,"2024-04-17",2024-03-28,0.92,0.4,0,0.52,2,1,1
"nowcast","ARARAQUARA",4,"2024-04-17",2024-04-04,2.64,0,1.8,0.84,5,0,1
"nowcast","ARARAQUARA",1,"2024-04-23",2024-03-23,0.27,0,0,0.27,0,1,1
"nowcast","ARARAQUARA",2,"2024-04-23",2024-03-30,0.59,0.2,0,0.39,1,1,1
"nowcast","ARARAQUARA",3,"2024-04-23",2024-04-06,0.73,0.2,0,0.53,1,1,1
"nowcast","ARARAQUARA",4,"2024-04-23",2024-04-13,2.38025,0,1,1.38025,5,1,1
"nowcast","ARARAQUARA",1,"2024-05-06",2024-04-05,0.73,0,0.6,0.13,1,0,1
"nowcast","ARARAQUARA",2,"2024-05-06",2024-04-12,0.45,0,0.2,0.25,1,1,1
"nowcast","ARARAQUARA",3,"2024-05-06",2024-04-19,0.77,0,0.4,0.37,2,1,1
"nowcast","ARARAQUARA",4,"2024-05-06",2024-04-26,3.68,0,3,0.68,7,0,1
"nowcast","ARARAQUARA",1,"2024-05-15",2024-04-16,0.75,0.6,0,0.15,1,0,1
"nowcast","ARARAQUARA",2,"2024-05-15",2024-04-23,1.06,0,0.8,0.26,2,0,1
"nowcast","ARARAQUARA",3,"2024-05-15",2024-04-30,2.11,1.6,0,0.51,4,0,1
"nowcast","ARARAQUARA",4,"2024-05-15",2024-05-07,0.93,0,0,0.93,0,1,1
"nowcast","ARARAQUARA",1,"2024-05-23",2024-04-25,1.04,0,0.8,0.24,2,0,1
"nowcast","ARARAQUARA",2,"2024-05-23",2024-05-02,0.44,0,0.2,0.24,1,1,1
"nowcast","ARARAQUARA",3,"2024-05-23",2024-05-09,1.06,0,0.8,0.26,2,0,1
"nowcast","ARARAQUARA",4,"2024-05-23",2024-05-16,1.945,0,1.5,0.445,4,0,1
"nowcast","ARARAQUARA",1,"2024-05-29",2024-05-01,2.53,0,2.4,0.13,4,0,0
"nowcast","ARARAQUARA",2,"2024-05-29",2024-05-08,2.52025,0,2.39,0.13025,4,0,0
"nowcast","ARARAQUARA",3,"2024-05-29",2024-05-15,1.05,0,0.8,0.25,2,0,1
"nowcast","ARARAQUARA",4,"2024-05-29",2024-05-22,0.5,0,0,0.5,0,1,1
"nowcast","ARARAQUARA",1,"2024-06-05",2024-05-08,2.4805,0,2.4,0.0805,4,0,1
"nowcast","ARARAQUARA",2,"2024-06-05",2024-05-15,1.87075,0,1.8,0.070749999999999,3,0,1
"nowcast","ARARAQUARA",3,"2024-06-05",2024-05-22,0.38025,0,0.2,0.18025,1,1,1
"nowcast","ARARAQUARA",4,"2024-06-05",2024-05-29,5.01,0,4.6,0.41,9,0,1
"nowcast","ARARAQUARA",1,"2024-06-12",2024-05-11,0.34,0,0.2,0.14,1,1,1
"nowcast","ARARAQUARA",2,"2024-06-12",2024-05-18,1.34,1.2,0,0.14,2,0,0
"nowcast","ARARAQUARA",3,"2024-06-12",2024-05-25,1.07,0,0.8,0.27,2,0,1
"nowcast","ARARAQUARA",4,"2024-06-12",2024-06-01,1.01,0.2,0,0.81,1,1,1
"nowcast","ARARAQUARA",1,"2024-06-19",2024-05-11,0.34025,0,0.2,0.14025,1,1,1
"nowcast","ARARAQUARA",2,"2024-06-19",2024-05-18,1.34,1.2,0,0.14,2,0,0
"nowcast","ARARAQUARA",3,"2024-06-19",2024-05-25,1.08,0,0.8,0.28,2,0,1
"nowcast","ARARAQUARA",4,"2024-06-19",2024-06-01,1.12,0.2,0,0.92,1,1,1
"nowcast","ARARAQUARA",1,"2024-06-26",2024-05-29,0.81025,0,0.6,0.21025,1,0,1
"nowcast","ARARAQUARA",2,"2024-06-26",2024-06-05,1.65025,0,1.4,0.25025,3,0,1
"nowcast","ARARAQUARA",3,"2024-06-26",2024-06-12,2.65,0,2.4,0.25,4,0,1
"nowcast","ARARAQUARA",4,"2024-06-26",2024-06-19,13.23,0,12.8,0.43,18,0,0
"nowcast","ARARAQUARA",1,"2024-07-04",2024-06-01,0.13,0,0,0.13,0,1,1
"nowcast","ARARAQUARA",2,"2024-07-04",2024-06-08,0.24025,0,0,0.24025,0,1,1
"nowcast","ARARAQUARA",3,"2024-07-04",2024-06-15,2.18,1.8,0,0.38,3,0,0
"nowcast","ARARAQUARA",4,"2024-07-04",2024-06-22,4.23,0,3.2,1.03,8,0,1
"nowcast","ARARAQUARA",1,"2024-07-17",2024-06-08,0.33,0,0.2,0.13,1,1,1
"nowcast","ARARAQUARA",2,"2024-07-17",2024-06-15,3.45,3.2,0,0.25,4,0,0
"nowcast","ARARAQUARA",3,"2024-07-17",2024-06-22,0.81,0,0.4,0.41,2,1,1
"nowcast","ARARAQUARA",4,"2024-07-17",2024-06-29,4.99,3.8,0,1.19,9,0,1
"nowcast","ARARAQUARA",1,"2024-08-07",2024-10-13,6.83,0,6.8,0.03,8,0,0
"nowcast","ARARAQUARA",2,"2024-08-07",2024-10-20,2.83,0,2.8,0.03,4,0,0
"nowcast","ARARAQUARA",3,"2024-08-07",2024-10-27,1.83,0,1.8,0.03,3,0,1
"nowcast","ARARAQUARA",4,"2024-08-07",2024-11-03,2.44,0,2.4,0.04,4,0,1
"nowcast","ARARAQUARA",1,"2024-08-28",2024-10-14,6.83,0,6.8,0.03,8,0,0
"nowcast","ARARAQUARA",2,"2024-08-28",2024-10-21,1.83,0,1.8,0.03,3,0,1
"nowcast","ARARAQUARA",3,"2024-08-28",2024-10-28,1.83025,0,1.8,0.0302499999999998,3,0,1
"nowcast","ARARAQUARA",4,"2024-08-28",2024-11-04,2.46,0,2.4,0.06,4,0,1
"nowcast","ARARAQUARA",1,"2024-09-03",2024-10-14,6.83,0,6.8,0.03,8,0,0
"nowcast","ARARAQUARA",2,"2024-09-03",2024-10-21,1.83,0,1.8,0.03,3,0,1
"nowcast","ARARAQUARA",3,"2024-09-03",2024-10-28,1.87,0,1.8,0.07,3,0,1
"nowcast","ARARAQUARA",4,"2024-09-03",2024-11-04,2.50025,0,2.4,0.10025,4,0,1
"nowcast","ARARAQUARA",1,"2024-09-11",2024-10-14,6.83,0,6.8,0.03,8,0,0
"nowcast","ARARAQUARA",2,"2024-09-11",2024-10-21,1.83,0,1.8,0.03,3,0,1
"nowcast","ARARAQUARA",3,"2024-09-11",2024-10-28,1.85,0,1.8,0.05,3,0,1
"nowcast","ARARAQUARA",4,"2024-09-11",2024-11-04,2.46,0,2.4,0.06,4,0,1
"nowcast","ARARAQUARA",1,"2024-09-25",2024-10-15,4.61,0,4.6,0.01,5,0,0
"nowcast","ARARAQUARA",2,"2024-09-25",2024-10-22,2.22,0,2.2,0.02,3,0,0
"nowcast","ARARAQUARA",3,"2024-09-25",2024-10-29,2.61,0,2.6,0.01,3,0,0
"nowcast","ARARAQUARA",4,"2024-09-25",2024-11-05,4.22,0,4.2,0.02,5,0,0
"nowcast","ARARAQUARA",1,"2024-10-02",2024-08-28,5.75025,5.19,0,0.56025,8,0,0
"nowcast","ARARAQUARA",2,"2024-10-02",2024-09-04,0.98,0,0.2,0.78,1,1,1
"nowcast","ARARAQUARA",3,"2024-10-02",2024-09-11,5.14,3.6,0,1.54,10,0,1
"nowcast","ARARAQUARA",4,"2024-10-02",2024-09-18,8.1405,5,0,3.1405,15,0,1
"nowcast","ARARAQUARA",1,"2024-10-09",2024-09-04,1.54,0,1,0.54,3,0,1
"nowcast","ARARAQUARA",2,"2024-10-09",2024-09-11,1.55,1,0,0.55,3,0,1
"nowcast","ARARAQUARA",3,"2024-10-09",2024-09-18,3.35,2.2,0,1.15,7,0,1
"nowcast","ARARAQUARA",4,"2024-10-09",2024-09-25,5.04025,2.8,0,2.24025,10,0,1
"nowcast","ARAÇATUBA",1,"2023-05-31",2023-05-03,0.38025,0,0.2,0.18025,1,1,1
"nowcast","ARAÇATUBA",2,"2023-05-31",2023-05-10,0.99025,0,0.8,0.19025,2,0,1
"nowcast","ARAÇATUBA",3,"2023-05-31",2023-05-17,3.4705,0,3.2,0.2705,6,0,1
"nowcast","ARAÇATUBA",4,"2023-05-31",2023-05-24,7.01025,0,6.59,0.42025,11,0,0
"nowcast","ARAÇATUBA",1,"2023-06-06",2023-05-09,1.9,0,1.8,0.1,3,0,1
"nowcast","ARAÇATUBA",2,"2023-06-06",2023-05-16,2.79,0,2.6,0.19,5,0,1
"nowcast","ARAÇATUBA",3,"2023-06-06",2023-05-23,0.97,0,0.8,0.17,2,0,1
"nowcast","ARAÇATUBA",4,"2023-06-06",2023-05-30,6.26,0,6,0.26,8,0,0
"nowcast","ARAÇATUBA",1,"2023-06-14",2023-05-17,3.05025,0,3,0.05025,5,0,1
"nowcast","ARAÇATUBA",2,"2023-06-14",2023-05-24,0.34,0,0.2,0.14,1,1,1
"nowcast","ARAÇATUBA",3,"2023-06-14",2023-05-31,0.15,0,0,0.15,0,1,1
"nowcast","ARAÇATUBA",4,"2023-06-14",2023-06-07,1.79,0,1.4,0.39,3,0,1
"nowcast","ARAÇATUBA",1,"2023-06-20",2023-05-23,0.70025,0,0.6,0.10025,1,0,1
"nowcast","ARAÇATUBA",2,"2023-06-20",2023-05-30,1.86,0,1.8,0.06,3,0,1
"nowcast","ARAÇATUBA",3,"2023-06-20",2023-06-06,0.15025,0,0,0.15025,0,1,1
"nowcast","ARAÇATUBA",4,"2023-06-20",2023-06-13,6.86,0,6.6,0.26,9,0,0
"nowcast","ARAÇATUBA",1,"2023-07-03",2023-06-03,3.28799999999999,0,1.2,2.08799999999999,2,0,1
"nowcast","ARAÇATUBA",2,"2023-07-03",2023-06-10,1.81349999999999,0,0,1.81349999999999,0,1,1
"nowcast","ARAÇATUBA",3,"2023-07-03",2023-06-17,2.3235,0,0.8,1.5235,2,0,1
"nowcast","ARAÇATUBA",4,"2023-07-03",2023-06-24,3.952,0,2,1.952,6,0,1
"nowcast","ARAÇATUBA",1,"2023-07-06",2023-06-08,4.59025,0,3,1.59025,5,0,1
"nowcast","ARAÇATUBA",2,"2023-07-06",2023-06-15,2.56225,1,0,1.56225,1,0,0
"nowcast","ARAÇATUBA",3,"2023-07-06",2023-06-22,3.7005,0,2,1.7005,4,0,1
"nowcast","ARAÇATUBA",4,"2023-07-06",2023-06-29,7.20574999999999,0,5.4,1.80574999999999,11,0,1
"nowcast","ARAÇATUBA",1,"2023-07-19",2023-06-20,335.059249999999,0,0.8,334.259249999999,2,0,1
"nowcast","ARAÇATUBA",2,"2023-07-19",2023-06-27,401.776,0,2,399.776,4,0,1
"nowcast","ARAÇATUBA",3,"2023-07-19",2023-07-04,267.880999999999,0,0.8,267.080999999999,2,0,1
"nowcast","ARAÇATUBA",4,"2023-07-19",2023-07-11,190.111749999998,0,2.2,187.911749999998,5,0,1
"nowcast","ARAÇATUBA",1,"2023-07-25",2023-06-27,696.853,0,2,694.853,4,0,1
"nowcast","ARAÇATUBA",2,"2023-07-25",2023-07-04,443.706999999995,0,0.8,442.906999999995,2,0,1
"nowcast","ARAÇATUBA",3,"2023-07-25",2023-07-11,231.733499999998,0,2,229.733499999998,4,0,1
"nowcast","ARAÇATUBA",4,"2023-07-25",2023-07-18,112.300999999998,0,3.2,109.100999999998,6,0,1
"nowcast","ARAÇATUBA",1,"2023-08-02",2023-07-05,46.49125,0,0.2,46.29125,1,1,1
"nowcast","ARAÇATUBA",2,"2023-08-02",2023-07-12,45.7207499999999,0,0.2,45.5207499999999,1,1,1
"nowcast","ARAÇATUBA",3,"2023-08-02",2023-07-19,38.2512499999998,0,0.8,37.4512499999998,2,0,1
"nowcast","ARAÇATUBA",4,"2023-08-02",2023-07-26,34.29025,0,4.6,29.69025,9,0,1
"nowcast","ARAÇATUBA",1,"2023-08-08",2023-07-11,1.3505,0,1.2,0.1505,2,0,1
"nowcast","ARAÇATUBA",2,"2023-08-08",2023-07-18,0.42,0,0.2,0.22,1,1,1
"nowcast","ARAÇATUBA",3,"2023-08-08",2023-07-25,0.44025,0,0.2,0.24025,1,1,1
"nowcast","ARAÇATUBA",4,"2023-08-08",2023-08-01,3.65025,0,3.3,0.35025,6.5,0,1
"nowcast","ARAÇATUBA",1,"2023-08-16",2023-07-19,0.14,0,0,0.14,0,1,1
"nowcast","ARAÇATUBA",2,"2023-08-16",2023-07-26,0.95,0,0.8,0.15,2,0,1
"nowcast","ARAÇATUBA",3,"2023-08-16",2023-08-02,1.54,0,1.4,0.14,3,0,1
"nowcast","ARAÇATUBA",4,"2023-08-16",2023-08-09,7.87,0,7.6,0.27,10,0,0
"nowcast","ARAÇATUBA",1,"2023-08-23",2023-07-26,0.34,0,0.2,0.14,1,1,1
"nowcast","ARAÇATUBA",2,"2023-08-23",2023-08-02,0.95025,0,0.8,0.15025,2,0,1
"nowcast","ARAÇATUBA",3,"2023-08-23",2023-08-09,2.55,0,2.4,0.15,4,0,1
"nowcast","ARAÇATUBA",4,"2023-08-23",2023-08-16,4.41,0,4,0.41,8,0,1
"nowcast","ARAÇATUBA",1,"2023-08-30",2023-08-02,0.92,0,0.8,0.12,2,0,1
"nowcast","ARAÇATUBA",2,"2023-08-30",2023-08-09,0.13,0,0,0.13,0,1,1
"nowcast","ARAÇATUBA",3,"2023-08-30",2023-08-16,0.44,0,0.2,0.24,1,1,1
"nowcast","ARAÇATUBA",4,"2023-08-30",2023-08-23,1.5,0,1,0.5,3,0,1
"nowcast","ARAÇATUBA",1,"2023-09-06",2023-08-09,0.15025,0,0,0.15025,0,1,1
"nowcast","ARAÇATUBA",2,"2023-09-06",2023-08-16,0.95025,0,0.8,0.15025,2,0,1
"nowcast","ARAÇATUBA",3,"2023-09-06",2023-08-23,0.45025,0.2,0,0.25025,1,1,1
"nowcast","ARAÇATUBA",4,"2023-09-06",2023-08-30,4.4,0,4,0.4,8,0,1
"nowcast","ARAÇATUBA",1,"2023-09-19",2023-08-22,0.34,0,0.2,0.14,1,1,1
"nowcast","ARAÇATUBA",2,"2023-09-19",2023-08-29,2.15,0,2,0.15,4,0,1
"nowcast","ARAÇATUBA",3,"2023-09-19",2023-09-05,0.15,0,0,0.15,0,1,1
"nowcast","ARAÇATUBA",4,"2023-09-19",2023-09-12,2.02,0,1.6,0.42,4,0,1
"nowcast","ARAÇATUBA",1,"2023-09-27",2023-08-30,2.53,0,2.4,0.13,4,0,0
"nowcast","ARAÇATUBA",2,"2023-09-27",2023-09-06,0.14,0,0,0.14,0,1,1
"nowcast","ARAÇATUBA",3,"2023-09-27",2023-09-13,0.45,0.2,0,0.25,1,1,1
"nowcast","ARAÇATUBA",4,"2023-09-27",2023-09-20,10.13,0,9.6,0.53,14,0,0
"nowcast","ARAÇATUBA",1,"2023-10-06",2023-09-08,3.14,0,3,0.14,5,0,0
"nowcast","ARAÇATUBA",2,"2023-10-06",2023-09-15,2.14,2,0,0.14,2,0,0
"nowcast","ARAÇATUBA",3,"2023-10-06",2023-09-22,2.28,0,2,0.28,4,0,1
"nowcast","ARAÇATUBA",4,"2023-10-06",2023-09-29,1.65,0,0.6,1.05,3,1,1
"nowcast","ARAÇATUBA",1,"2023-10-11",2023-09-13,0.14,0,0,0.14,0,1,1
"nowcast","ARAÇATUBA",2,"2023-10-11",2023-09-20,1.54,0,1.4,0.14,3,0,1
"nowcast","ARAÇATUBA",3,"2023-10-11",2023-09-27,2.26,0,2,0.26,4,0,1
"nowcast","ARAÇATUBA",4,"2023-10-11",2023-10-04,1.84,0,1.2,0.64,4,0,1
"nowcast","ARAÇATUBA",1,"2023-10-18",2023-09-20,180.977249999999,0,1.8,179.177249999999,3,0,1
"nowcast","ARAÇATUBA",2,"2023-10-18",2023-09-27,198.126,0,2,196.126,4,0,1
"nowcast","ARAÇATUBA",3,"2023-10-18",2023-10-04,183.947999999999,0,0.8,183.147999999999,2,0,1
"nowcast","ARAÇATUBA",4,"2023-10-18",2023-10-11,183.578249999999,0,0.8,182.778249999999,4,1,1
"nowcast","ARAÇATUBA",1,"2023-10-20",2023-09-22,2.67175,0,1.8,0.87175,3,0,1
"nowcast","ARAÇATUBA",2,"2023-10-20",2023-09-29,5.0145,4,0,1.0145,4,0,0
"nowcast","ARAÇATUBA",3,"2023-10-20",2023-10-06,3.39175,0,2.2,1.19175,5,0,1
"nowcast","ARAÇATUBA",4,"2023-10-20",2023-10-13,2.282,0,0.4,1.882,2,1,1
"nowcast","ARAÇATUBA",1,"2023-10-25",2023-09-27,11662.404,0,1.8,11660.604,3,0,1
"nowcast","ARAÇATUBA",2,"2023-10-25",2023-10-04,10298.1774999999,0,0.8,10297.3774999999,2,0,1
"nowcast","ARAÇATUBA",3,"2023-10-25",2023-10-11,6988.72899999991,0,0,6988.72899999991,0,1,1
"nowcast","ARAÇATUBA",4,"2023-10-25",2023-10-18,10744.56625,0,2.4,10742.16625,6,0,1
"nowcast","ARAÇATUBA",1,"2023-11-01",2023-10-04,472.790749999999,0,0.2,472.590749999999,1,1,1
"nowcast","ARAÇATUBA",2,"2023-11-01",2023-10-11,294.4855,0,0.2,294.2855,1,1,1
"nowcast","ARAÇATUBA",3,"2023-11-01",2023-10-18,207.921249999997,0,2.8,205.121249999997,6,0,1
"nowcast","ARAÇATUBA",4,"2023-11-01",2023-10-25,235.415749999998,0,1.8,233.615749999998,5,0,1
"nowcast","ARAÇATUBA",1,"2023-11-08",2023-10-11,0.98149999999999,0,0,0.98149999999999,0,1,1
"nowcast","ARAÇATUBA",2,"2023-11-08",2023-10-18,2.58175,0,1.4,1.18175,3,0,1
"nowcast","ARAÇATUBA",3,"2023-11-08",2023-10-25,1.71075,0,0.2,1.51075,1,1,1
"nowcast","ARAÇATUBA",4,"2023-11-08",2023-11-01,4.261,0,2.8,1.461,6,0,1
"nowcast","ARAÇATUBA",1,"2023-11-13",2023-10-15,2.112,0,0.8,1.312,2,0,1
"nowcast","ARAÇATUBA",2,"2023-11-13",2023-10-22,1.355,0.2,0,1.155,1,1,1
"nowcast","ARAÇATUBA",3,"2023-11-13",2023-10-29,1.18424999999998,0,0,1.18424999999998,0,1,1
"nowcast","ARAÇATUBA",4,"2023-11-13",2023-11-05,2.882,0,0.4,2.482,2,1,1
"nowcast","ARAÇATUBA",1,"2023-11-29",2023-11-01,0.5105,0,0,0.5105,0,1,1
"nowcast","ARAÇATUBA",2,"2023-11-29",2023-11-08,0.511499999999999,0,0,0.511499999999999,0,1,1
"nowcast","ARAÇATUBA",3,"2023-11-29",2023-11-15,0.541499999999999,0,0,0.541499999999999,0,1,1
"nowcast","ARAÇATUBA",4,"2023-11-29",2023-11-22,3.4305,0,2.8,0.6305,6,0,1
"nowcast","ARAÇATUBA",1,"2023-12-06",2023-11-08,1.14425,0,0,1.14425,0,1,1
"nowcast","ARAÇATUBA",2,"2023-12-06",2023-11-15,1.88025,0,0.6,1.28025,1,0,1
"nowcast","ARAÇATUBA",3,"2023-12-06",2023-11-22,1.20674999999999,0,0,1.20674999999999,0,1,1
"nowcast","ARAÇATUBA",4,"2023-12-06",2023-11-29,1.95224999999999,0,0.8,1.15224999999999,2,0,1
"nowcast","ARAÇATUBA",1,"2023-12-13",2023-11-15,1.3935,0,0.6,0.793499999999997,1,0,1
"nowcast","ARAÇATUBA",2,"2023-12-13",2023-11-22,1.234,0,0.6,0.633999999999996,1,0,1
"nowcast","ARAÇATUBA",3,"2023-12-13",2023-11-29,2.0705,0,1.4,0.6705,3,0,1
"nowcast","ARAÇATUBA",4,"2023-12-13",2023-12-06,7.5835,0,7,0.583499999999997,13,0,1
"nowcast","ARAÇATUBA",1,"2023-12-20",2023-11-22,1.782,0,0.6,1.182,1,0,1
"nowcast","ARAÇATUBA",2,"2023-12-20",2023-11-29,1.79375,0,0.6,1.19375,1,0,1
"nowcast","ARAÇATUBA",3,"2023-12-20",2023-12-06,2.96524999999999,0,2,0.965249999999995,4,0,1
"nowcast","ARAÇATUBA",4,"2023-12-20",2023-12-13,2.52624999999999,0,1.6,0.926249999999994,4,0,1
"nowcast","ARAÇATUBA",1,"2023-12-27",2023-11-29,1.80549999999999,0,0.6,1.20549999999999,1,0,1
"nowcast","ARAÇATUBA",2,"2023-12-27",2023-12-06,1.27375,0,0.2,1.07375,1,1,1
"nowcast","ARAÇATUBA",3,"2023-12-27",2023-12-13,1.68075,0,0.8,0.880749999999999,2,0,1
"nowcast","ARAÇATUBA",4,"2023-12-27",2023-12-20,1.5625,0,0.8,0.762499999999998,2,0,1
"nowcast","ARAÇATUBA",1,"2024-01-03",2023-11-29,0.62,0,0.6,0.02,1,0,1
"nowcast","ARAÇATUBA",2,"2024-01-03",2023-12-06,0.32,0,0.2,0.12,1,1,1
"nowcast","ARAÇATUBA",3,"2024-01-03",2023-12-13,0.33,0,0.2,0.13,1,1,1
"nowcast","ARAÇATUBA",4,"2024-01-03",2023-12-20,0.27,0,0,0.27,0,1,1
"nowcast","ARAÇATUBA",1,"2024-01-17",2023-12-20,0.451749999999998,0,0,0.451749999999998,0,1,1
"nowcast","ARAÇATUBA",2,"2024-01-17",2023-12-27,0.45025,0,0,0.45025,0,1,1
"nowcast","ARAÇATUBA",3,"2024-01-17",2024-01-03,0.97,0,0.6,0.37,1,0,1
"nowcast","ARAÇATUBA",4,"2024-01-17",2024-01-10,4.021,0,3.6,0.420999999999999,6,0,1
"nowcast","ARAÇATUBA",1,"2024-01-31",2024-01-03,0.96049999999999,0,0.6,0.36049999999999,1,0,1
"nowcast","ARAÇATUBA",2,"2024-01-31",2024-01-10,2.32499999999999,0,1.8,0.524999999999995,3,0,1
"nowcast","ARAÇATUBA",3,"2024-01-31",2024-01-17,0.871499999999999,0,0.2,0.671499999999999,1,1,1
"nowcast","ARAÇATUBA",4,"2024-01-31",2024-01-24,3.0405,0,2,1.0405,4,0,1
"nowcast","ARAÇATUBA",1,"2024-02-07",2024-01-10,0.63,0,0.6,0.03,1,0,1
"nowcast","ARAÇATUBA",2,"2024-02-07",2024-01-17,0.34,0,0.2,0.14,1,1,1
"nowcast","ARAÇATUBA",3,"2024-02-07",2024-01-24,0.94025,0,0.8,0.14025,2,0,1
"nowcast","ARAÇATUBA",4,"2024-02-07",2024-01-31,5.09,0,4.8,0.29,8,0,0
"nowcast","ARAÇATUBA",1,"2024-02-14",2024-01-18,1.16,1,0,0.16,1,0,0
"nowcast","ARAÇATUBA",2,"2024-02-14",2024-01-25,0.16,0,0,0.16,0,1,1
"nowcast","ARAÇATUBA",3,"2024-02-14",2024-02-01,2.27,0,2,0.27,4,0,1
"nowcast","ARAÇATUBA",4,"2024-02-14",2024-02-08,10.1,0,9.4,0.7,17,0,0
"nowcast","ARAÇATUBA",1,"2024-02-28",2024-01-31,1.10075,0,0.2,0.900749999999999,1,1,1
"nowcast","ARAÇATUBA",2,"2024-02-28",2024-02-07,2.3625,0,1,1.3625,3,0,1
"nowcast","ARAÇATUBA",3,"2024-02-28",2024-02-14,2.9245,0,1.4,1.5245,3,0,1
"nowcast","ARAÇATUBA",4,"2024-02-28",2024-02-21,4.41,0,2.4,2.01,6,0,1
"nowcast","ARAÇATUBA",1,"2024-03-06",2024-02-07,1.84025,0,1.4,0.44025,3,0,1
"nowcast","ARAÇATUBA",2,"2024-03-06",2024-02-14,2.55025,0,2,0.55025,4,0,1
"nowcast","ARAÇATUBA",3,"2024-03-06",2024-02-21,0.811999999999998,0,0.4,0.411999999999998,2,1,1
"nowcast","ARAÇATUBA",4,"2024-03-06",2024-02-28,3.39025,0,2.8,0.59025,6,0,1
"nowcast","ARAÇATUBA",1,"2024-03-13",2024-02-10,0.680749999999999,0,0.2,0.480749999999999,1,1,1
"nowcast","ARAÇATUBA",2,"2024-03-13",2024-02-17,2.13,0,1.6,0.53,4,0,1
"nowcast","ARAÇATUBA",3,"2024-03-13",2024-02-24,1.55025,0,1,0.55025,3,0,1
"nowcast","ARAÇATUBA",4,"2024-03-13",2024-03-02,1.30025,0,0.2,1.10025,1,1,1
"nowcast","ARAÇATUBA",1,"2024-03-18",2024-02-17,2.32,0,2,0.32,4,0,1
"nowcast","ARAÇATUBA",2,"2024-03-18",2024-02-24,1.11,0,0.8,0.31,2,0,1
"nowcast","ARAÇATUBA",3,"2024-03-18",2024-03-02,3.49,0,3.2,0.29,6,0,1
"nowcast","ARAÇATUBA",4,"2024-03-18",2024-03-09,1.28025,0,0.6,0.68025,3,1,1
"nowcast","ARAÇATUBA",1,"2024-03-20",2024-02-21,2.12275,0,1.4,0.722749999999997,3,0,1
"nowcast","ARAÇATUBA",2,"2024-03-20",2024-02-28,3.20075,0,2.6,0.600749999999999,5,0,1
"nowcast","ARAÇATUBA",3,"2024-03-20",2024-03-06,3.31,0,2.6,0.71,5,0,1
"nowcast","ARAÇATUBA",4,"2024-03-20",2024-03-13,4.70025,0,4,0.70025,8,0,1
"nowcast","ARAÇATUBA",1,"2024-03-27",2024-02-28,1.87025,0,1.4,0.47025,3,0,1
"nowcast","ARAÇATUBA",2,"2024-03-27",2024-03-06,1.88025,0,1.4,0.48025,3,0,1
"nowcast","ARAÇATUBA",3,"2024-03-27",2024-03-13,1.83025,0,1.4,0.43025,3,0,1
"nowcast","ARAÇATUBA",4,"2024-03-27",2024-03-20,5.82,0,5.2,0.62,10,0,1
"nowcast","ARAÇATUBA",1,"2024-04-10",2024-03-12,1.921,0,1.8,0.120999999999999,3,0,1
"nowcast","ARAÇATUBA",2,"2024-04-10",2024-03-19,1.68025,0,1.4,0.28025,3,0,1
"nowcast","ARAÇATUBA",3,"2024-04-10",2024-03-26,0.57025,0,0.2,0.37025,1,1,1
"nowcast","ARAÇATUBA",4,"2024-04-10",2024-04-02,12.83025,0,12.19,0.64025,21,0,0
"nowcast","ARAÇATUBA",1,"2024-04-17",2024-03-07,0.96,0,0.8,0.16,2,0,1
"nowcast","ARAÇATUBA",2,"2024-04-17",2024-03-14,3.48,3.2,0,0.28,4,0,0
"nowcast","ARAÇATUBA",3,"2024-04-17",2024-03-21,0.6,0,0.2,0.4,1,1,1
"nowcast","ARAÇATUBA",4,"2024-04-17",2024-03-28,2.64,0,1.8,0.84,5,0,1
"nowcast","ARAÇATUBA",1,"2024-04-23",2024-03-25,0.34,0.2,0,0.14,1,1,1
"nowcast","ARAÇATUBA",2,"2024-04-23",2024-04-01,0.26,0,0,0.26,0,1,1
"nowcast","ARAÇATUBA",3,"2024-04-23",2024-04-08,0.82,0,0.4,0.42,2,1,1
"nowcast","ARAÇATUBA",4,"2024-04-23",2024-04-15,1.37,0,0,1.37,0,1,1
"nowcast","ARAÇATUBA",1,"2024-05-06",2024-04-05,3.97025,0,3.8,0.17025,7,0,1
"nowcast","ARAÇATUBA",2,"2024-05-06",2024-04-12,1.44,0,1,0.44,3,0,1
"nowcast","ARAÇATUBA",3,"2024-05-06",2024-04-19,7.3,6.6,0,0.7,9,0,0
"nowcast","ARAÇATUBA",4,"2024-05-06",2024-04-26,5.74,0,3.6,2.14,12,0,1
"nowcast","ARAÇATUBA",1,"2024-05-15",2024-04-17,9.64549999999999,0,1.4,8.24549999999999,3,0,1
"nowcast","ARAÇATUBA",2,"2024-05-15",2024-04-24,8.23924999999999,0,2,6.23924999999999,4,0,1
"nowcast","ARAÇATUBA",3,"2024-05-15",2024-05-01,9.84424999999998,0.2,0,9.64424999999998,1,1,1
"nowcast","ARAÇATUBA",4,"2024-05-15",2024-05-08,11.8142499999998,0,3.4,8.41424999999981,9,0,1
"nowcast","ARAÇATUBA",1,"2024-05-23",2024-04-25,12.0835,0,11.6,0.483499999999997,20,0,1
"nowcast","ARAÇATUBA",2,"2024-05-23",2024-05-02,4.85025,4.2,0,0.65025,5,0,0
"nowcast","ARAÇATUBA",3,"2024-05-23",2024-05-09,2.3105,0,1.6,0.7105,4,0,1
"nowcast","ARAÇATUBA",4,"2024-05-23",2024-05-16,3.05,0,1.2,1.85,6,1,1
"nowcast","ARAÇATUBA",1,"2024-05-29",2024-05-01,1.79175,0,0.2,1.59175,1,1,1
"nowcast","ARAÇATUBA",2,"2024-05-29",2024-05-08,3.74325,0,2.6,1.14325,5,0,1
"nowcast","ARAÇATUBA",3,"2024-05-29",2024-05-15,2.96125,0,2,0.961249999999999,4,0,1
"nowcast","ARAÇATUBA",4,"2024-05-29",2024-05-22,6.96,0,6,0.96,12,0,1
"nowcast","ARAÇATUBA",1,"2024-06-05",2024-05-01,1.07425,0,0.2,0.87425,1,1,1
"nowcast","ARAÇATUBA",2,"2024-06-05",2024-05-08,3.591,0,2.6,0.991,5,0,1
"nowcast","ARAÇATUBA",3,"2024-06-05",2024-05-15,0.821499999999999,0,0,0.821499999999999,0,1,1
"nowcast","ARAÇATUBA",4,"2024-06-05",2024-05-22,1.69225,0,0.4,1.29225,2,1,1
"nowcast","ARAÇATUBA",1,"2024-06-12",2024-05-11,0.14,0,0,0.14,0,1,1
"nowcast","ARAÇATUBA",2,"2024-06-12",2024-05-18,1.65,0,1.4,0.25,3,0,1
"nowcast","ARAÇATUBA",3,"2024-06-12",2024-05-25,1.2,0.8,0,0.4,2,0,1
"nowcast","ARAÇATUBA",4,"2024-06-12",2024-06-01,1.81025,0.2,0,1.61025,1,1,1
"nowcast","ARAÇATUBA",1,"2024-06-19",2024-05-11,0.13,0,0,0.13,0,1,1
"nowcast","ARAÇATUBA",2,"2024-06-19",2024-05-18,1.65,0,1.4,0.25,3,0,1
"nowcast","ARAÇATUBA",3,"2024-06-19",2024-05-25,1.2,0.8,0,0.4,2,0,1
"nowcast","ARAÇATUBA",4,"2024-06-19",2024-06-01,1.5,0,0,1.5,0,1,1
"nowcast","ARAÇATUBA",1,"2024-06-26",2024-05-29,0.62,0,0.6,0.02,1,0,1
"nowcast","ARAÇATUBA",2,"2024-06-26",2024-06-05,2.92,0,2.8,0.12,4,0,0
"nowcast","ARAÇATUBA",3,"2024-06-26",2024-06-12,0.83,0,0.7,0.13,1.5,0,1
"nowcast","ARAÇATUBA",4,"2024-06-26",2024-06-19,9.1,0,8.8,0.3,12,0,0
"nowcast","ARAÇATUBA",1,"2024-07-04",2024-06-02,0.12,0,0,0.12,0,1,1
"nowcast","ARAÇATUBA",2,"2024-07-04",2024-06-09,0.13,0,0,0.13,0,1,1
"nowcast","ARAÇATUBA",3,"2024-07-04",2024-06-16,0.27,0,0,0.27,0,1,1
"nowcast","ARAÇATUBA",4,"2024-07-04",2024-06-23,1.27025,0,0.2,1.07025,1,1,1
"nowcast","ARAÇATUBA",1,"2024-07-17",2024-06-08,0.03,0,0,0.03,0,1,1
"nowcast","ARAÇATUBA",2,"2024-07-17",2024-06-15,1.13,1,0,0.13,1,0,0
"nowcast","ARAÇATUBA",3,"2024-07-17",2024-06-22,0.46025,0,0.2,0.26025,1,1,1
"nowcast","ARAÇATUBA",4,"2024-07-17",2024-06-29,1.13,0,0.2,0.93,1,1,1
"nowcast","ARAÇATUBA",1,"2024-08-28",2024-10-07,15,0,15,0,15,0,0
"nowcast","ARAÇATUBA",2,"2024-08-28",2024-10-14,9,0,9,0,9,0,0
"nowcast","ARAÇATUBA",3,"2024-08-28",2024-10-21,6,0,6,0,6,0,0
"nowcast","ARAÇATUBA",4,"2024-08-28",2024-10-28,9,0,9,0,9,0,0
"nowcast","ARAÇATUBA",1,"2024-09-03",2024-10-07,15,0,15,0,15,0,0
"nowcast","ARAÇATUBA",2,"2024-09-03",2024-10-14,9,0,9,0,9,0,0
"nowcast","ARAÇATUBA",3,"2024-09-03",2024-10-21,6,0,6,0,6,0,0
"nowcast","ARAÇATUBA",4,"2024-09-03",2024-10-28,9,0,9,0,9,0,0
"nowcast","ARAÇATUBA",1,"2024-09-11",2024-10-07,28.0972499999999,0,9,19.0972499999999,15,0,1
"nowcast","ARAÇATUBA",2,"2024-09-11",2024-10-14,83.09575,0,5.4,77.69575,9,0,1
"nowcast","ARAÇATUBA",3,"2024-09-11",2024-10-21,147.263999999999,0,3.6,143.663999999999,6,0,1
"nowcast","ARAÇATUBA",4,"2024-09-11",2024-10-28,429.432749999994,0,5.4,424.032749999994,9,0,1
"nowcast","ARAÇATUBA",1,"2024-09-25",2024-10-08,14679386670.9941,0,9.6,14679386661.3941,16,0,1
"nowcast","ARAÇATUBA",2,"2024-09-25",2024-10-15,51787153242906.1,0,4.2,51787153242901.9,7,0,1
"nowcast","ARAÇATUBA",3,"2024-09-25",2024-10-22,54686358368942.8,0,5.4,54686358368937.4,9,0,1
"nowcast","ARAÇATUBA",4,"2024-09-25",2024-10-29,3105700363971109888,0,3.6,3105700363971109888,6,0,1
"nowcast","ARAÇATUBA",1,"2024-10-02",2024-09-04,0.46,0,0.2,0.26,1,1,1
"nowcast","ARAÇATUBA",2,"2024-10-02",2024-09-11,1.05,0,0.8,0.25,2,0,1
"nowcast","ARAÇATUBA",3,"2024-10-02",2024-09-18,1.65,0,1.4,0.25,3,0,1
"nowcast","ARAÇATUBA",4,"2024-10-02",2024-09-25,4.87,0,4.6,0.27,7,0,0
"nowcast","ARAÇATUBA",1,"2024-10-09",2024-09-12,0.93,0,0.8,0.13,2,0,1
"nowcast","ARAÇATUBA",2,"2024-10-09",2024-09-19,0.33,0,0.2,0.13,1,1,1
"nowcast","ARAÇATUBA",3,"2024-10-09",2024-09-26,0.13,0,0,0.13,0,1,1
"nowcast","ARAÇATUBA",4,"2024-10-09",2024-10-03,1.68,0,1.4,0.28,3,0,1
"nowcast","BAIXADA SANTISTA",1,"2023-05-31",2023-05-03,0.91,0.4,0,0.51,2,1,1
"nowcast","BAIXADA SANTISTA",2,"2023-05-31",2023-05-10,1.53,1,0,0.53,3,0,1
"nowcast","BAIXADA SANTISTA",3,"2023-05-31",2023-05-17,2.81,0,1.9,0.91,5.5,0,1
"nowcast","BAIXADA SANTISTA",4,"2023-05-31",2023-05-24,9.12,0,7.4,1.72,17,0,1
"nowcast","BAIXADA SANTISTA",1,"2023-06-06",2023-05-09,1.79,1.4,0,0.39,3,0,1
"nowcast","BAIXADA SANTISTA",2,"2023-06-06",2023-05-16,0.72,0.2,0,0.52,1,1,1
"nowcast","BAIXADA SANTISTA",3,"2023-06-06",2023-05-23,2.43,1.4,0,1.03,5,0,1
"nowcast","BAIXADA SANTISTA",4,"2023-06-06",2023-05-30,4.895,0,2.6,2.295,11,0,1
"nowcast","BAIXADA SANTISTA",1,"2023-06-14",2023-05-17,0.69,0,0.2,0.49,1,1,1
"nowcast","BAIXADA SANTISTA",2,"2023-06-14",2023-05-24,1.01,0.4,0,0.61,2,1,1
"nowcast","BAIXADA SANTISTA",3,"2023-06-14",2023-05-31,5.44,0,4.4,1.04,10,0,1
"nowcast","BAIXADA SANTISTA",4,"2023-06-14",2023-06-07,13.95,0,11.6,2.35,26,0,1
"nowcast","BAIXADA SANTISTA",1,"2023-06-20",2023-05-23,2.11,1.6,0,0.51,4,0,1
"nowcast","BAIXADA SANTISTA",2,"2023-06-20",2023-05-30,0.65,0,0,0.65,0,1,1
"nowcast","BAIXADA SANTISTA",3,"2023-06-20",2023-06-06,2.2,0,1,1.2,5,1,1
"nowcast","BAIXADA SANTISTA",4,"2023-06-20",2023-06-13,3.99,0.6,0,3.39,3,1,1
"nowcast","BAIXADA SANTISTA",1,"2023-07-03",2023-06-03,1.51,1,0,0.51,3,0,1
"nowcast","BAIXADA SANTISTA",2,"2023-07-03",2023-06-10,0.98,0,0.2,0.78,1,1,1
"nowcast","BAIXADA SANTISTA",3,"2023-07-03",2023-06-17,2.68,0.6,0,2.08,3,1,1
"nowcast","BAIXADA SANTISTA",4,"2023-07-03",2023-06-24,7.5905,2.7,0,4.8905,13.5,1,1
"nowcast","BAIXADA SANTISTA",1,"2023-07-06",2023-06-01,4.13,3.6,0,0.53,6,0,0
"nowcast","BAIXADA SANTISTA",2,"2023-07-06",2023-06-08,0.99,0.2,0,0.79,1,1,1
"nowcast","BAIXADA SANTISTA",3,"2023-07-06",2023-06-15,3.20025,1,0,2.20025,5,1,1
"nowcast","BAIXADA SANTISTA",4,"2023-07-06",2023-06-22,5.13025,0,0.2,4.93025,1,1,1
"nowcast","BAIXADA SANTISTA",1,"2023-07-19",2023-06-21,1.68,0,1.4,0.28,3,0,1
"nowcast","BAIXADA SANTISTA",2,"2023-07-19",2023-06-28,0.93,0,0.4,0.53,2,1,1
"nowcast","BAIXADA SANTISTA",3,"2023-07-19",2023-07-05,2.25,0,0.8,1.45,4,1,1
"nowcast","BAIXADA SANTISTA",4,"2023-07-19",2023-07-12,12.32025,9.4,0,2.92025,23,0,1
"nowcast","BAIXADA SANTISTA",1,"2023-07-25",2023-06-27,0.81,0,0.4,0.41,2,1,1
"nowcast","BAIXADA SANTISTA",2,"2023-07-25",2023-07-04,4.54,0,4,0.54,8,0,1
"nowcast","BAIXADA SANTISTA",3,"2023-07-25",2023-07-11,2.19,1,0,1.19,5,1,1
"nowcast","BAIXADA SANTISTA",4,"2023-07-25",2023-07-18,10.48,8,0,2.48,18,0,1
"nowcast","BAIXADA SANTISTA",1,"2023-08-02",2023-07-05,6.57,0,6.2,0.37,9,0,0
"nowcast","BAIXADA SANTISTA",2,"2023-08-02",2023-07-12,0.7,0,0.2,0.5,1,1,1
"nowcast","BAIXADA SANTISTA",3,"2023-08-02",2023-07-19,4.35,3.2,0,1.15,8,0,1
"nowcast","BAIXADA SANTISTA",4,"2023-08-02",2023-07-26,8.3505,5.8,0,2.5505,15,0,1
"nowcast","BAIXADA SANTISTA",1,"2023-08-08",2023-07-04,8.57,0,8.2,0.37,11,0,0
"nowcast","BAIXADA SANTISTA",2,"2023-08-08",2023-07-11,0.7,0,0.2,0.5,1,1,1
"nowcast","BAIXADA SANTISTA",3,"2023-08-08",2023-07-18,6.63,5.6,0,1.03,10,0,0
"nowcast","BAIXADA SANTISTA",4,"2023-08-08",2023-07-25,6.54,4.4,0,2.14,12,0,1
"nowcast","BAIXADA SANTISTA",1,"2023-08-16",2023-07-19,1.51,1,0,0.51,3,0,1
"nowcast","BAIXADA SANTISTA",2,"2023-08-16",2023-07-26,1.65,1,0,0.65,3,0,1
"nowcast","BAIXADA SANTISTA",3,"2023-08-16",2023-08-02,1.59,0.4,0,1.19,2,1,1
"nowcast","BAIXADA SANTISTA",4,"2023-08-16",2023-08-09,3.61025,0.6,0,3.01025,3,1,1
"nowcast","BAIXADA SANTISTA",1,"2023-08-23",2023-07-26,0.59025,0.2,0,0.39025,1,1,1
"nowcast","BAIXADA SANTISTA",2,"2023-08-23",2023-08-02,1.52,1,0,0.52,3,0,1
"nowcast","BAIXADA SANTISTA",3,"2023-08-23",2023-08-09,2.55,1.4,0,1.15,5,0,1
"nowcast","BAIXADA SANTISTA",4,"2023-08-23",2023-08-16,4.16525,1.2,0,2.96525,6,1,1
"nowcast","BAIXADA SANTISTA",1,"2023-08-30",2023-08-02,2.79,2.4,0,0.39,4,0,0
"nowcast","BAIXADA SANTISTA",2,"2023-08-30",2023-08-09,1.52,1,0,0.52,3,0,1
"nowcast","BAIXADA SANTISTA",3,"2023-08-30",2023-08-16,3.94,3,0,0.94,7,0,1
"nowcast","BAIXADA SANTISTA",4,"2023-08-30",2023-08-23,3.36025,1,0,2.36025,5,1,1
"nowcast","BAIXADA SANTISTA",1,"2023-09-06",2023-08-09,0.91,0.4,0,0.51,2,1,1
"nowcast","BAIXADA SANTISTA",2,"2023-09-06",2023-08-16,2.24,1.6,0,0.64,4,0,1
"nowcast","BAIXADA SANTISTA",3,"2023-09-06",2023-08-23,6.43,5.4,0,1.03,11,0,0
"nowcast","BAIXADA SANTISTA",4,"2023-09-06",2023-08-30,4.32,2,0,2.32,10,1,1
"nowcast","BAIXADA SANTISTA",1,"2023-09-19",2023-08-22,0.59,0.2,0,0.39,1,1,1
"nowcast","BAIXADA SANTISTA",2,"2023-09-19",2023-08-29,2.71,0,2.2,0.51,5,0,1
"nowcast","BAIXADA SANTISTA",3,"2023-09-19",2023-09-05,1.33,0,0.4,0.93,2,1,1
"nowcast","BAIXADA SANTISTA",4,"2023-09-19",2023-09-12,5.09525,0,2.4,2.69525,12,1,1
"nowcast","BAIXADA SANTISTA",1,"2023-09-27",2023-08-30,3.25,0,3,0.25,5,0,0
"nowcast","BAIXADA SANTISTA",2,"2023-09-27",2023-09-06,1.08,0,0.8,0.28,2,0,1
"nowcast","BAIXADA SANTISTA",3,"2023-09-27",2023-09-13,2.88,2,0,0.88,6,0,1
"nowcast","BAIXADA SANTISTA",4,"2023-09-27",2023-09-20,2.11,0,0.2,1.91,1,1,1
"nowcast","BAIXADA SANTISTA",1,"2023-10-06",2023-09-08,4.06,3.8,0,0.26,5,0,0
"nowcast","BAIXADA SANTISTA",2,"2023-10-06",2023-09-15,4.3,0,3.8,0.5,7,0,0
"nowcast","BAIXADA SANTISTA",3,"2023-10-06",2023-09-22,1.19,0.4,0,0.79,2,1,1
"nowcast","BAIXADA SANTISTA",4,"2023-10-06",2023-09-29,13.18025,0,11,2.18025,25,0,1
"nowcast","BAIXADA SANTISTA",1,"2023-10-11",2023-09-13,0.26,0,0,0.26,0,1,1
"nowcast","BAIXADA SANTISTA",2,"2023-10-11",2023-09-20,0.39,0,0,0.39,0,1,1
"nowcast","BAIXADA SANTISTA",3,"2023-10-11",2023-09-27,4.39,0,3.6,0.79,8,0,1
"nowcast","BAIXADA SANTISTA",4,"2023-10-11",2023-10-04,8.64,0,6.2,2.44,17,0,1
"nowcast","BAIXADA SANTISTA",1,"2023-10-18",2023-09-20,1.06,0,0.8,0.26,2,0,1
"nowcast","BAIXADA SANTISTA",2,"2023-10-18",2023-09-27,2.59,0,2.2,0.39,5,0,1
"nowcast","BAIXADA SANTISTA",3,"2023-10-18",2023-10-04,10.2805,0,9.39,0.8905,15,0,0
"nowcast","BAIXADA SANTISTA",4,"2023-10-18",2023-10-11,6.65,0,4.4,2.25,14,0,1
"nowcast","BAIXADA SANTISTA",1,"2023-10-20",2023-09-22,0.46,0,0.2,0.26,1,1,1
"nowcast","BAIXADA SANTISTA",2,"2023-10-20",2023-09-29,3.245,0,2.8,0.445,6,0,1
"nowcast","BAIXADA SANTISTA",3,"2023-10-20",2023-10-06,2.75025,0,1.6,1.15025,6,0,1
"nowcast","BAIXADA SANTISTA",4,"2023-10-20",2023-10-13,5.99025,0,2.6,3.39025,13,1,1
"nowcast","BAIXADA SANTISTA",1,"2023-10-25",2023-09-27,2.86,0,2.6,0.26,5,0,1
"nowcast","BAIXADA SANTISTA",2,"2023-10-25",2023-10-04,11.58,0,11.2,0.38,14,0,0
"nowcast","BAIXADA SANTISTA",3,"2023-10-25",2023-10-11,8.89,0,8,0.89,14,0,0
"nowcast","BAIXADA SANTISTA",4,"2023-10-25",2023-10-18,6.07,0,4,2.07,12,0,1
"nowcast","BAIXADA SANTISTA",1,"2023-11-01",2023-10-04,6.87,0,6.6,0.27,9,0,0
"nowcast","BAIXADA SANTISTA",2,"2023-11-01",2023-10-11,11.80025,0,11.4,0.40025,15,0,0
"nowcast","BAIXADA SANTISTA",3,"2023-11-01",2023-10-18,6.4,0,5.5,0.9,11.5,0,1
"nowcast","BAIXADA SANTISTA",4,"2023-11-01",2023-10-25,3.63,0,1.4,2.23,7,1,1
"nowcast","BAIXADA SANTISTA",1,"2023-11-08",2023-10-11,6.8,0,6.4,0.4,10,0,0
"nowcast","BAIXADA SANTISTA",2,"2023-11-08",2023-10-18,7.42,0,7,0.42,11,0,0
"nowcast","BAIXADA SANTISTA",3,"2023-11-08",2023-10-25,17.57,0,16.8,0.77,22,0,0
"nowcast","BAIXADA SANTISTA",4,"2023-11-08",2023-11-01,14.64,0,13.2,1.44,24,0,0
"nowcast","BAIXADA SANTISTA",1,"2023-11-13",2023-10-14,7.05,0,6.4,0.65,12,0,0
"nowcast","BAIXADA SANTISTA",2,"2023-11-13",2023-10-21,2.28,0,1.4,0.88,5,0,1
"nowcast","BAIXADA SANTISTA",3,"2023-11-13",2023-10-28,11.22,0,10,1.22,20,0,1
"nowcast","BAIXADA SANTISTA",4,"2023-11-13",2023-11-04,14.47,0,12.2,2.27,27,0,1
"nowcast","BAIXADA SANTISTA",1,"2023-11-29",2023-11-01,0.59,0.2,0,0.39,1,1,1
"nowcast","BAIXADA SANTISTA",2,"2023-11-29",2023-11-08,2.73,0,2.2,0.53,5,0,1
"nowcast","BAIXADA SANTISTA",3,"2023-11-29",2023-11-15,1.19,0.4,0,0.79,2,1,1
"nowcast","BAIXADA SANTISTA",4,"2023-11-29",2023-11-22,2.6,0,0.6,2,3,1,1
"nowcast","BAIXADA SANTISTA",1,"2023-12-06",2023-11-01,0.59,0.2,0,0.39,1,1,1
"nowcast","BAIXADA SANTISTA",2,"2023-12-06",2023-11-08,2.72,0,2.2,0.52,5,0,1
"nowcast","BAIXADA SANTISTA",3,"2023-12-06",2023-11-15,1.1,0.2,0,0.9,1,1,1
"nowcast","BAIXADA SANTISTA",4,"2023-12-06",2023-11-22,2.72,0,0.6,2.12,3,1,1
"nowcast","BAIXADA SANTISTA",1,"2023-12-13",2023-11-15,1.51,1,0,0.51,3,0,1
"nowcast","BAIXADA SANTISTA",2,"2023-12-13",2023-11-22,1.05,0.4,0,0.65,2,1,1
"nowcast","BAIXADA SANTISTA",3,"2023-12-13",2023-11-29,2.83025,1.8,0,1.03025,5,0,1
"nowcast","BAIXADA SANTISTA",4,"2023-12-13",2023-12-06,2.56,0,0.2,2.36,1,1,1
"nowcast","BAIXADA SANTISTA",1,"2023-12-20",2023-11-21,0.83,0.2,0,0.63,1,1,1
"nowcast","BAIXADA SANTISTA",2,"2023-12-20",2023-11-28,5.78,5,0,0.78,9,0,0
"nowcast","BAIXADA SANTISTA",3,"2023-12-20",2023-12-05,2.21,0.8,0,1.41,4,1,1
"nowcast","BAIXADA SANTISTA",4,"2023-12-20",2023-12-12,3.9405,1,0,2.9405,5,1,1
"nowcast","BAIXADA SANTISTA",1,"2023-12-27",2023-11-29,1.39,1,0,0.39,3,0,1
"nowcast","BAIXADA SANTISTA",2,"2023-12-27",2023-12-06,2.13,0,1.6,0.53,4,0,1
"nowcast","BAIXADA SANTISTA",3,"2023-12-27",2023-12-13,2.9,0,2,0.9,6,0,1
"nowcast","BAIXADA SANTISTA",4,"2023-12-27",2023-12-20,7.03,0,5.2,1.83,14,0,1
"nowcast","BAIXADA SANTISTA",1,"2024-01-03",2023-11-29,1.4,1,0,0.4,3,0,1
"nowcast","BAIXADA SANTISTA",2,"2024-01-03",2023-12-06,2.12,0,1.6,0.52,4,0,1
"nowcast","BAIXADA SANTISTA",3,"2024-01-03",2023-12-13,2.9,0,2,0.9,6,0,1
"nowcast","BAIXADA SANTISTA",4,"2024-01-03",2023-12-20,7.33,0,5.6,1.73,14,0,1
"nowcast","BAIXADA SANTISTA",1,"2024-01-17",2023-12-20,1.97,0,1.6,0.37,4,0,1
"nowcast","BAIXADA SANTISTA",2,"2024-01-17",2023-12-27,0.69,0.2,0,0.49,1,1,1
"nowcast","BAIXADA SANTISTA",3,"2024-01-17",2024-01-03,1.36,0.6,0,0.76,3,1,1
"nowcast","BAIXADA SANTISTA",4,"2024-01-17",2024-01-10,2.89025,1.2,0,1.69025,6,1,1
"nowcast","BAIXADA SANTISTA",1,"2024-01-31",2024-01-03,0.46,0,0.2,0.26,1,1,1
"nowcast","BAIXADA SANTISTA",2,"2024-01-31",2024-01-10,1.18,0,0.8,0.38,2,0,1
"nowcast","BAIXADA SANTISTA",3,"2024-01-31",2024-01-17,0.96,0.2,0,0.76,1,1,1
"nowcast","BAIXADA SANTISTA",4,"2024-01-31",2024-01-24,1.63025,0,0,1.63025,0,1,1
"nowcast","BAIXADA SANTISTA",1,"2024-02-07",2024-01-10,0.46,0,0.2,0.26,1,1,1
"nowcast","BAIXADA SANTISTA",2,"2024-02-07",2024-01-17,1.19,0.8,0,0.39,2,0,1
"nowcast","BAIXADA SANTISTA",3,"2024-02-07",2024-01-24,3.79,3,0,0.79,7,0,1
"nowcast","BAIXADA SANTISTA",4,"2024-02-07",2024-01-31,2.56025,0,0.4,2.16025,2,1,1
"nowcast","BAIXADA SANTISTA",1,"2024-02-14",2024-01-13,2.06,1.8,0,0.26,3,0,0
"nowcast","BAIXADA SANTISTA",2,"2024-02-14",2024-01-20,0.79,0.4,0,0.39,2,1,1
"nowcast","BAIXADA SANTISTA",3,"2024-02-14",2024-01-27,1.17,0.4,0,0.77,2,1,1
"nowcast","BAIXADA SANTISTA",4,"2024-02-14",2024-02-03,2.57025,0,0.6,1.97025,3,1,1
"nowcast","BAIXADA SANTISTA",1,"2024-02-28",2024-01-31,1.66,0,1.4,0.26,3,0,1
"nowcast","BAIXADA SANTISTA",2,"2024-02-28",2024-02-07,4.81,0,4.4,0.41,8,0,0
"nowcast","BAIXADA SANTISTA",3,"2024-02-28",2024-02-14,4.07025,2.8,0,1.27025,8,0,1
"nowcast","BAIXADA SANTISTA",4,"2024-02-28",2024-02-21,4.58025,1.2,0,3.38025,6,1,1
"nowcast","BAIXADA SANTISTA",1,"2024-03-06",2024-02-07,3.25025,0,2.99,0.26025,5,0,0
"nowcast","BAIXADA SANTISTA",2,"2024-03-06",2024-02-14,0.42,0,0,0.42,0,1,1
"nowcast","BAIXADA SANTISTA",3,"2024-03-06",2024-02-21,4.55,3.2,0,1.35,8,0,1
"nowcast","BAIXADA SANTISTA",4,"2024-03-06",2024-02-28,6.13025,2.4,0,3.73025,12,1,1
"nowcast","BAIXADA SANTISTA",1,"2024-03-13",2024-02-07,3.26,0,3,0.26,5,0,0
"nowcast","BAIXADA SANTISTA",2,"2024-03-13",2024-02-14,0.53,0,0,0.53,0,1,1
"nowcast","BAIXADA SANTISTA",3,"2024-03-13",2024-02-21,4.44,3,0,1.44,9,0,1
"nowcast","BAIXADA SANTISTA",4,"2024-03-13",2024-02-28,5.67025,2.1,0,3.57025,10.5,1,1
"nowcast","BAIXADA SANTISTA",1,"2024-03-18",2024-02-17,0.48,0,0.2,0.28,1,1,1
"nowcast","BAIXADA SANTISTA",2,"2024-03-18",2024-02-24,0.74,0,0.2,0.54,1,1,1
"nowcast","BAIXADA SANTISTA",3,"2024-03-18",2024-03-02,1.78,0,0.2,1.58,1,1,1
"nowcast","BAIXADA SANTISTA",4,"2024-03-18",2024-03-09,8.235,0,5,3.235,17,0,1
"nowcast","BAIXADA SANTISTA",1,"2024-03-20",2024-02-21,0.60025,0.2,0,0.40025,1,1,1
"nowcast","BAIXADA SANTISTA",2,"2024-03-20",2024-02-28,0.75,0,0.2,0.55,1,1,1
"nowcast","BAIXADA SANTISTA",3,"2024-03-20",2024-03-06,11.06,0,10,1.06,18,0,0
"nowcast","BAIXADA SANTISTA",4,"2024-03-20",2024-03-13,4.8455,0,2,2.8455,10,1,1
"nowcast","BAIXADA SANTISTA",1,"2024-03-27",2024-02-28,0.81,0,0.4,0.41,2,1,1
"nowcast","BAIXADA SANTISTA",2,"2024-03-27",2024-03-06,1.05,0,0.4,0.65,2,1,1
"nowcast","BAIXADA SANTISTA",3,"2024-03-27",2024-03-13,2.24025,0.8,0,1.44025,4,1,1
"nowcast","BAIXADA SANTISTA",4,"2024-03-27",2024-03-20,4.79025,1.6,0,3.19025,8,1,1
"nowcast","BAIXADA SANTISTA",1,"2024-04-10",2024-03-12,0.61025,0,0.2,0.41025,1,1,1
"nowcast","BAIXADA SANTISTA",2,"2024-04-10",2024-03-19,0.84,0.2,0,0.64,1,1,1
"nowcast","BAIXADA SANTISTA",3,"2024-04-10",2024-03-26,2.75,1.8,0,0.95,5,0,1
"nowcast","BAIXADA SANTISTA",4,"2024-04-10",2024-04-02,8.62,0,6.4,2.22,16,0,1
"nowcast","BAIXADA SANTISTA",1,"2024-04-17",2024-03-14,3.8,0,3.4,0.4,7,0,1
"nowcast","BAIXADA SANTISTA",2,"2024-04-17",2024-03-21,4.53,0,4,0.53,8,0,1
"nowcast","BAIXADA SANTISTA",3,"2024-04-17",2024-03-28,2.19,0,1,1.19,5,1,1
"nowcast","BAIXADA SANTISTA",4,"2024-04-17",2024-04-04,18.13,0,15.8,2.33,33,0,1
"nowcast","BAIXADA SANTISTA",1,"2024-04-23",2024-03-24,3.8,0,3.4,0.4,7,0,1
"nowcast","BAIXADA SANTISTA",2,"2024-04-23",2024-03-31,1.85,0,1.2,0.65,4,0,1
"nowcast","BAIXADA SANTISTA",3,"2024-04-23",2024-04-07,1.46,0,0,1.46,0,1,1
"nowcast","BAIXADA SANTISTA",4,"2024-04-23",2024-04-14,6.67025,0,4,2.67025,14,0,1
"nowcast","BAIXADA SANTISTA",1,"2024-05-06",2024-04-05,10.90025,0,10.59,0.31025,15,0,0
"nowcast","BAIXADA SANTISTA",2,"2024-05-06",2024-04-12,9.81,0,9.4,0.41,13,0,0
"nowcast","BAIXADA SANTISTA",3,"2024-05-06",2024-04-19,27.79,0,27,0.79,33,0,0
"nowcast","BAIXADA SANTISTA",4,"2024-05-06",2024-04-26,18.96025,0,17.39,1.57025,31,0,0
"nowcast","BAIXADA SANTISTA",1,"2024-05-15",2024-04-17,2.26,0,2,0.26,4,0,1
"nowcast","BAIXADA SANTISTA",2,"2024-05-15",2024-04-24,0.8,0,0.4,0.4,2,1,1
"nowcast","BAIXADA SANTISTA",3,"2024-05-15",2024-05-01,4.24,0,3.2,1.04,8,0,1
"nowcast","BAIXADA SANTISTA",4,"2024-05-15",2024-05-08,2.49025,0.4,0,2.09025,2,1,1
"nowcast","BAIXADA SANTISTA",1,"2024-05-23",2024-04-25,3.19,0,2.8,0.39,6,0,1
"nowcast","BAIXADA SANTISTA",2,"2024-05-23",2024-05-02,3.32,0,2.8,0.52,6,0,1
"nowcast","BAIXADA SANTISTA",3,"2024-05-23",2024-05-09,7.85025,0,6.8,1.05025,14,0,1
"nowcast","BAIXADA SANTISTA",4,"2024-05-23",2024-05-16,10.64,0,8.8,1.84,20,0,1
"nowcast","BAIXADA SANTISTA",1,"2024-05-29",2024-05-01,3.57,0,3.2,0.37,6,0,0
"nowcast","BAIXADA SANTISTA",2,"2024-05-29",2024-05-08,5.8,0,5.4,0.4,9,0,0
"nowcast","BAIXADA SANTISTA",3,"2024-05-29",2024-05-15,12.18,0,11.4,0.78,17,0,0
"nowcast","BAIXADA SANTISTA",4,"2024-05-29",2024-05-22,1.93,0,0.6,1.33,3,1,1
"nowcast","BAIXADA SANTISTA",1,"2024-06-05",2024-05-07,0.59025,0,0.2,0.39025,1,1,1
"nowcast","BAIXADA SANTISTA",2,"2024-06-05",2024-05-14,1.85,0,1.2,0.65,4,0,1
"nowcast","BAIXADA SANTISTA",3,"2024-06-05",2024-05-21,1.67,0,0.6,1.07,3,1,1
"nowcast","BAIXADA SANTISTA",4,"2024-06-05",2024-05-28,3.78,0,1.8,1.98,9,1,1
"nowcast","BAIXADA SANTISTA",1,"2024-06-12",2024-05-11,0.49,0,0.2,0.29,1,1,1
"nowcast","BAIXADA SANTISTA",2,"2024-06-12",2024-05-18,1.72,0,1.2,0.52,4,0,1
"nowcast","BAIXADA SANTISTA",3,"2024-06-12",2024-05-25,1.63025,0.6,0,1.03025,3,1,1
"nowcast","BAIXADA SANTISTA",4,"2024-06-12",2024-06-01,16.60025,0,14.99,1.61025,29,0,0
"nowcast","BAIXADA SANTISTA",1,"2024-06-19",2024-05-11,0.49,0,0.2,0.29,1,1,1
"nowcast","BAIXADA SANTISTA",2,"2024-06-19",2024-05-18,1.62,0,1.1,0.52,3.5,0,1
"nowcast","BAIXADA SANTISTA",3,"2024-06-19",2024-05-25,1.64,0.6,0,1.04,3,1,1
"nowcast","BAIXADA SANTISTA",4,"2024-06-19",2024-06-01,18.56,0,17,1.56,29,0,0
"nowcast","BAIXADA SANTISTA",1,"2024-06-26",2024-05-29,5.26,0,5,0.26,7,0,0
"nowcast","BAIXADA SANTISTA",2,"2024-06-26",2024-06-05,12.12,0,11.6,0.52,16,0,0
"nowcast","BAIXADA SANTISTA",3,"2024-06-26",2024-06-12,7.01025,0,5.8,1.21025,13,0,1
"nowcast","BAIXADA SANTISTA",4,"2024-06-26",2024-06-19,5.71,0,3.6,2.11,12,0,1
"nowcast","BAIXADA SANTISTA",1,"2024-07-04",2024-06-01,10.57,0,10.2,0.37,13,0,0
"nowcast","BAIXADA SANTISTA",2,"2024-07-04",2024-06-08,3.32,0,2.8,0.52,6,0,1
"nowcast","BAIXADA SANTISTA",3,"2024-07-04",2024-06-15,8.64025,0,7.2,1.44025,16,0,1
"nowcast","BAIXADA SANTISTA",4,"2024-07-04",2024-06-22,3.32025,1,0,2.32025,5,1,1
"nowcast","BAIXADA SANTISTA",1,"2024-07-17",2024-06-08,0.78,0,0.4,0.38,2,1,1
"nowcast","BAIXADA SANTISTA",2,"2024-07-17",2024-06-15,11.53025,0,11,0.53025,15,0,0
"nowcast","BAIXADA SANTISTA",3,"2024-07-17",2024-06-22,5.945,4.6,0,1.345,11,0,1
"nowcast","BAIXADA SANTISTA",4,"2024-07-17",2024-06-29,2.39,0,0,2.39,0,1,1
"nowcast","BAIXADA SANTISTA",1,"2024-08-07",2024-10-13,23.58025,0,23.39,0.19025,31,0,0
"nowcast","BAIXADA SANTISTA",2,"2024-08-07",2024-10-20,39.4505,0,39.18,0.2705,50,0,0
"nowcast","BAIXADA SANTISTA",3,"2024-08-07",2024-10-27,21.4125,0,20.2,1.2125,35,0,1
"nowcast","BAIXADA SANTISTA",4,"2024-08-07",2024-11-03,101.74675,0,2,99.7467499999999,10,1,1
"nowcast","BAIXADA SANTISTA",1,"2024-08-28",2024-11-11,140.2435,0,3,137.2435,15,1,1
"nowcast","BAIXADA SANTISTA",2,"2024-08-28",2024-11-18,123.195999999998,0,6.6,116.595999999998,33,1,1
"nowcast","BAIXADA SANTISTA",3,"2024-08-28",2024-11-25,287.126999999999,0,2.6,284.526999999999,13,1,1
"nowcast","BAIXADA SANTISTA",4,"2024-08-28",2024-12-02,211.7195,0,0.8,210.9195,4,1,1
"nowcast","BAIXADA SANTISTA",1,"2024-09-03",2024-11-11,181.661749999999,0,2.8,178.861749999999,14,1,1
"nowcast","BAIXADA SANTISTA",2,"2024-09-03",2024-11-18,161.43775,0,6.6,154.83775,33,1,1
"nowcast","BAIXADA SANTISTA",3,"2024-09-03",2024-11-25,269.980499999999,0,2.6,267.380499999999,13,1,1
"nowcast","BAIXADA SANTISTA",4,"2024-09-03",2024-12-02,297.6295,0,1.2,296.4295,6,1,1
"nowcast","BAIXADA SANTISTA",1,"2024-09-11",2024-11-11,141.7865,0,3.4,138.3865,17,1,1
"nowcast","BAIXADA SANTISTA",2,"2024-09-11",2024-11-18,105.848499999999,0,7.2,98.6484999999992,36,1,1
"nowcast","BAIXADA SANTISTA",3,"2024-09-11",2024-11-25,168.813999999999,0,3.4,165.413999999999,17,1,1
"nowcast","BAIXADA SANTISTA",4,"2024-09-11",2024-12-02,223.593499999999,0,2.4,221.193499999999,12,1,1
"nowcast","BAIXADA SANTISTA",1,"2024-09-25",2024-11-12,22.463,0,11.4,11.063,27,0,1
"nowcast","BAIXADA SANTISTA",2,"2024-09-25",2024-11-19,29.67975,0,19,10.67975,39,0,1
"nowcast","BAIXADA SANTISTA",3,"2024-09-25",2024-11-26,22.23525,0,11.2,11.03525,26,0,1
"nowcast","BAIXADA SANTISTA",4,"2024-09-25",2024-12-03,22.06125,0,3.6,18.46125,18,1,1
"nowcast","BAIXADA SANTISTA",1,"2024-10-02",2024-08-28,25.28025,23.39,0,1.89025,31,0,0
"nowcast","BAIXADA SANTISTA",2,"2024-10-02",2024-09-04,4.07025,0.6,0,3.47025,3,1,1
"nowcast","BAIXADA SANTISTA",3,"2024-10-02",2024-09-11,17.57,12,0,5.57,32,0,1
"nowcast","BAIXADA SANTISTA",4,"2024-10-02",2024-09-18,30.4215,21.2,0,9.2215,54,0,1
"nowcast","BAIXADA SANTISTA",1,"2024-10-09",2024-09-04,3.69,0,2.4,1.29,8,0,1
"nowcast","BAIXADA SANTISTA",2,"2024-10-09",2024-09-11,3.09,1.2,0,1.89,6,1,1
"nowcast","BAIXADA SANTISTA",3,"2024-10-09",2024-09-18,7.36,3.6,0,3.76,14,0,1
"nowcast","BAIXADA SANTISTA",4,"2024-10-09",2024-09-25,5.62025,0.2,0,5.42025,1,1,1
"nowcast","BARRETOS",1,"2023-05-31",2023-05-01,0.93025,0,0.8,0.13025,2,0,1
"nowcast","BARRETOS",2,"2023-05-31",2023-05-08,0.14,0,0,0.14,0,1,1
"nowcast","BARRETOS",3,"2023-05-31",2023-05-15,0.36,0,0.2,0.16,1,1,1
"nowcast","BARRETOS",4,"2023-05-31",2023-05-22,2.53,2,0,0.53,4,0,1
"nowcast","BARRETOS",1,"2023-06-06",2023-05-09,0.02,0,0,0.02,0,1,1
"nowcast","BARRETOS",2,"2023-06-06",2023-05-16,0.92,0,0.8,0.12,2,0,1
"nowcast","BARRETOS",3,"2023-06-06",2023-05-23,0.34,0.2,0,0.14,1,1,1
"nowcast","BARRETOS",4,"2023-06-06",2023-05-30,1.98,0,1.6,0.38,4,0,1
"nowcast","BARRETOS",1,"2023-06-14",2023-05-10,0.13,0,0,0.13,0,1,1
"nowcast","BARRETOS",2,"2023-06-14",2023-05-17,0.94,0,0.8,0.14,2,0,1
"nowcast","BARRETOS",3,"2023-06-14",2023-05-24,0.14,0,0,0.14,0,1,1
"nowcast","BARRETOS",4,"2023-06-14",2023-05-31,2.87,0,2.6,0.27,5,0,1
"nowcast","BARRETOS",1,"2023-06-20",2023-05-16,0.93,0,0.8,0.13,2,0,1
"nowcast","BARRETOS",2,"2023-06-20",2023-05-23,0.13,0,0,0.13,0,1,1
"nowcast","BARRETOS",3,"2023-06-20",2023-05-30,1.34,0,1.2,0.14,2,0,1
"nowcast","BARRETOS",4,"2023-06-20",2023-06-06,2.88,0,2.6,0.28,5,0,1
"nowcast","BARRETOS",1,"2023-07-03",2023-05-28,0.12,0,0,0.12,0,1,1
"nowcast","BARRETOS",2,"2023-07-03",2023-06-04,0.93,0,0.8,0.13,2,0,1
"nowcast","BARRETOS",3,"2023-07-03",2023-06-11,0.45,0.2,0,0.25,1,1,1
"nowcast","BARRETOS",4,"2023-07-03",2023-06-18,0.51,0,0,0.51,0,1,1
"nowcast","BARRETOS",1,"2023-07-06",2023-06-07,0.66,0,0.6,0.06,1,0,1
"nowcast","BARRETOS",2,"2023-07-06",2023-06-14,0.15,0,0,0.15,0,1,1
"nowcast","BARRETOS",3,"2023-07-06",2023-06-21,0.37,0.2,0,0.17,1,1,1
"nowcast","BARRETOS",4,"2023-07-06",2023-06-28,0.750749999999999,0.2,0,0.550749999999999,1,1,1
"nowcast","BARRETOS",1,"2023-07-19",2023-06-14,0.03,0,0,0.03,0,1,1
"nowcast","BARRETOS",2,"2023-07-19",2023-06-21,0.13,0,0,0.13,0,1,1
"nowcast","BARRETOS",3,"2023-07-19",2023-06-28,0.34,0,0.2,0.14,1,1,1
"nowcast","BARRETOS",4,"2023-07-19",2023-07-05,0.3,0,0,0.3,0,1,1
"nowcast","BARRETOS",1,"2023-07-25",2023-06-17,1.13,1,0,0.13,1,0,0
"nowcast","BARRETOS",2,"2023-07-25",2023-06-24,0.93,0,0.8,0.13,2,0,1
"nowcast","BARRETOS",3,"2023-07-25",2023-07-01,0.34,0,0.2,0.14,1,1,1
"nowcast","BARRETOS",4,"2023-07-25",2023-07-08,0.295,0,0,0.295,0,1,1
"nowcast","BARRETOS",1,"2023-08-02",2023-07-05,1.14899999999999,0,0.6,0.548999999999992,1,0,1
"nowcast","BARRETOS",2,"2023-08-02",2023-07-12,0.8005,0,0.2,0.6005,1,1,1
"nowcast","BARRETOS",3,"2023-08-02",2023-07-19,0.841249999999999,0,0.2,0.641249999999999,1,1,1
"nowcast","BARRETOS",4,"2023-08-02",2023-07-26,1.1005,0,0.1,1.0005,0.5,1,1
"nowcast","BARRETOS",1,"2023-08-08",2023-07-11,0.700999999999999,0,0.6,0.100999999999999,1,0,1
"nowcast","BARRETOS",2,"2023-08-08",2023-07-18,0.20025,0,0,0.20025,0,1,1
"nowcast","BARRETOS",3,"2023-08-08",2023-07-25,0.58,0.2,0,0.38,1,1,1
"nowcast","BARRETOS",4,"2023-08-08",2023-08-01,2.50225,1.2,0,1.30225,4,0,1
"nowcast","BARRETOS",1,"2023-08-16",2023-07-18,0.110999999999999,0,0,0.110999999999999,0,1,1
"nowcast","BARRETOS",2,"2023-08-16",2023-07-25,0.23025,0,0,0.23025,0,1,1
"nowcast","BARRETOS",3,"2023-08-16",2023-08-01,0.633749999999997,0.2,0,0.433749999999997,1,1,1
"nowcast","BARRETOS",4,"2023-08-16",2023-08-08,2.46575,0.8,0,1.66574999999999,4,1,1
"nowcast","BARRETOS",1,"2023-08-23",2023-07-26,3.46074999999995,0,0,3.46074999999995,0,1,1
"nowcast","BARRETOS",2,"2023-08-23",2023-08-02,3.86149999999997,0,0.2,3.66149999999997,1,1,1
"nowcast","BARRETOS",3,"2023-08-23",2023-08-09,4.91674999999998,0,0,4.91674999999998,0,1,1
"nowcast","BARRETOS",4,"2023-08-23",2023-08-16,8.2305,0,2.2,6.0305,5,0,1
"nowcast","BARRETOS",1,"2023-08-30",2023-07-25,329.00925,0,0,329.00925,0,1,1
"nowcast","BARRETOS",2,"2023-08-30",2023-08-01,383.61925,0,0,383.61925,0,1,1
"nowcast","BARRETOS",3,"2023-08-30",2023-08-08,480.987249999999,0,0,480.987249999999,0,1,1
"nowcast","BARRETOS",4,"2023-08-30",2023-08-15,447.159999999999,0,1.8,445.359999999999,5,0,1
"nowcast","BARRETOS",1,"2023-09-06",2023-08-09,0.59025,0,0,0.59025,0,1,1
"nowcast","BARRETOS",2,"2023-09-06",2023-08-16,0.731749999999998,0,0,0.731749999999998,0,1,1
"nowcast","BARRETOS",3,"2023-09-06",2023-08-23,0.975999999999995,0,0,0.975999999999995,0,1,1
"nowcast","BARRETOS",4,"2023-09-06",2023-08-30,1.56125,0,0.2,1.36125,1,1,1
"nowcast","BARRETOS",1,"2023-09-19",2023-08-15,0.16,0,0,0.16,0,1,1
"nowcast","BARRETOS",2,"2023-09-19",2023-08-22,0.17025,0,0,0.17025,0,1,1
"nowcast","BARRETOS",3,"2023-09-19",2023-08-29,0.78,0,0.4,0.38,2,1,1
"nowcast","BARRETOS",4,"2023-09-19",2023-09-05,1.38025,0,0.4,0.98025,2,1,1
"nowcast","BARRETOS",1,"2023-09-27",2023-08-18,1.3005,0,0.8,0.5005,2,0,1
"nowcast","BARRETOS",2,"2023-09-27",2023-08-25,1.691,1.2,0,0.490999999999999,2,0,0
"nowcast","BARRETOS",3,"2023-09-27",2023-09-01,1.57,0,1,0.57,3,0,1
"nowcast","BARRETOS",4,"2023-09-27",2023-09-08,1.14025,0.2,0,0.94025,1,1,1
"nowcast","BARRETOS",1,"2023-10-06",2023-08-31,1.57,0,1.4,0.17,3,0,1
"nowcast","BARRETOS",2,"2023-10-06",2023-09-07,0.35,0,0.2,0.15,1,1,1
"nowcast","BARRETOS",3,"2023-10-06",2023-09-14,1.65025,0,1.4,0.25025,3,0,1
"nowcast","BARRETOS",4,"2023-10-06",2023-09-21,1.11,0,0.8,0.31,2,0,1
"nowcast","BARRETOS",1,"2023-10-11",2023-09-13,0.6905,0,0.6,0.0905,1,0,1
"nowcast","BARRETOS",2,"2023-10-11",2023-09-20,0.400749999999999,0,0.2,0.200749999999999,1,1,1
"nowcast","BARRETOS",3,"2023-10-11",2023-09-27,3.45075,0,3.2,0.250749999999999,6,0,1
"nowcast","BARRETOS",4,"2023-10-11",2023-10-04,2.67025,0,2.2,0.47025,5,0,1
"nowcast","BARRETOS",1,"2023-10-18",2023-09-19,0.62,0,0.6,0.02,1,0,1
"nowcast","BARRETOS",2,"2023-10-18",2023-09-26,5.22,0,5.2,0.02,6,0,0
"nowcast","BARRETOS",3,"2023-10-18",2023-10-03,3.53,0,3.4,0.13,5,0,0
"nowcast","BARRETOS",4,"2023-10-18",2023-10-10,0.48,0,0.2,0.28,1,1,1
"nowcast","BARRETOS",1,"2023-10-20",2023-09-15,1.54,0,1.4,0.14,3,0,1
"nowcast","BARRETOS",2,"2023-10-20",2023-09-22,0.93,0,0.8,0.13,2,0,1
"nowcast","BARRETOS",3,"2023-10-20",2023-09-29,2.14,0,2,0.14,4,0,1
"nowcast","BARRETOS",4,"2023-10-20",2023-10-06,2.88,0,2.6,0.28,5,0,1
"nowcast","BARRETOS",1,"2023-10-25",2023-09-27,4.05,0,4,0.05,6,0,0
"nowcast","BARRETOS",2,"2023-10-25",2023-10-04,1.56025,0,1.4,0.16025,3,0,1
"nowcast","BARRETOS",3,"2023-10-25",2023-10-11,0.95025,0,0.8,0.15025,2,0,1
"nowcast","BARRETOS",4,"2023-10-25",2023-10-18,3.10025,0,2.8,0.30025,6,0,1
"nowcast","BARRETOS",1,"2023-11-01",2023-10-04,0.47,0,0.2,0.27,1,1,1
"nowcast","BARRETOS",2,"2023-11-01",2023-10-11,1.21,0.8,0,0.41,2,0,1
"nowcast","BARRETOS",3,"2023-11-01",2023-10-18,0.75,0.2,0,0.55,1,1,1
"nowcast","BARRETOS",4,"2023-11-01",2023-10-25,4.76,3.4,0,1.36,7,0,0
"nowcast","BARRETOS",1,"2023-11-08",2023-10-04,0.58,0,0.2,0.38,1,1,1
"nowcast","BARRETOS",2,"2023-11-08",2023-10-11,1.21,0.8,0,0.41,2,0,1
"nowcast","BARRETOS",3,"2023-11-08",2023-10-18,0.97,0.4,0,0.57,2,1,1
"nowcast","BARRETOS",4,"2023-11-08",2023-10-25,4.95,3.6,0,1.35,8,0,1
"nowcast","BARRETOS",1,"2023-11-13",2023-10-06,0.42025,0,0,0.42025,0,1,1
"nowcast","BARRETOS",2,"2023-11-13",2023-10-13,0.54,0,0,0.54,0,1,1
"nowcast","BARRETOS",3,"2023-11-13",2023-10-20,1.49,0.8,0,0.69,2,0,1
"nowcast","BARRETOS",4,"2023-11-13",2023-10-27,1.8705,0.6,0,1.2705,3,1,1
"nowcast","BARRETOS",1,"2023-11-29",2023-10-25,0.6,0.2,0,0.4,1,1,1
"nowcast","BARRETOS",2,"2023-11-29",2023-11-01,1.23,0.8,0,0.43,2,0,1
"nowcast","BARRETOS",3,"2023-11-29",2023-11-08,0.76,0.2,0,0.56,1,1,1
"nowcast","BARRETOS",4,"2023-11-29",2023-11-15,0.955,0.2,0,0.755,1,1,1
"nowcast","BARRETOS",1,"2023-12-06",2023-10-25,0.6,0.2,0,0.4,1,1,1
"nowcast","BARRETOS",2,"2023-12-06",2023-11-01,1.12,0.8,0,0.32,2,0,1
"nowcast","BARRETOS",3,"2023-12-06",2023-11-08,0.78,0.2,0,0.58,1,1,1
"nowcast","BARRETOS",4,"2023-12-06",2023-11-15,0.965,0.2,0,0.765,1,1,1
"nowcast","BARRETOS",1,"2023-12-13",2023-10-27,0.61,0.2,0,0.41,1,1,1
"nowcast","BARRETOS",2,"2023-12-13",2023-11-03,0.63,0.2,0,0.43,1,1,1
"nowcast","BARRETOS",3,"2023-12-13",2023-11-10,0.74025,0,0.2,0.54025,1,1,1
"nowcast","BARRETOS",4,"2023-12-13",2023-11-17,0.74025,0,0,0.74025,0,1,1
"nowcast","BARRETOS",1,"2023-12-20",2023-11-22,0.62,0,0.6,0.02,1,0,1
"nowcast","BARRETOS",2,"2023-12-20",2023-11-29,0.33,0,0.2,0.13,1,1,1
"nowcast","BARRETOS",3,"2023-12-20",2023-12-06,0.45,0.2,0,0.25,1,1,1
"nowcast","BARRETOS",4,"2023-12-20",2023-12-13,0.62,0.2,0,0.42,1,1,1
"nowcast","BARRETOS",1,"2023-12-27",2023-11-25,0.62,0,0.6,0.02,1,0,1
"nowcast","BARRETOS",2,"2023-12-27",2023-12-02,0.13,0,0,0.13,0,1,1
"nowcast","BARRETOS",3,"2023-12-27",2023-12-09,0.14,0,0,0.14,0,1,1
"nowcast","BARRETOS",4,"2023-12-27",2023-12-16,0.40025,0,0,0.40025,0,1,1
"nowcast","BARRETOS",1,"2024-01-03",2023-11-25,0.62,0,0.6,0.02,1,0,1
"nowcast","BARRETOS",2,"2024-01-03",2023-12-02,0.13,0,0,0.13,0,1,1
"nowcast","BARRETOS",3,"2024-01-03",2023-12-09,0.34,0.2,0,0.14,1,1,1
"nowcast","BARRETOS",4,"2024-01-03",2023-12-16,0.39,0,0,0.39,0,1,1
"nowcast","BARRETOS",1,"2024-01-17",2023-12-13,0.02,0,0,0.02,0,1,1
"nowcast","BARRETOS",2,"2024-01-17",2023-12-20,0.03,0,0,0.03,0,1,1
"nowcast","BARRETOS",3,"2024-01-17",2023-12-27,0.14,0,0,0.14,0,1,1
"nowcast","BARRETOS",4,"2024-01-17",2024-01-03,1.07,0,0.8,0.27,2,0,1
"nowcast","BARRETOS",1,"2024-01-31",2024-01-03,0.94,0,0.8,0.14,2,0,1
"nowcast","BARRETOS",2,"2024-01-31",2024-01-10,0.37,0,0.2,0.17,1,1,1
"nowcast","BARRETOS",3,"2024-01-31",2024-01-17,0.42,0,0,0.42,0,1,1
"nowcast","BARRETOS",4,"2024-01-31",2024-01-24,4.3305,0,3.6,0.7305,8,0,1
"nowcast","BARRETOS",1,"2024-02-07",2024-01-05,0.5105,0,0.2,0.3105,1,1,1
"nowcast","BARRETOS",2,"2024-02-07",2024-01-12,2.9305,2.2,0,0.7305,3,0,0
"nowcast","BARRETOS",3,"2024-02-07",2024-01-19,2.15624999999999,0,0.4,1.75624999999999,2,1,1
"nowcast","BARRETOS",4,"2024-02-07",2024-01-26,11.724,5.2,0,6.52399999999998,14,0,1
"nowcast","BARRETOS",1,"2024-02-14",2024-01-16,0.5,0.2,0,0.3,1,1,1
"nowcast","BARRETOS",2,"2024-02-14",2024-01-23,0.68025,0,0.2,0.48025,1,1,1
"nowcast","BARRETOS",3,"2024-02-14",2024-01-30,1.32025,0,0.4,0.92025,2,1,1
"nowcast","BARRETOS",4,"2024-02-14",2024-02-06,2.621,0.2,0,2.421,1,1,1
"nowcast","BARRETOS",1,"2024-02-28",2024-01-31,0.72025,0,0.2,0.52025,1,1,1
"nowcast","BARRETOS",2,"2024-02-28",2024-02-07,1,0,0.2,0.8,1,1,1
"nowcast","BARRETOS",3,"2024-02-28",2024-02-14,2.985,1.7,0,1.285,5,0,1
"nowcast","BARRETOS",4,"2024-02-28",2024-02-21,7.57,4.8,0,2.77,14,0,1
"nowcast","BARRETOS",1,"2024-03-06",2024-02-07,0.83,0,0.4,0.43,2,1,1
"nowcast","BARRETOS",2,"2024-03-06",2024-02-14,1.11,0.4,0,0.71,2,1,1
"nowcast","BARRETOS",3,"2024-03-06",2024-02-21,1.35,0.2,0,1.15,1,1,1
"nowcast","BARRETOS",4,"2024-03-06",2024-02-28,8.73,6.2,0,2.53,15,0,1
"nowcast","BARRETOS",1,"2024-03-13",2024-02-14,8.58025,7,0,1.58025,13,0,0
"nowcast","BARRETOS",2,"2024-03-13",2024-02-21,11.19,9,0,2.19,17,0,0
"nowcast","BARRETOS",3,"2024-03-13",2024-02-28,14.14025,11.79,0,2.35025,21,0,0
"nowcast","BARRETOS",4,"2024-03-13",2024-03-06,13.22,9.8,0,3.42,23,0,1
"nowcast","BARRETOS",1,"2024-03-18",2024-02-17,4.33,3.4,0,0.93,7,0,0
"nowcast","BARRETOS",2,"2024-03-18",2024-02-24,3.98,3,0,0.98,7,0,1
"nowcast","BARRETOS",3,"2024-03-18",2024-03-02,7.66,6.4,0,1.26,12,0,0
"nowcast","BARRETOS",4,"2024-03-18",2024-03-09,10.21,7.8,0,2.41,17,0,0
"nowcast","BARRETOS",1,"2024-03-20",2024-02-21,4.21025,3.4,0,0.81025,7,0,0
"nowcast","BARRETOS",2,"2024-03-20",2024-02-28,3.63,2.8,0,0.83,6,0,1
"nowcast","BARRETOS",3,"2024-03-20",2024-03-06,5.03025,3.99,0,1.04025,8,0,0
"nowcast","BARRETOS",4,"2024-03-20",2024-03-13,5.31,3.6,0,1.71,10,0,1
"nowcast","BARRETOS",1,"2024-03-27",2024-02-28,0.72,0.2,0,0.52,1,1,1
"nowcast","BARRETOS",2,"2024-03-27",2024-03-06,1.83,1.4,0,0.43,3,0,1
"nowcast","BARRETOS",3,"2024-03-27",2024-03-13,0.74,0.2,0,0.54,1,1,1
"nowcast","BARRETOS",4,"2024-03-27",2024-03-20,1.22,0,0.4,0.82,2,1,1
"nowcast","BARRETOS",1,"2024-04-10",2024-03-09,0.34,0.2,0,0.14,1,1,1
"nowcast","BARRETOS",2,"2024-04-10",2024-03-16,0.25,0,0,0.25,0,1,1
"nowcast","BARRETOS",3,"2024-04-10",2024-03-23,0.47025,0,0.2,0.27025,1,1,1
"nowcast","BARRETOS",4,"2024-04-10",2024-03-30,0.85,0,0.2,0.65,1,1,1
"nowcast","BARRETOS",1,"2024-04-17",2024-03-09,0.14,0,0,0.14,0,1,1
"nowcast","BARRETOS",2,"2024-04-17",2024-03-16,0.25,0,0,0.25,0,1,1
"nowcast","BARRETOS",3,"2024-04-17",2024-03-23,0.47,0,0.2,0.27,1,1,1
"nowcast","BARRETOS",4,"2024-04-17",2024-03-30,0.86,0,0.2,0.66,1,1,1
"nowcast","BARRETOS",1,"2024-04-23",2024-03-23,1.145,0,1.1,0.045,2,0,1
"nowcast","BARRETOS",2,"2024-04-23",2024-03-30,3.53,0,3.4,0.13,5,0,0
"nowcast","BARRETOS",3,"2024-04-23",2024-04-06,4.25,0,4,0.25,6,0,0
"nowcast","BARRETOS",4,"2024-04-23",2024-04-13,0.81,0,0.4,0.41,2,1,1
"nowcast","BARRETOS",1,"2024-05-06",2024-04-05,4.46,4.2,0,0.26,5,0,0
"nowcast","BARRETOS",2,"2024-05-06",2024-04-12,0.48,0,0.2,0.28,1,1,1
"nowcast","BARRETOS",3,"2024-05-06",2024-04-19,0.99,0.2,0,0.79,1,1,1
"nowcast","BARRETOS",4,"2024-05-06",2024-04-26,3.08,0,1.2,1.88,6,1,1
"nowcast","BARRETOS",1,"2024-05-15",2024-04-17,0.27,0,0,0.27,0,1,1
"nowcast","BARRETOS",2,"2024-05-15",2024-04-24,0.61,0,0.2,0.41,1,1,1
"nowcast","BARRETOS",3,"2024-05-15",2024-05-01,1.42,0,0.6,0.82,3,1,1
"nowcast","BARRETOS",4,"2024-05-15",2024-05-08,2.55025,0.7,0,1.85025,3.5,1,1
"nowcast","BARRETOS",1,"2024-05-23",2024-04-25,0.27,0,0,0.27,0,1,1
"nowcast","BARRETOS",2,"2024-05-23",2024-05-02,2.59025,0,2.2,0.39025,5,0,1
"nowcast","BARRETOS",3,"2024-05-23",2024-05-09,3.49,2.4,0,1.09,6,0,1
"nowcast","BARRETOS",4,"2024-05-23",2024-05-16,3.41,1,0,2.41,5,1,1
"nowcast","BARRETOS",1,"2024-05-29",2024-05-01,1.56,0,1.4,0.16,3,0,1
"nowcast","BARRETOS",2,"2024-05-29",2024-05-08,0.62,0.2,0,0.42,1,1,1
"nowcast","BARRETOS",3,"2024-05-29",2024-05-15,0.87,0,0,0.87,0,1,1
"nowcast","BARRETOS",4,"2024-05-29",2024-05-22,3.14525,1,0,2.14525,5,1,1
"nowcast","BARRETOS",1,"2024-06-05",2024-05-01,1.35,0,1.2,0.15,2,0,1
"nowcast","BARRETOS",2,"2024-06-05",2024-05-08,0.61,0.2,0,0.41,1,1,1
"nowcast","BARRETOS",3,"2024-06-05",2024-05-15,0.74,0,0,0.74,0,1,1
"nowcast","BARRETOS",4,"2024-06-05",2024-05-22,3.13,1,0,2.13,5,1,1
"nowcast","BARRETOS",1,"2024-06-12",2024-05-11,0.5,0,0,0.5,0,1,1
"nowcast","BARRETOS",2,"2024-06-12",2024-05-18,3.13,2.6,0,0.53,5,0,0
"nowcast","BARRETOS",3,"2024-06-12",2024-05-25,2.38,1.6,0,0.78,4,0,1
"nowcast","BARRETOS",4,"2024-06-12",2024-06-01,2.27025,0.8,0,1.47025,4,1,1
"nowcast","BARRETOS",1,"2024-06-19",2024-05-11,0.51,0,0,0.51,0,1,1
"nowcast","BARRETOS",2,"2024-06-19",2024-05-18,3.13,2.6,0,0.53,5,0,0
"nowcast","BARRETOS",3,"2024-06-19",2024-05-25,2.37025,1.6,0,0.77025,4,0,1
"nowcast","BARRETOS",4,"2024-06-19",2024-06-01,2.2605,0.8,0,1.4605,4,1,1
"nowcast","BARRETOS",1,"2024-06-26",2024-05-29,0.13025,0,0,0.13025,0,1,1
"nowcast","BARRETOS",2,"2024-06-26",2024-06-05,0.24,0,0,0.24,0,1,1
"nowcast","BARRETOS",3,"2024-06-26",2024-06-12,1.08,0.8,0,0.28,2,0,1
"nowcast","BARRETOS",4,"2024-06-26",2024-06-19,2.71025,1.8,0,0.91025,5,0,1
"nowcast","BARRETOS",1,"2024-07-04",2024-06-01,0.44,0.2,0,0.24,1,1,1
"nowcast","BARRETOS",2,"2024-07-04",2024-06-08,0.45,0.2,0,0.25,1,1,1
"nowcast","BARRETOS",3,"2024-07-04",2024-06-15,1.38,1,0,0.38,3,0,1
"nowcast","BARRETOS",4,"2024-07-04",2024-06-22,1.32,0.4,0,0.92,2,1,1
"nowcast","BARRETOS",1,"2024-07-17",2024-06-07,0.34,0.2,0,0.14,1,1,1
"nowcast","BARRETOS",2,"2024-07-17",2024-06-14,0.34025,0.2,0,0.14025,1,1,1
"nowcast","BARRETOS",3,"2024-07-17",2024-06-21,0.76,0.6,0,0.16,1,0,1
"nowcast","BARRETOS",4,"2024-07-17",2024-06-28,0.52,0,0,0.52,0,1,1
"nowcast","BARRETOS",1,"2024-08-07",2024-11-10,2.06025,0,1.2,0.86025,2,0,1
"nowcast","BARRETOS",2,"2024-08-07",2024-11-17,5.35624999999998,0,1.4,3.95624999999998,3,0,1
"nowcast","BARRETOS",3,"2024-08-07",2024-11-24,34.7327499999999,0,0.8,33.9327499999999,4,1,1
"nowcast","BARRETOS",4,"2024-08-07",2024-12-01,3315.60674999999,2,0,3313.60674999999,8,0,1
"nowcast","BARRETOS",1,"2024-08-28",2024-11-11,459.869249999999,0,0,459.869249999999,0,1,1
"nowcast","BARRETOS",2,"2024-08-28",2024-11-18,3724.31899999997,1,0,3723.31899999997,5,1,1
"nowcast","BARRETOS",3,"2024-08-28",2024-11-25,39577.2579999997,3.8,0,39573.4579999997,19,1,1
"nowcast","BARRETOS",4,"2024-08-28",2024-12-02,1544794.39349999,26,0,1544768.39349999,116,0,1
"nowcast","BARRETOS",1,"2024-09-03",2024-11-11,176.72175,0,0,176.72175,0,1,1
"nowcast","BARRETOS",2,"2024-09-03",2024-11-18,1174.368,1,0,1173.368,5,1,1
"nowcast","BARRETOS",3,"2024-09-03",2024-11-25,34686.0684999991,4.4,0,34681.6684999991,22,1,1
"nowcast","BARRETOS",4,"2024-09-03",2024-12-02,1811102.93475,35.2,0,1811067.73475,152,0,1
"nowcast","BARRETOS",1,"2024-09-11",2024-11-11,62.2534999999997,0,0.2,62.0534999999997,1,1,1
"nowcast","BARRETOS",2,"2024-09-11",2024-11-18,2357.28924999999,0.8,0,2356.48924999999,4,1,1
"nowcast","BARRETOS",3,"2024-09-11",2024-11-25,57470.6652499989,3,0,57467.6652499989,15,1,1
"nowcast","BARRETOS",4,"2024-09-11",2024-12-02,2147924.54049999,22.3,0,2147902.24049999,95.5,0,1
"nowcast","BARRETOS",1,"2024-09-25",2024-11-12,55.9147499999999,0,0.6,55.3147499999999,3,1,1
"nowcast","BARRETOS",2,"2024-09-25",2024-11-19,933.107999999998,0.2,0,932.907999999998,1,1,1
"nowcast","BARRETOS",3,"2024-09-25",2024-11-26,40178.7904999997,4.7,0,40174.0904999997,21.5,0,1
"nowcast","BARRETOS",4,"2024-09-25",2024-12-03,3649133.4685,76.5,0,3649056.9685,314.5,0,1
"nowcast","BARRETOS",1,"2024-10-02",2024-09-04,1,0,0.8,0.2,2,0,1
"nowcast","BARRETOS",2,"2024-10-02",2024-09-11,0.19,0,0,0.19,0,1,1
"nowcast","BARRETOS",3,"2024-10-02",2024-09-18,1.08025,0,0.8,0.28025,2,0,1
"nowcast","BARRETOS",4,"2024-10-02",2024-09-25,2.14025,0,1.6,0.54025,4,0,1
"nowcast","BARRETOS",1,"2024-10-09",2024-09-11,0.13,0,0,0.13,0,1,1
"nowcast","BARRETOS",2,"2024-10-09",2024-09-18,1.53,0,1.4,0.13,3,0,1
"nowcast","BARRETOS",3,"2024-10-09",2024-09-25,0.44,0,0.2,0.24,1,1,1
"nowcast","BARRETOS",4,"2024-10-09",2024-10-02,0.59,0.2,0,0.39,1,1,1
"nowcast","BAURU",1,"2023-05-31",2023-05-03,3.18,2.8,0,0.38,4,0,0
"nowcast","BAURU",2,"2023-05-31",2023-05-10,14.29025,0,13.79,0.50025,17,0,0
"nowcast","BAURU",3,"2023-05-31",2023-05-17,9.72,0,8.8,0.92,16,0,0
"nowcast","BAURU",4,"2023-05-31",2023-05-24,17.07025,0,14.3,2.77025,31.5,0,1
"nowcast","BAURU",1,"2023-06-06",2023-05-02,0.91025,0.4,0,0.51025,2,1,1
"nowcast","BAURU",2,"2023-06-06",2023-05-09,1.89,0,0.7,1.19,3.5,1,1
"nowcast","BAURU",3,"2023-06-06",2023-05-16,8.57075,5,0,3.57075,17,0,1
"nowcast","BAURU",4,"2023-06-06",2023-05-23,7.4,1,0,6.4,5,1,1
"nowcast","BAURU",1,"2023-06-14",2023-05-17,0.58,0.2,0,0.38,1,1,1
"nowcast","BAURU",2,"2023-06-14",2023-05-24,7.8,0,7.4,0.4,11,0,0
"nowcast","BAURU",3,"2023-06-14",2023-05-31,13.41,0,12.6,0.81,19,0,0
"nowcast","BAURU",4,"2023-06-14",2023-06-07,11.46025,0,8.9,2.56025,22.5,0,1
"nowcast","BAURU",1,"2023-06-20",2023-05-23,4.91,0,4.4,0.51,8,0,0
"nowcast","BAURU",2,"2023-06-20",2023-05-30,4.38,3.2,0,1.18,8,0,1
"nowcast","BAURU",3,"2023-06-20",2023-06-06,9.45,5.6,0,3.85,18,0,1
"nowcast","BAURU",4,"2023-06-20",2023-06-13,17.281,9.1,0,8.181,31.5,0,1
"nowcast","BAURU",1,"2023-07-03",2023-06-03,3.07,2.8,0,0.27,4,0,0
"nowcast","BAURU",2,"2023-07-03",2023-06-10,0.91,0,0.4,0.51,2,1,1
"nowcast","BAURU",3,"2023-07-03",2023-06-17,4.51,3.6,0,0.91,8,0,1
"nowcast","BAURU",4,"2023-07-03",2023-06-24,4.19,1.8,0,2.39,9,1,1
"nowcast","BAURU",1,"2023-07-06",2023-06-08,3.15,0,3,0.15,5,0,0
"nowcast","BAURU",2,"2023-07-06",2023-06-15,1.08,0,0.8,0.28,2,0,1
"nowcast","BAURU",3,"2023-07-06",2023-06-22,6.46,0,5.8,0.66,11,0,0
"nowcast","BAURU",4,"2023-07-06",2023-06-29,11.37,0,9.4,1.97,21,0,1
"nowcast","BAURU",1,"2023-07-19",2023-06-21,0.24,0,0,0.24,0,1,1
"nowcast","BAURU",2,"2023-07-19",2023-06-28,7.26,0,7,0.26,9,0,0
"nowcast","BAURU",3,"2023-07-19",2023-07-05,10.75,0,10.2,0.55,15,0,0
"nowcast","BAURU",4,"2023-07-19",2023-07-12,10.82,0,9.2,1.62,20,0,1
"nowcast","BAURU",1,"2023-07-25",2023-06-20,0.46,0,0.2,0.26,1,1,1
"nowcast","BAURU",2,"2023-07-25",2023-06-27,3.65,0,3,0.65,7,0,1
"nowcast","BAURU",3,"2023-07-25",2023-07-04,2.37,0.4,0,1.97,2,1,1
"nowcast","BAURU",4,"2023-07-25",2023-07-11,3.96,0.8,0,3.16,4,1,1
"nowcast","BAURU",1,"2023-08-02",2023-06-28,7.64,0,7.4,0.24,9,0,0
"nowcast","BAURU",2,"2023-08-02",2023-07-05,1.06,0,0.8,0.26,2,0,1
"nowcast","BAURU",3,"2023-08-02",2023-07-12,4.53,0,4,0.53,8,0,1
"nowcast","BAURU",4,"2023-08-02",2023-07-19,1.96025,0,0.4,1.56025,2,1,1
"nowcast","BAURU",1,"2023-08-08",2023-07-04,1.05,0,0.8,0.25,2,0,1
"nowcast","BAURU",2,"2023-08-08",2023-07-11,6.81,0,6.4,0.41,10,0,0
"nowcast","BAURU",3,"2023-08-08",2023-07-18,2.11,0,0.8,1.31,4,1,1
"nowcast","BAURU",4,"2023-08-08",2023-07-25,8.72,0,6.6,2.12,17,0,1
"nowcast","BAURU",1,"2023-08-16",2023-07-12,8.53,0,8.4,0.13,10,0,0
"nowcast","BAURU",2,"2023-08-16",2023-07-19,3.675,3.5,0,0.175,4,0,0
"nowcast","BAURU",3,"2023-08-16",2023-07-26,8.14,0,7.6,0.54,12,0,0
"nowcast","BAURU",4,"2023-08-16",2023-08-02,13.88525,0,12.29,1.59525,24,0,0
"nowcast","BAURU",1,"2023-08-23",2023-07-26,3.94,0,3.8,0.14,5,0,0
"nowcast","BAURU",2,"2023-08-23",2023-08-02,12.25,0,12,0.25,14,0,0
"nowcast","BAURU",3,"2023-08-23",2023-08-09,18.90025,0,18.39,0.51025,22,0,0
"nowcast","BAURU",4,"2023-08-23",2023-08-16,35.28,0,33.6,1.68,46,0,0
"nowcast","BAURU",1,"2023-08-30",2023-08-02,4.8,0,4.4,0.4,8,0,0
"nowcast","BAURU",2,"2023-08-30",2023-08-09,3.90025,3.39,0,0.51025,5,0,0
"nowcast","BAURU",3,"2023-08-30",2023-08-16,30.5,0,29.8,0.7,37,0,0
"nowcast","BAURU",4,"2023-08-30",2023-08-23,10.05025,0,7.8,2.25025,19,0,1
"nowcast","BAURU",1,"2023-09-06",2023-08-09,13.8,13.4,0,0.4,15,0,0
"nowcast","BAURU",2,"2023-09-06",2023-08-16,29.59025,0,29.19,0.40025,32,0,0
"nowcast","BAURU",3,"2023-09-06",2023-08-23,5.83,0,5.2,0.63,10,0,0
"nowcast","BAURU",4,"2023-09-06",2023-08-30,17.42,0,16,1.42,28,0,0
"nowcast","BAURU",1,"2023-09-19",2023-08-15,32.8,0,32.4,0.4,36,0,0
"nowcast","BAURU",2,"2023-09-19",2023-08-22,0.78,0,0,0.78,0,1,1
"nowcast","BAURU",3,"2023-09-19",2023-08-29,4.05,2,0,2.05,8,0,1
"nowcast","BAURU",4,"2023-09-19",2023-09-05,4.625,0.4,0,4.225,2,1,1
"nowcast","BAURU",1,"2023-09-27",2023-08-30,2.86,2.6,0,0.26,3,0,0
"nowcast","BAURU",2,"2023-09-27",2023-09-06,1.8,1.4,0,0.4,3,0,1
"nowcast","BAURU",3,"2023-09-27",2023-09-13,9.48025,0,8.59,0.89025,15,0,0
"nowcast","BAURU",4,"2023-09-27",2023-09-20,12.1505,0,9.8,2.3505,23,0,1
"nowcast","BAURU",1,"2023-10-06",2023-09-08,6.06,5.8,0,0.26,7,0,0
"nowcast","BAURU",2,"2023-10-06",2023-09-15,2.4,0,2,0.4,4,0,1
"nowcast","BAURU",3,"2023-10-06",2023-09-22,2.93,0,2,0.93,6,0,1
"nowcast","BAURU",4,"2023-10-06",2023-09-29,3.67,0,1,2.67,5,1,1
"nowcast","BAURU",1,"2023-10-11",2023-09-13,2.25,0,2,0.25,4,0,1
"nowcast","BAURU",2,"2023-10-11",2023-09-20,11.87,0,11.6,0.27,14,0,0
"nowcast","BAURU",3,"2023-10-11",2023-09-27,16.06,0,15.4,0.66,21,0,0
"nowcast","BAURU",4,"2023-10-11",2023-10-04,7.55525,0,5.7,1.85525,15,0,1
"nowcast","BAURU",1,"2023-10-18",2023-09-20,7.94,0,7.8,0.14,9,0,0
"nowcast","BAURU",2,"2023-10-18",2023-09-27,9.87,0,9.6,0.27,12,0,0
"nowcast","BAURU",3,"2023-10-18",2023-10-04,3.04,0,2.4,0.64,6,0,1
"nowcast","BAURU",4,"2023-10-18",2023-10-11,14.53025,0,12.8,1.73025,26,0,1
"nowcast","BAURU",1,"2023-10-20",2023-09-22,3.64,0,3.4,0.24,5,0,0
"nowcast","BAURU",2,"2023-10-20",2023-09-29,2.98,0,2.6,0.38,5,0,1
"nowcast","BAURU",3,"2023-10-20",2023-10-06,2.12,1.2,0,0.92,4,0,1
"nowcast","BAURU",4,"2023-10-20",2023-10-13,3.82525,0,1.2,2.62525,6,1,1
"nowcast","BAURU",1,"2023-10-25",2023-09-27,8.94,0,8.8,0.14,10,0,0
"nowcast","BAURU",2,"2023-10-25",2023-10-04,0.47025,0,0.2,0.27025,1,1,1
"nowcast","BAURU",3,"2023-10-25",2023-10-11,11.77,0,11,0.77,17,0,0
"nowcast","BAURU",4,"2023-10-25",2023-10-18,20.3105,0,18.2,2.1105,37,0,1
"nowcast","BAURU",1,"2023-11-01",2023-10-04,5.13,5,0,0.13,5,0,0
"nowcast","BAURU",2,"2023-11-01",2023-10-11,0.78,0,0.4,0.38,2,1,1
"nowcast","BAURU",3,"2023-11-01",2023-10-18,9.39,0,8.6,0.79,15,0,0
"nowcast","BAURU",4,"2023-11-01",2023-10-25,9.07025,0,6.8,2.27025,18,0,1
"nowcast","BAURU",1,"2023-11-08",2023-10-04,5.34,5.2,0,0.14,6,0,0
"nowcast","BAURU",2,"2023-11-08",2023-10-11,0.28,0,0,0.28,0,1,1
"nowcast","BAURU",3,"2023-11-08",2023-10-18,1.01,0,0.2,0.81,1,1,1
"nowcast","BAURU",4,"2023-11-08",2023-10-25,4.34,0,1.8,2.54,9,1,1
"nowcast","BAURU",1,"2023-11-13",2023-10-16,0.6,0.2,0,0.4,1,1,1
"nowcast","BAURU",2,"2023-11-13",2023-10-23,0.94,0,0.4,0.54,2,1,1
"nowcast","BAURU",3,"2023-11-13",2023-10-30,5.13025,3.8,0,1.33025,9,0,1
"nowcast","BAURU",4,"2023-11-13",2023-11-06,7.131,2.8,0,4.331,14,1,1
"nowcast","BAURU",1,"2023-11-29",2023-11-01,4.64,0,4.4,0.24,6,0,0
"nowcast","BAURU",2,"2023-11-29",2023-11-08,11.26,0,11,0.26,13,0,0
"nowcast","BAURU",3,"2023-11-29",2023-11-15,2.7,0,2.2,0.5,5,0,1
"nowcast","BAURU",4,"2023-11-29",2023-11-22,21.86,0,20.8,1.06,30,0,0
"nowcast","BAURU",1,"2023-12-06",2023-11-08,6.64,0,6.4,0.24,8,0,0
"nowcast","BAURU",2,"2023-12-06",2023-11-15,4.06,3.8,0,0.26,5,0,0
"nowcast","BAURU",3,"2023-12-06",2023-11-22,21.19025,0,20.8,0.39025,24,0,0
"nowcast","BAURU",4,"2023-12-06",2023-11-29,16.02,0,15,1.02,23,0,0
"nowcast","BAURU",1,"2023-12-13",2023-11-15,8.44,8.2,0,0.24,9,0,0
"nowcast","BAURU",2,"2023-12-13",2023-11-22,17.26,0,17,0.26,19,0,0
"nowcast","BAURU",3,"2023-12-13",2023-11-29,9.19,0,8.8,0.39,12,0,0
"nowcast","BAURU",4,"2023-12-13",2023-12-06,10.71025,0,9.79,0.92025,17,0,0
"nowcast","BAURU",1,"2023-12-20",2023-11-15,8.45,8.2,0,0.25,9,0,0
"nowcast","BAURU",2,"2023-12-20",2023-11-22,16.26,0,16,0.26,18,0,0
"nowcast","BAURU",3,"2023-12-20",2023-11-29,5.92,0,5.4,0.52,9,0,0
"nowcast","BAURU",4,"2023-12-20",2023-12-06,3.96,0,2.8,1.16,8,0,1
"nowcast","BAURU",1,"2023-12-27",2023-11-22,14.64,0,14.4,0.24,16,0,0
"nowcast","BAURU",2,"2023-12-27",2023-11-29,5.57,0,5.2,0.37,8,0,0
"nowcast","BAURU",3,"2023-12-27",2023-12-06,1.72,0,1.2,0.52,4,0,1
"nowcast","BAURU",4,"2023-12-27",2023-12-13,8.31025,6.99,0,1.32025,13,0,0
"nowcast","BAURU",1,"2024-01-03",2023-12-03,1.05025,0,0.8,0.25025,2,0,1
"nowcast","BAURU",2,"2024-01-03",2023-12-10,1.08,0.8,0,0.28,2,0,1
"nowcast","BAURU",3,"2024-01-03",2023-12-17,0.73,0.2,0,0.53,1,1,1
"nowcast","BAURU",4,"2024-01-03",2023-12-24,1.4,0,0.2,1.2,1,1,1
"nowcast","BAURU",1,"2024-01-17",2023-12-13,6.45,6.2,0,0.25,7,0,0
"nowcast","BAURU",2,"2024-01-17",2023-12-20,3.06,2.8,0,0.26,4,0,0
"nowcast","BAURU",3,"2024-01-17",2023-12-27,13.19,0,12.8,0.39,16,0,0
"nowcast","BAURU",4,"2024-01-17",2024-01-03,1.31,0,0.4,0.91,2,1,1
"nowcast","BAURU",1,"2024-01-31",2023-12-27,10.64,0,10.4,0.24,12,0,0
"nowcast","BAURU",2,"2024-01-31",2024-01-03,0.45,0,0.2,0.25,1,1,1
"nowcast","BAURU",3,"2024-01-31",2024-01-10,0.38,0,0,0.38,0,1,1
"nowcast","BAURU",4,"2024-01-31",2024-01-17,0.78,0,0,0.78,0,1,1
"nowcast","BAURU",1,"2024-02-07",2024-01-03,1.04,0,0.8,0.24,2,0,1
"nowcast","BAURU",2,"2024-02-07",2024-01-10,0.375,0,0.2,0.175,1,1,1
"nowcast","BAURU",3,"2024-02-07",2024-01-17,0.78,0,0.4,0.38,2,1,1
"nowcast","BAURU",4,"2024-02-07",2024-01-24,6.85,0,6.2,0.65,11,0,0
"nowcast","BAURU",1,"2024-02-14",2024-01-17,3.13,3,0,0.13,3,0,0
"nowcast","BAURU",2,"2024-02-14",2024-01-24,11.33,0,11.2,0.13,12,0,0
"nowcast","BAURU",3,"2024-02-14",2024-01-31,2.26,0,2,0.26,4,0,1
"nowcast","BAURU",4,"2024-02-14",2024-02-07,15.81,0,15.4,0.41,19,0,0
"nowcast","BAURU",1,"2024-02-28",2024-01-31,3.14,3,0,0.14,3,0,0
"nowcast","BAURU",2,"2024-02-28",2024-02-07,2.25,0,2,0.25,4,0,1
"nowcast","BAURU",3,"2024-02-28",2024-02-14,17.91,0,17.4,0.51,21,0,0
"nowcast","BAURU",4,"2024-02-28",2024-02-21,26.36,0,25.2,1.16,34,0,0
"nowcast","BAURU",1,"2024-03-06",2024-02-07,3.45,3.2,0,0.25,4,0,0
"nowcast","BAURU",2,"2024-03-06",2024-02-14,5.49,0,5.2,0.29,8,0,0
"nowcast","BAURU",3,"2024-03-06",2024-02-21,16.57,0,15.8,0.77,21,0,0
"nowcast","BAURU",4,"2024-03-06",2024-02-28,23.165,0,21.5,1.665,36,0,0
"nowcast","BAURU",1,"2024-03-13",2024-02-07,6.86,6.6,0,0.26,7,0,0
"nowcast","BAURU",2,"2024-03-13",2024-02-14,0.42,0,0,0.42,0,1,1
"nowcast","BAURU",3,"2024-03-13",2024-02-21,1.92025,0.6,0,1.32025,3,1,1
"nowcast","BAURU",4,"2024-03-13",2024-02-28,5.4005,0,1.8,3.6005,9,1,1
"nowcast","BAURU",1,"2024-03-18",2024-02-19,7.39,0,7,0.39,11,0,0
"nowcast","BAURU",2,"2024-03-18",2024-02-26,3.08,0,2.4,0.68,6,0,1
"nowcast","BAURU",3,"2024-03-18",2024-03-04,2.49,0,0.2,2.29,1,1,1
"nowcast","BAURU",4,"2024-03-18",2024-03-11,7.36025,2,0,5.36025,10,1,1
"nowcast","BAURU",1,"2024-03-20",2024-02-21,2.26,0,2,0.26,4,0,1
"nowcast","BAURU",2,"2024-03-20",2024-02-28,12.62025,0,12.19,0.43025,17,0,0
"nowcast","BAURU",3,"2024-03-20",2024-03-06,24.16,0,22.8,1.36,36,0,0
"nowcast","BAURU",4,"2024-03-20",2024-03-13,13.51075,0,9.8,3.71075,27,0,1
"nowcast","BAURU",1,"2024-03-27",2024-02-28,6.6705,0,6.38,0.2905,10,0,0
"nowcast","BAURU",2,"2024-03-27",2024-03-06,3.68,0,3,0.68,7,0,1
"nowcast","BAURU",3,"2024-03-27",2024-03-13,7.2505,0,5.6,1.6505,14,0,1
"nowcast","BAURU",4,"2024-03-27",2024-03-20,12.81225,0,8.4,4.41225,28,0,1
"nowcast","BAURU",1,"2024-04-10",2024-03-06,2.02,0,1.6,0.42,4,0,1
"nowcast","BAURU",2,"2024-04-10",2024-03-13,0.77,0.1,0,0.67,0.5,1,1
"nowcast","BAURU",3,"2024-04-10",2024-03-20,1.93,0,0.2,1.73,1,1,1
"nowcast","BAURU",4,"2024-04-10",2024-03-27,4.8905,0.2,0,4.6905,1,1,1
"nowcast","BAURU",1,"2024-04-17",2024-03-14,0.73025,0,0.2,0.53025,1,1,1
"nowcast","BAURU",2,"2024-04-17",2024-03-21,1.99,0,1.2,0.79,4,0,1
"nowcast","BAURU",3,"2024-04-17",2024-03-28,7.14,0,5.8,1.34,13,0,1
"nowcast","BAURU",4,"2024-04-17",2024-04-04,6.565,0,3,3.565,15,1,1
"nowcast","BAURU",1,"2024-04-23",2024-03-24,3.31,0,2.8,0.51,6,0,1
"nowcast","BAURU",2,"2024-04-23",2024-03-31,1.38,0,0.6,0.78,3,1,1
"nowcast","BAURU",3,"2024-04-23",2024-04-07,1.63025,0.2,0,1.43025,1,1,1
"nowcast","BAURU",4,"2024-04-23",2024-04-14,4.27025,0.4,0,3.87025,2,1,1
"nowcast","BAURU",1,"2024-05-06",2024-04-05,1.06025,0,0.8,0.26025,2,0,1
"nowcast","BAURU",2,"2024-05-06",2024-04-12,1.39,0,1,0.39,3,0,1
"nowcast","BAURU",3,"2024-05-06",2024-04-19,9.75,0,8.9,0.85,15,0,0
"nowcast","BAURU",4,"2024-05-06",2024-04-26,8.77,0,6.4,2.37,18,0,1
"nowcast","BAURU",1,"2024-05-15",2024-04-17,2.25,0,2,0.25,4,0,1
"nowcast","BAURU",2,"2024-05-15",2024-04-24,9.68,9.4,0,0.28,11,0,0
"nowcast","BAURU",3,"2024-05-15",2024-05-01,32.15,0,31.6,0.55,36,0,0
"nowcast","BAURU",4,"2024-05-15",2024-05-08,19.15,0,17.2,1.95,32,0,0
"nowcast","BAURU",1,"2024-05-23",2024-04-17,0.885,0,0.7,0.185,2,0,1
"nowcast","BAURU",2,"2024-05-23",2024-04-24,11.99,11.6,0,0.39,14,0,0
"nowcast","BAURU",3,"2024-05-23",2024-05-01,18.47,0,17.8,0.67,23,0,0
"nowcast","BAURU",4,"2024-05-23",2024-05-08,5.97,0,4,1.97,12,0,1
"nowcast","BAURU",1,"2024-05-29",2024-04-24,12.45,12.2,0,0.25,13,0,0
"nowcast","BAURU",2,"2024-05-29",2024-05-01,20.19,0,19.8,0.39,23,0,0
"nowcast","BAURU",3,"2024-05-29",2024-05-08,11.25,0,10.6,0.65,15,0,0
"nowcast","BAURU",4,"2024-05-29",2024-05-15,8.935,0,7.2,1.735,16.5,0,1
"nowcast","BAURU",1,"2024-06-05",2024-05-01,20.76,0,20.6,0.16,23,0,0
"nowcast","BAURU",2,"2024-06-05",2024-05-08,5.19,0,4.8,0.39,8,0,0
"nowcast","BAURU",3,"2024-06-05",2024-05-15,12.18,0,11.4,0.78,17,0,0
"nowcast","BAURU",4,"2024-06-05",2024-05-22,2.13,0,0.4,1.73,2,1,1
"nowcast","BAURU",1,"2024-06-12",2024-05-11,2.8,2.4,0,0.4,4,0,0
"nowcast","BAURU",2,"2024-06-12",2024-05-18,1.53,0,1,0.53,3,0,1
"nowcast","BAURU",3,"2024-06-12",2024-05-25,1.67,0.6,0,1.07,3,1,1
"nowcast","BAURU",4,"2024-06-12",2024-06-01,10.56025,0,7.8,2.76025,21,0,1
"nowcast","BAURU",1,"2024-06-19",2024-05-11,2.8,2.4,0,0.4,4,0,0
"nowcast","BAURU",2,"2024-06-19",2024-05-18,1.53,0,1,0.53,3,0,1
"nowcast","BAURU",3,"2024-06-19",2024-05-25,1.86025,0.8,0,1.06025,4,1,1
"nowcast","BAURU",4,"2024-06-19",2024-06-01,10.42,0,7.6,2.82,20,0,1
"nowcast","BAURU",1,"2024-06-26",2024-05-29,0.47,0.2,0,0.27,1,1,1
"nowcast","BAURU",2,"2024-06-26",2024-06-05,8.73,0,8.2,0.53,13,0,0
"nowcast","BAURU",3,"2024-06-26",2024-06-12,10.94025,0,10,0.94025,18,0,0
"nowcast","BAURU",4,"2024-06-26",2024-06-19,29.2,0,26.4,2.8,52,0,0
"nowcast","BAURU",1,"2024-07-04",2024-06-01,0.8,0,0.4,0.4,2,1,1
"nowcast","BAURU",2,"2024-07-04",2024-06-08,2.73,0,2.2,0.53,5,0,1
"nowcast","BAURU",3,"2024-07-04",2024-06-15,3.595,0,2.5,1.095,7,0,1
"nowcast","BAURU",4,"2024-07-04",2024-06-22,5.1205,1.8,0,3.3205,9,1,1
"nowcast","BAURU",1,"2024-07-17",2024-06-08,2.85,2.2,0,0.65,5,0,1
"nowcast","BAURU",2,"2024-07-17",2024-06-15,4.92,4,0,0.92,8,0,0
"nowcast","BAURU",3,"2024-07-17",2024-06-22,6.79,5.2,0,1.59,12,0,1
"nowcast","BAURU",4,"2024-07-17",2024-06-29,6.36,2.4,0,3.96,12,1,1
"nowcast","BAURU",1,"2024-08-07",2024-11-10,21.423,0,6.8,14.623,22,0,1
"nowcast","BAURU",2,"2024-08-07",2024-11-17,20.6402499999999,0,3.6,17.0402499999999,18,1,1
"nowcast","BAURU",3,"2024-08-07",2024-11-24,26.9835,0,1.6,25.3835,8,1,1
"nowcast","BAURU",4,"2024-08-07",2024-12-01,55.7625,0,0.1,55.6625,0.5,1,1
"nowcast","BAURU",1,"2024-08-28",2024-11-11,20.32025,0,19.99,0.33025,26,0,0
"nowcast","BAURU",2,"2024-08-28",2024-11-18,18.43,0,18,0.43,28,0,0
"nowcast","BAURU",3,"2024-08-28",2024-11-25,13.33,0,12.2,1.13,23,0,1
"nowcast","BAURU",4,"2024-08-28",2024-12-02,20.7045,2.3,0,18.4045,11.5,1,1
"nowcast","BAURU",1,"2024-09-03",2024-11-11,20.33,0,20,0.33,26,0,0
"nowcast","BAURU",2,"2024-09-03",2024-11-18,19.21,0,18.8,0.41,28,0,0
"nowcast","BAURU",3,"2024-09-03",2024-11-25,13.28025,0,12.2,1.08025,23,0,1
"nowcast","BAURU",4,"2024-09-03",2024-12-02,21.40425,2.2,0,19.20425,11,1,1
"nowcast","BAURU",1,"2024-09-11",2024-11-11,21.10025,0,20.79,0.31025,26,0,0
"nowcast","BAURU",2,"2024-09-11",2024-11-18,20.08,0,19.6,0.48,28,0,0
"nowcast","BAURU",3,"2024-09-11",2024-11-25,12.96,0,11.8,1.16,23,0,1
"nowcast","BAURU",4,"2024-09-11",2024-12-02,20.8805,2.6,0,18.2805,13,1,1
"nowcast","BAURU",1,"2024-09-25",2024-11-12,12.16,0,11.4,0.76,21,0,1
"nowcast","BAURU",2,"2024-09-25",2024-11-19,13.911,0,12.8,1.111,24,0,1
"nowcast","BAURU",3,"2024-09-25",2024-11-26,14.67,0,13.2,1.47,26,0,1
"nowcast","BAURU",4,"2024-09-25",2024-12-03,11.72025,0,7.6,4.12025,22,0,1
"nowcast","BAURU",1,"2024-10-02",2024-09-04,3.8,3,0,0.8,7,0,1
"nowcast","BAURU",2,"2024-10-02",2024-09-11,6.84025,5.8,0,1.04025,11,0,0
"nowcast","BAURU",3,"2024-10-02",2024-09-18,3.92,2.6,0,1.32,7,0,1
"nowcast","BAURU",4,"2024-10-02",2024-09-25,3.26025,0.6,0,2.66025,3,1,1
"nowcast","BAURU",1,"2024-10-09",2024-09-11,5.17,4.4,0,0.77,8,0,0
"nowcast","BAURU",2,"2024-10-09",2024-09-18,13.51,12.6,0,0.91,17,0,0
"nowcast","BAURU",3,"2024-10-09",2024-09-25,18.97025,17.4,0,1.57025,25,0,0
"nowcast","BAURU",4,"2024-10-09",2024-10-02,14.68025,10.6,0,4.08025,27,0,1
"nowcast","CAMPINAS",1,"2023-05-31",2023-05-03,7.48,0,6.6,0.88,13,0,1
"nowcast","CAMPINAS",2,"2023-05-31",2023-05-10,2.08,0,1.2,0.88,4,0,1
"nowcast","CAMPINAS",3,"2023-05-31",2023-05-17,8.4,0,6.8,1.6,16,0,1
"nowcast","CAMPINAS",4,"2023-05-31",2023-05-24,7.41075,0,3.2,4.21075,16,1,1
"nowcast","CAMPINAS",1,"2023-06-06",2023-05-09,7.36,0,6.8,0.56,12,0,0
"nowcast","CAMPINAS",2,"2023-06-06",2023-05-16,3.34,0,2.4,0.94,6,0,1
"nowcast","CAMPINAS",3,"2023-06-06",2023-05-23,2.03,0.2,0,1.83,1,1,1
"nowcast","CAMPINAS",4,"2023-06-06",2023-05-30,7.13025,0,1.4,5.73025,7,1,1
"nowcast","CAMPINAS",1,"2023-06-14",2023-05-17,3.98025,0,3.4,0.58025,7,0,1
"nowcast","CAMPINAS",2,"2023-06-14",2023-05-24,3.54,0,2.6,0.94,7,0,1
"nowcast","CAMPINAS",3,"2023-06-14",2023-05-31,6.38025,0,4.8,1.58025,12,0,1
"nowcast","CAMPINAS",4,"2023-06-14",2023-06-07,14.42025,0,10.4,4.02025,28,0,1
"nowcast","CAMPINAS",1,"2023-06-20",2023-05-23,3.18,0,2.4,0.78,6,0,1
"nowcast","CAMPINAS",2,"2023-06-20",2023-05-30,2.24025,0,1.2,1.04025,4,0,1
"nowcast","CAMPINAS",3,"2023-06-20",2023-06-06,7.92,6,0,1.92,14,0,1
"nowcast","CAMPINAS",4,"2023-06-20",2023-06-13,11.57025,5.8,0,5.77025,23,0,1
"nowcast","CAMPINAS",1,"2023-07-03",2023-06-04,4.9,0,4.2,0.7,9,0,1
"nowcast","CAMPINAS",2,"2023-07-03",2023-06-11,2.73,1.8,0,0.93,5,0,1
"nowcast","CAMPINAS",3,"2023-07-03",2023-06-18,2.13,0,0.4,1.73,2,1,1
"nowcast","CAMPINAS",4,"2023-07-03",2023-06-25,9.57,0,4.2,5.37,21,1,1
"nowcast","CAMPINAS",1,"2023-07-06",2023-06-01,21.16,0,20.4,0.76,30,0,0
"nowcast","CAMPINAS",2,"2023-07-06",2023-06-08,8.135,0,7.1,1.035,14,0,1
"nowcast","CAMPINAS",3,"2023-07-06",2023-06-15,18.22,16.2,0,2.02,27,0,0
"nowcast","CAMPINAS",4,"2023-07-06",2023-06-22,9.591,3,0,6.591,15,1,1
"nowcast","CAMPINAS",1,"2023-07-19",2023-06-21,4.81025,0,4.2,0.61025,9,0,1
"nowcast","CAMPINAS",2,"2023-07-19",2023-06-28,5.93,0,5.2,0.73,10,0,1
"nowcast","CAMPINAS",3,"2023-07-19",2023-07-05,2.10025,0,0.9,1.20025,4.5,1,1
"nowcast","CAMPINAS",4,"2023-07-19",2023-07-12,6.8655,0,3.5,3.3655,16,0,1
"nowcast","CAMPINAS",1,"2023-07-25",2023-06-27,2.74,0,2.2,0.54,5,0,1
"nowcast","CAMPINAS",2,"2023-07-25",2023-07-04,0.75,0,0.2,0.55,1,1,1
"nowcast","CAMPINAS",3,"2023-07-25",2023-07-11,5.64,0,4.6,1.04,11,0,1
"nowcast","CAMPINAS",4,"2023-07-25",2023-07-18,20.47025,0,17.99,2.48025,36,0,0
"nowcast","CAMPINAS",1,"2023-08-02",2023-07-05,0.54,0,0.2,0.34,1,1,1
"nowcast","CAMPINAS",2,"2023-08-02",2023-07-12,7.63,0,7.2,0.43,12,0,0
"nowcast","CAMPINAS",3,"2023-08-02",2023-07-19,5.31,0,4.4,0.91,10,0,1
"nowcast","CAMPINAS",4,"2023-08-02",2023-07-26,10.8,0,8.2,2.6,21,0,1
"nowcast","CAMPINAS",1,"2023-08-08",2023-07-11,7.7,0,7.4,0.3,11,0,0
"nowcast","CAMPINAS",2,"2023-08-08",2023-07-18,4.53,0,4,0.53,8,0,1
"nowcast","CAMPINAS",3,"2023-08-08",2023-07-25,1.34,0.4,0,0.94,2,1,1
"nowcast","CAMPINAS",4,"2023-08-08",2023-08-01,15.55025,0,12.6,2.95025,29,0,1
"nowcast","CAMPINAS",1,"2023-08-16",2023-07-19,3.04025,0,2.6,0.44025,5,0,1
"nowcast","CAMPINAS",2,"2023-08-16",2023-07-26,0.59025,0,0,0.59025,0,1,1
"nowcast","CAMPINAS",3,"2023-08-16",2023-08-02,2.47025,0,1.4,1.07025,5,0,1
"nowcast","CAMPINAS",4,"2023-08-16",2023-08-09,14.101,0,10.8,3.301,26,0,1
"nowcast","CAMPINAS",1,"2023-08-23",2023-07-26,0.82025,0,0.4,0.42025,2,1,1
"nowcast","CAMPINAS",2,"2023-08-23",2023-08-02,0.89,0,0.2,0.69,1,1,1
"nowcast","CAMPINAS",3,"2023-08-23",2023-08-09,0.96025,0,0,0.96025,0,1,1
"nowcast","CAMPINAS",4,"2023-08-23",2023-08-16,37.235,0,34,3.235,60,0,0
"nowcast","CAMPINAS",1,"2023-08-30",2023-08-02,3.4,0,2.8,0.6,6,0,1
"nowcast","CAMPINAS",2,"2023-08-30",2023-08-09,1.0605,0,0.2,0.8605,1,1,1
"nowcast","CAMPINAS",3,"2023-08-30",2023-08-16,1.32025,0,0,1.32025,0,1,1
"nowcast","CAMPINAS",4,"2023-08-30",2023-08-23,4.53,0.6,0,3.93,3,1,1
"nowcast","CAMPINAS",1,"2023-09-06",2023-08-09,1.01025,0.4,0,0.61025,2,1,1
"nowcast","CAMPINAS",2,"2023-09-06",2023-08-16,0.94,0,0.2,0.74,1,1,1
"nowcast","CAMPINAS",3,"2023-09-06",2023-08-23,1.69,0.6,0,1.09,3,1,1
"nowcast","CAMPINAS",4,"2023-09-06",2023-08-30,15.94,0,13.4,2.54,29,0,1
"nowcast","CAMPINAS",1,"2023-09-19",2023-08-22,1.07,0,0.4,0.67,2,1,1
"nowcast","CAMPINAS",2,"2023-09-19",2023-08-29,1.7505,0,1,0.7505,3,0,1
"nowcast","CAMPINAS",3,"2023-09-19",2023-09-05,1.4,0,0.4,1,2,1,1
"nowcast","CAMPINAS",4,"2023-09-19",2023-09-12,20.71,0,18.2,2.51,37,0,1
"nowcast","CAMPINAS",1,"2023-09-27",2023-08-30,1.55,0,1,0.55,3,0,1
"nowcast","CAMPINAS",2,"2023-09-27",2023-09-06,0.65025,0,0,0.65025,0,1,1
"nowcast","CAMPINAS",3,"2023-09-27",2023-09-13,4.31075,0,3.2,1.11075,8,0,1
"nowcast","CAMPINAS",4,"2023-09-27",2023-09-20,21.14025,0,18.4,2.74025,38,0,1
"nowcast","CAMPINAS",1,"2023-10-06",2023-09-08,5.22,4.8,0,0.42,6,0,0
"nowcast","CAMPINAS",2,"2023-10-06",2023-09-15,3.08025,0,2.4,0.68025,6,0,1
"nowcast","CAMPINAS",3,"2023-10-06",2023-09-22,11.60025,0,10.39,1.21025,20,0,0
"nowcast","CAMPINAS",4,"2023-10-06",2023-09-29,21.04025,0,17.4,3.64025,39,0,1
"nowcast","CAMPINAS",1,"2023-10-11",2023-09-13,0.60025,0,0.2,0.40025,1,1,1
"nowcast","CAMPINAS",2,"2023-10-11",2023-09-20,4.27,0,3.6,0.67,8,0,1
"nowcast","CAMPINAS",3,"2023-10-11",2023-09-27,1.75,0,0.6,1.15,3,1,1
"nowcast","CAMPINAS",4,"2023-10-11",2023-10-04,6.82575,0,3.6,3.22575,14,0,1
"nowcast","CAMPINAS",1,"2023-10-18",2023-09-20,5.15,0,4.6,0.55,9,0,1
"nowcast","CAMPINAS",2,"2023-10-18",2023-09-27,6.07,0,5.4,0.67,11,0,1
"nowcast","CAMPINAS",3,"2023-10-18",2023-10-04,11.71,0,10.4,1.31,20,0,0
"nowcast","CAMPINAS",4,"2023-10-18",2023-10-11,32.84025,0,29.2,3.64025,58,0,1
"nowcast","CAMPINAS",1,"2023-10-20",2023-09-22,13.21025,0,12.59,0.62025,21,0,0
"nowcast","CAMPINAS",2,"2023-10-20",2023-09-29,4.88,4,0,0.88,8,0,0
"nowcast","CAMPINAS",3,"2023-10-20",2023-10-06,6.63,0,5,1.63,13,0,1
"nowcast","CAMPINAS",4,"2023-10-20",2023-10-13,6.5105,0,2.2,4.3105,11,1,1
"nowcast","CAMPINAS",1,"2023-10-25",2023-09-27,5.66,0,5.2,0.46,10,0,1
"nowcast","CAMPINAS",2,"2023-10-25",2023-10-04,9.49025,0,8.79,0.70025,16,0,0
"nowcast","CAMPINAS",3,"2023-10-25",2023-10-11,7.13025,0,5.8,1.33025,13,0,1
"nowcast","CAMPINAS",4,"2023-10-25",2023-10-18,44.93025,0,41.09,3.84025,69.5,0,0
"nowcast","CAMPINAS",1,"2023-11-01",2023-10-04,6.39025,0,5.8,0.59025,11,0,1
"nowcast","CAMPINAS",2,"2023-11-01",2023-10-11,4.74,0,3.8,0.94,9,0,1
"nowcast","CAMPINAS",3,"2023-11-01",2023-10-18,2.54025,0,1.2,1.34025,6,1,1
"nowcast","CAMPINAS",4,"2023-11-01",2023-10-25,6.2,0,2.2,4,11,1,1
"nowcast","CAMPINAS",1,"2023-11-08",2023-10-11,3.82,0,3,0.82,7,0,1
"nowcast","CAMPINAS",2,"2023-11-08",2023-10-18,1.5,0,0.4,1.1,2,1,1
"nowcast","CAMPINAS",3,"2023-11-08",2023-10-25,4.54025,0,3,1.54025,9,0,1
"nowcast","CAMPINAS",4,"2023-11-08",2023-11-01,18.68075,0,14.6,4.08075,35,0,1
"nowcast","CAMPINAS",1,"2023-11-13",2023-10-09,7.34,0,6.6,0.74,13,0,1
"nowcast","CAMPINAS",2,"2023-11-13",2023-10-16,3.9005,0,3,0.9005,7,0,1
"nowcast","CAMPINAS",3,"2023-11-13",2023-10-23,3.04,0,1.2,1.84,6,1,1
"nowcast","CAMPINAS",4,"2023-11-13",2023-10-30,8.35,0,3.2,5.15,16,1,1
"nowcast","CAMPINAS",1,"2023-11-29",2023-11-01,1.21025,0,0.4,0.81025,2,1,1
"nowcast","CAMPINAS",2,"2023-11-29",2023-11-08,2.27025,0,1.4,0.87025,5,0,1
"nowcast","CAMPINAS",3,"2023-11-29",2023-11-15,2.01,0,0.8,1.21,4,1,1
"nowcast","CAMPINAS",4,"2023-11-29",2023-11-22,6.98075,0,4.2,2.78075,15,0,1
"nowcast","CAMPINAS",1,"2023-12-06",2023-11-08,2.74,0,2.2,0.54,5,0,1
"nowcast","CAMPINAS",2,"2023-12-06",2023-11-15,1.56,0,1,0.56,3,0,1
"nowcast","CAMPINAS",3,"2023-12-06",2023-11-22,1.01,0,0.2,0.81,1,1,1
"nowcast","CAMPINAS",4,"2023-12-06",2023-11-29,7.52025,0,5.4,2.12025,15,0,1
"nowcast","CAMPINAS",1,"2023-12-13",2023-11-15,3.24025,0,2.8,0.44025,6,0,1
"nowcast","CAMPINAS",2,"2023-12-13",2023-11-22,2.73025,0,2.2,0.53025,5,0,1
"nowcast","CAMPINAS",3,"2023-12-13",2023-11-29,10.87,0,10.2,0.67,15,0,0
"nowcast","CAMPINAS",4,"2023-12-13",2023-12-06,28.89,0,27.2,1.69,40,0,0
"nowcast","CAMPINAS",1,"2023-12-20",2023-11-22,2.41,0,2,0.41,4,0,1
"nowcast","CAMPINAS",2,"2023-12-20",2023-11-29,5.52,0,5,0.52,9,0,0
"nowcast","CAMPINAS",3,"2023-12-20",2023-12-06,2.49,0,1.8,0.69,5,0,1
"nowcast","CAMPINAS",4,"2023-12-20",2023-12-13,7.15,0,5.2,1.95,14,0,1
"nowcast","CAMPINAS",1,"2023-12-27",2023-11-29,2.72025,0,2.2,0.52025,5,0,1
"nowcast","CAMPINAS",2,"2023-12-27",2023-12-06,0.74,0,0.2,0.54,1,1,1
"nowcast","CAMPINAS",3,"2023-12-27",2023-12-13,1.2,0,0.4,0.8,2,1,1
"nowcast","CAMPINAS",4,"2023-12-27",2023-12-20,19.52025,0,17.79,1.73025,31,0,0
"nowcast","CAMPINAS",1,"2024-01-03",2023-12-06,0.59025,0,0,0.59025,0,1,1
"nowcast","CAMPINAS",2,"2024-01-03",2023-12-13,1.63025,0,1,0.63025,3,0,1
"nowcast","CAMPINAS",3,"2024-01-03",2023-12-20,13.8,0,13.1,0.7,19.5,0,0
"nowcast","CAMPINAS",4,"2024-01-03",2023-12-27,9.595,0,8,1.595,18,0,1
"nowcast","CAMPINAS",1,"2024-01-17",2023-12-13,3.66,0,3.2,0.46,6,0,1
"nowcast","CAMPINAS",2,"2024-01-17",2023-12-20,3.35025,0,2.8,0.55025,6,0,1
"nowcast","CAMPINAS",3,"2024-01-17",2023-12-27,4.09,0,3.4,0.69,7,0,1
"nowcast","CAMPINAS",4,"2024-01-17",2024-01-03,5.54025,0,3.8,1.74025,11,0,1
"nowcast","CAMPINAS",1,"2024-01-31",2024-01-03,0.64,0,0.2,0.44,1,1,1
"nowcast","CAMPINAS",2,"2024-01-31",2024-01-10,0.75,0.2,0,0.55,1,1,1
"nowcast","CAMPINAS",3,"2024-01-31",2024-01-17,4.4105,0,3.6,0.8105,8,0,1
"nowcast","CAMPINAS",4,"2024-01-31",2024-01-24,17.23025,0,15.39,1.84025,29,0,0
"nowcast","CAMPINAS",1,"2024-02-07",2024-01-10,0.73,0.2,0,0.53,1,1,1
"nowcast","CAMPINAS",2,"2024-02-07",2024-01-17,3.1905,0,2.4,0.7905,6,0,1
"nowcast","CAMPINAS",3,"2024-02-07",2024-01-24,8.3705,0,7.4,0.9705,15,0,1
"nowcast","CAMPINAS",4,"2024-02-07",2024-01-31,17.83025,0,15.8,2.03025,31,0,1
"nowcast","CAMPINAS",1,"2024-02-14",2024-01-11,14.2,13.6,0,0.6,16,0,0
"nowcast","CAMPINAS",2,"2024-02-14",2024-01-18,6.72025,0,6,0.72025,12,0,1
"nowcast","CAMPINAS",3,"2024-02-14",2024-01-25,15.04,0,13.8,1.24,25,0,0
"nowcast","CAMPINAS",4,"2024-02-14",2024-02-01,6.11025,0,2.4,3.71025,12,1,1
"nowcast","CAMPINAS",1,"2024-02-28",2024-01-31,3.24,0,1.8,1.44,7,0,1
"nowcast","CAMPINAS",2,"2024-02-28",2024-02-07,4.552,0,2.6,1.952,9,0,1
"nowcast","CAMPINAS",3,"2024-02-28",2024-02-14,4.3155,0,0.4,3.9155,2,1,1
"nowcast","CAMPINAS",4,"2024-02-28",2024-02-21,13.23625,0,3.4,9.83625,17,1,1
"nowcast","CAMPINAS",1,"2024-03-06",2024-02-07,7.4,0,6.6,0.8,13,0,1
"nowcast","CAMPINAS",2,"2024-03-06",2024-02-14,6.84025,0,5.4,1.44025,13,0,1
"nowcast","CAMPINAS",3,"2024-03-06",2024-02-21,4.02525,0.6,0,3.42525,3,1,1
"nowcast","CAMPINAS",4,"2024-03-06",2024-02-28,11.66525,0.4,0,11.26525,2,1,1
"nowcast","CAMPINAS",1,"2024-03-13",2024-02-14,7.02025,0,5.8,1.22025,13,0,1
"nowcast","CAMPINAS",2,"2024-03-13",2024-02-21,1.88025,0,0,1.88025,0,1,1
"nowcast","CAMPINAS",3,"2024-03-13",2024-02-28,6.96025,3,0,3.96025,13,0,1
"nowcast","CAMPINAS",4,"2024-03-13",2024-03-06,35.22525,21.8,0,13.42525,67,0,1
"nowcast","CAMPINAS",1,"2024-03-18",2024-02-12,5.9705,0,4.6,1.3705,11,0,1
"nowcast","CAMPINAS",2,"2024-03-18",2024-02-19,2.85,0,1,1.85,5,1,1
"nowcast","CAMPINAS",3,"2024-03-18",2024-02-26,3.05525,0,0,3.05525,0,1,1
"nowcast","CAMPINAS",4,"2024-03-18",2024-03-04,13.5005,5.2,0,8.3005,26,1,1
"nowcast","CAMPINAS",1,"2024-03-20",2024-02-21,2.20025,0,1,1.20025,5,1,1
"nowcast","CAMPINAS",2,"2024-03-20",2024-02-28,3.52,0,1.6,1.92,8,1,1
"nowcast","CAMPINAS",3,"2024-03-20",2024-03-06,4.4905,0,0.6,3.8905,3,1,1
"nowcast","CAMPINAS",4,"2024-03-20",2024-03-13,17.6765,0,5.7,11.9765,28.5,1,1
"nowcast","CAMPINAS",1,"2024-03-27",2024-02-28,2.47025,0,0.6,1.87025,3,1,1
"nowcast","CAMPINAS",2,"2024-03-27",2024-03-06,2.77025,0,0.6,2.17025,3,1,1
"nowcast","CAMPINAS",3,"2024-03-27",2024-03-13,6.24025,2,0,4.24025,10,1,1
"nowcast","CAMPINAS",4,"2024-03-27",2024-03-20,17.47175,0,5.4,12.07175,27,1,1
"nowcast","CAMPINAS",1,"2024-04-10",2024-03-13,8.11175,3,0,5.11175,11,0,1
"nowcast","CAMPINAS",2,"2024-04-10",2024-03-20,9.72225,4.2,0,5.52225,13,0,1
"nowcast","CAMPINAS",3,"2024-04-10",2024-03-27,15.7705,0,9.6,6.1705,30,0,1
"nowcast","CAMPINAS",4,"2024-04-10",2024-04-03,66.6015,0,54.2,12.4015,123,0,1
"nowcast","CAMPINAS",1,"2024-04-17",2024-03-14,13.10025,0,11.8,1.30025,23,0,1
"nowcast","CAMPINAS",2,"2024-04-17",2024-03-21,38.67,37,0,1.67,45,0,0
"nowcast","CAMPINAS",3,"2024-04-17",2024-03-28,15.33025,0,11.8,3.53025,29,0,1
"nowcast","CAMPINAS",4,"2024-04-17",2024-04-04,11.36075,0,3.2,8.16075,16,1,1
"nowcast","CAMPINAS",1,"2024-04-23",2024-03-25,1.85,0,0.4,1.45,2,1,1
"nowcast","CAMPINAS",2,"2024-04-23",2024-04-01,4.48025,0,2.6,1.88025,9,0,1
"nowcast","CAMPINAS",3,"2024-04-23",2024-04-08,4.9705,0.4,0,4.5705,2,1,1
"nowcast","CAMPINAS",4,"2024-04-23",2024-04-15,20.9205,0,8.2,12.7205,41,1,1
"nowcast","CAMPINAS",1,"2024-05-06",2024-04-05,1.34025,0,0,1.34025,0,1,1
"nowcast","CAMPINAS",2,"2024-05-06",2024-04-12,3.8805,2.2,0,1.6805,7,0,1
"nowcast","CAMPINAS",3,"2024-05-06",2024-04-19,18.62075,0,15.6,3.02075,34,0,1
"nowcast","CAMPINAS",4,"2024-05-06",2024-04-26,48.26025,0,39.3,8.96025,92.5,0,1
"nowcast","CAMPINAS",1,"2024-05-15",2024-04-17,4.2,0,3.2,1,8,0,1
"nowcast","CAMPINAS",2,"2024-05-15",2024-04-24,2.745,0,1.6,1.145,6,0,1
"nowcast","CAMPINAS",3,"2024-05-15",2024-05-01,1.80025,0,0.2,1.60025,1,1,1
"nowcast","CAMPINAS",4,"2024-05-15",2024-05-08,12.92525,0,8.7,4.22525,25.5,0,1
"nowcast","CAMPINAS",1,"2024-05-23",2024-04-18,24.2505,0,22.6,1.6505,41,0,1
"nowcast","CAMPINAS",2,"2024-05-23",2024-04-25,16.1215,0,14.4,1.7215,28,0,1
"nowcast","CAMPINAS",3,"2024-05-23",2024-05-02,3.83025,0,1.2,2.63025,6,1,1
"nowcast","CAMPINAS",4,"2024-05-23",2024-05-09,18.83025,0,13.6,5.23025,36,0,1
"nowcast","CAMPINAS",1,"2024-05-29",2024-05-01,1.8705,0,1.2,0.6705,4,0,1
"nowcast","CAMPINAS",2,"2024-05-29",2024-05-08,5.6,0,4.8,0.8,10,0,1
"nowcast","CAMPINAS",3,"2024-05-29",2024-05-15,3.98,0,2.8,1.18,8,0,1
"nowcast","CAMPINAS",4,"2024-05-29",2024-05-22,16.31,0,13,3.31,31,0,1
"nowcast","CAMPINAS",1,"2024-06-05",2024-05-08,2.77,0,2.2,0.57,5,0,1
"nowcast","CAMPINAS",2,"2024-06-05",2024-05-15,1.19025,0,0.4,0.79025,2,1,1
"nowcast","CAMPINAS",3,"2024-06-05",2024-05-22,8.91,0,7.6,1.31,16,0,1
"nowcast","CAMPINAS",4,"2024-06-05",2024-05-29,31.41,0,27.8,3.61,53,0,0
"nowcast","CAMPINAS",1,"2024-06-12",2024-05-11,1.85,1,0,0.85,3,0,1
"nowcast","CAMPINAS",2,"2024-06-12",2024-05-18,11.47,0,10.4,1.07,20,0,1
"nowcast","CAMPINAS",3,"2024-06-12",2024-05-25,3.4405,1.4,0,2.0405,7,1,1
"nowcast","CAMPINAS",4,"2024-06-12",2024-06-01,27.86025,0,22.8,5.06025,52,0,1
"nowcast","CAMPINAS",1,"2024-06-19",2024-05-11,2.0305,1.2,0,0.8305,4,0,1
"nowcast","CAMPINAS",2,"2024-06-19",2024-05-18,11.15025,0,10.19,0.96025,19,0,0
"nowcast","CAMPINAS",3,"2024-06-19",2024-05-25,3.55,1.8,0,1.75,7,0,1
"nowcast","CAMPINAS",4,"2024-06-19",2024-06-01,26.72025,0,21.8,4.92025,49,0,1
"nowcast","CAMPINAS",1,"2024-06-26",2024-05-29,6.78025,0,6,0.78025,12,0,1
"nowcast","CAMPINAS",2,"2024-06-26",2024-06-05,6.7105,0,5.6,1.1105,12,0,1
"nowcast","CAMPINAS",3,"2024-06-26",2024-06-12,7.60025,0,6,1.60025,14,0,1
"nowcast","CAMPINAS",4,"2024-06-26",2024-06-19,62.68025,0,58.29,4.39025,89.5,0,0
"nowcast","CAMPINAS",1,"2024-07-04",2024-06-01,4.5405,2.6,0,1.9405,7,0,1
"nowcast","CAMPINAS",2,"2024-07-04",2024-06-08,6.51725,0,4.3,2.21725,12,0,1
"nowcast","CAMPINAS",3,"2024-07-04",2024-06-15,3.59175,0,0.2,3.39175,1,1,1
"nowcast","CAMPINAS",4,"2024-07-04",2024-06-22,18.17575,9.4,0,8.77575,35,0,1
"nowcast","CAMPINAS",1,"2024-07-17",2024-06-08,10.0905,0,9.2,0.8905,18,0,1
"nowcast","CAMPINAS",2,"2024-07-17",2024-06-15,2.75575,0,1.6,1.15575,6,0,1
"nowcast","CAMPINAS",3,"2024-07-17",2024-06-22,5.20025,2.8,0,2.40025,10,0,1
"nowcast","CAMPINAS",4,"2024-07-17",2024-06-29,15.96025,8.4,0,7.56025,32,0,1
"nowcast","CAMPINAS",1,"2024-08-07",2024-11-10,82.94,0,79.6,3.34,138,0,1
"nowcast","CAMPINAS",2,"2024-08-07",2024-11-17,83.6475,0,79.4,4.24749999999999,139,0,1
"nowcast","CAMPINAS",3,"2024-08-07",2024-11-24,73.61575,0,67.8,5.81574999999999,123,0,1
"nowcast","CAMPINAS",4,"2024-08-07",2024-12-01,120.222,0,83.9,36.3219999999999,158,0,1
"nowcast","CAMPINAS",1,"2024-08-28",2024-11-11,80.5315,0,77.4,3.1315,135,0,1
"nowcast","CAMPINAS",2,"2024-08-28",2024-11-18,87.2025,0,82.8,4.4025,146,0,1
"nowcast","CAMPINAS",3,"2024-08-28",2024-11-25,74.9485,0,65.8,9.14849999999999,121,0,1
"nowcast","CAMPINAS",4,"2024-08-28",2024-12-02,107.93975,0,81.1,26.83975,156,0,1
"nowcast","CAMPINAS",1,"2024-09-03",2024-11-11,80.58325,0,76.6,3.98325,135,0,1
"nowcast","CAMPINAS",2,"2024-09-03",2024-11-18,88.136,0,83.4,4.73599999999999,147,0,1
"nowcast","CAMPINAS",3,"2024-09-03",2024-11-25,72.7915,0,64.8,7.9915,122,0,1
"nowcast","CAMPINAS",4,"2024-09-03",2024-12-02,101.24025,0,83.5,17.74025,156,0,1
"nowcast","CAMPINAS",1,"2024-09-11",2024-11-11,81.12475,0,75.8,5.32475,135,0,1
"nowcast","CAMPINAS",2,"2024-09-11",2024-11-18,88.50975,0,82.4,6.10974999999999,146,0,1
"nowcast","CAMPINAS",3,"2024-09-11",2024-11-25,75.40725,0,66.9,8.50724999999999,123,0,1
"nowcast","CAMPINAS",4,"2024-09-11",2024-12-02,99.2125,0,82.7,16.5125,156,0,1
"nowcast","CAMPINAS",1,"2024-09-25",2024-11-12,12295128.11175,0,1.9,12295126.21175,9.5,1,1
"nowcast","CAMPINAS",2,"2024-09-25",2024-11-19,4371545.74174995,0.5,0,4371545.24174995,2.5,1,1
"nowcast","CAMPINAS",3,"2024-09-25",2024-11-26,15995846.841,18.2,0,15995828.641,91,1,1
"nowcast","CAMPINAS",4,"2024-09-25",2024-12-03,47630230.9827498,74.2,0,47630156.7827498,371,1,1
"nowcast","CAMPINAS",1,"2024-10-02",2024-08-28,16.10025,0,15,1.10025,27,0,1
"nowcast","CAMPINAS",2,"2024-10-02",2024-09-04,1.93025,0.4,0,1.53025,2,1,1
"nowcast","CAMPINAS",3,"2024-10-02",2024-09-11,18.2935,0,15.4,2.8935,33,0,1
"nowcast","CAMPINAS",4,"2024-10-02",2024-09-18,20.2055,0,12.3,7.9055,40,0,1
"nowcast","CAMPINAS",1,"2024-10-09",2024-09-04,4.55025,3.6,0,0.95025,6,0,0
"nowcast","CAMPINAS",2,"2024-10-09",2024-09-11,10.39025,0,9.2,1.19025,18,0,1
"nowcast","CAMPINAS",3,"2024-10-09",2024-09-18,3.4,0,0.6,2.8,3,1,1
"nowcast","CAMPINAS",4,"2024-10-09",2024-09-25,6.5305,0.4,0,6.1305,2,1,1
"nowcast","FRANCA",1,"2023-05-31",2023-04-26,0.62025,0.2,0,0.42025,1,1,1
"nowcast","FRANCA",2,"2023-05-31",2023-05-03,1.35,0.8,0,0.55,2,0,1
"nowcast","FRANCA",3,"2023-05-31",2023-05-10,3.93,3,0,0.93,7,0,1
"nowcast","FRANCA",4,"2023-05-31",2023-05-17,3.89,1.8,0,2.09,7,0,1
"nowcast","FRANCA",1,"2023-06-06",2023-05-02,0.41,0,0,0.41,0,1,1
"nowcast","FRANCA",2,"2023-06-06",2023-05-09,7.86,7.2,0,0.66,10,0,0
"nowcast","FRANCA",3,"2023-06-06",2023-05-16,8.14,7.1,0,1.04,11.5,0,0
"nowcast","FRANCA",4,"2023-06-06",2023-05-23,10.39,8,0,2.39,18,0,0
"nowcast","FRANCA",1,"2023-06-14",2023-05-17,1.46,1.2,0,0.26,2,0,0
"nowcast","FRANCA",2,"2023-06-14",2023-05-24,0.27,0,0,0.27,0,1,1
"nowcast","FRANCA",3,"2023-06-14",2023-05-31,1.53,0,1,0.53,3,0,1
"nowcast","FRANCA",4,"2023-06-14",2023-06-07,5.6305,0,4.8,0.8305,10,0,1
"nowcast","FRANCA",1,"2023-06-20",2023-05-16,1.86,1.6,0,0.26,2,0,0
"nowcast","FRANCA",2,"2023-06-20",2023-05-23,0.59,0.2,0,0.39,1,1,1
"nowcast","FRANCA",3,"2023-06-20",2023-05-30,1.37,0.6,0,0.77,3,1,1
"nowcast","FRANCA",4,"2023-06-20",2023-06-06,2.61,1,0,1.61,5,1,1
"nowcast","FRANCA",1,"2023-07-03",2023-05-29,1.15025,0.2,0,0.95025,1,1,1
"nowcast","FRANCA",2,"2023-07-03",2023-06-05,1.44225,0,0.2,1.24225,1,1,1
"nowcast","FRANCA",3,"2023-07-03",2023-06-12,2.40125,0.6,0,1.80125,3,1,1
"nowcast","FRANCA",4,"2023-07-03",2023-06-19,5.743,2.4,0,3.343,8,0,1
"nowcast","FRANCA",1,"2023-07-06",2023-06-01,3.09,2.8,0,0.29,4,0,0
"nowcast","FRANCA",2,"2023-07-06",2023-06-08,2.6,0,2.2,0.4,5,0,1
"nowcast","FRANCA",3,"2023-07-06",2023-06-15,1.55,1,0,0.55,3,0,1
"nowcast","FRANCA",4,"2023-07-06",2023-06-22,1.03,0.2,0,0.83,1,1,1
"nowcast","FRANCA",1,"2023-07-19",2023-06-14,1.14,1,0,0.14,1,0,0
"nowcast","FRANCA",2,"2023-07-19",2023-06-21,0.25,0,0,0.25,0,1,1
"nowcast","FRANCA",3,"2023-07-19",2023-06-28,3.69,3.4,0,0.29,5,0,0
"nowcast","FRANCA",4,"2023-07-19",2023-07-05,0.80025,0,0,0.80025,0,1,1
"nowcast","FRANCA",1,"2023-07-25",2023-06-19,7.19174999999997,0,0,7.19174999999997,0,1,1
"nowcast","FRANCA",2,"2023-07-25",2023-06-26,14.1575,1.8,0,12.3575,3,0,0
"nowcast","FRANCA",3,"2023-07-25",2023-07-03,12.85175,0,0,12.85175,0,1,1
"nowcast","FRANCA",4,"2023-07-25",2023-07-10,14.997,0.4,0,14.597,2,1,1
"nowcast","FRANCA",1,"2023-08-02",2023-06-28,2.1,2,0,0.1,2,0,0
"nowcast","FRANCA",2,"2023-08-02",2023-07-05,0.20025,0,0,0.20025,0,1,1
"nowcast","FRANCA",3,"2023-08-02",2023-07-12,0.49025,0.2,0,0.29025,1,1,1
"nowcast","FRANCA",4,"2023-08-02",2023-07-19,0.61,0,0,0.61,0,1,1
"nowcast","FRANCA",1,"2023-08-08",2023-07-01,1.3815,1,0,0.381499999999999,1,0,0
"nowcast","FRANCA",2,"2023-08-08",2023-07-08,1.3605,0,0.8,0.5605,2,0,1
"nowcast","FRANCA",3,"2023-08-08",2023-07-15,0.642499999999998,0,0,0.642499999999998,0,1,1
"nowcast","FRANCA",4,"2023-08-08",2023-07-22,1.42525,0.4,0,1.02525,2,1,1
"nowcast","FRANCA",1,"2023-08-16",2023-07-11,0.66,0,0.6,0.06,1,0,1
"nowcast","FRANCA",2,"2023-08-16",2023-07-18,0.95,0,0.8,0.15,2,0,1
"nowcast","FRANCA",3,"2023-08-16",2023-07-25,2.47,2.2,0,0.27,3,0,0
"nowcast","FRANCA",4,"2023-08-16",2023-08-01,1.54025,0,1,0.54025,3,0,1
"nowcast","FRANCA",1,"2023-08-23",2023-07-19,1.31025,0,1.2,0.11025,2,0,1
"nowcast","FRANCA",2,"2023-08-23",2023-07-26,3.19,3,0,0.19,3,0,0
"nowcast","FRANCA",3,"2023-08-23",2023-08-02,2.9005,0,2.6,0.3005,5,0,1
"nowcast","FRANCA",4,"2023-08-23",2023-08-09,0.715,0.2,0,0.515,1,1,1
"nowcast","FRANCA",1,"2023-08-30",2023-07-26,4.401,4,0,0.400999999999999,4,0,0
"nowcast","FRANCA",2,"2023-08-30",2023-08-02,3.66175,0,3.2,0.461749999999998,6,0,1
"nowcast","FRANCA",3,"2023-08-30",2023-08-09,6.79075,6.2,0,0.590749999999999,7,0,0
"nowcast","FRANCA",4,"2023-08-30",2023-08-16,3.38,0,2.4,0.98,6,0,1
"nowcast","FRANCA",1,"2023-09-06",2023-08-02,7.74399999999999,0,3.2,4.54399999999999,6,0,1
"nowcast","FRANCA",2,"2023-09-06",2023-08-09,10.79925,6,0,4.79924999999998,6,0,0
"nowcast","FRANCA",3,"2023-09-06",2023-08-16,7.06549999999994,0,2.6,4.46549999999994,5,0,1
"nowcast","FRANCA",4,"2023-09-06",2023-08-23,7.34324999999997,0.4,0,6.94324999999997,2,1,1
"nowcast","FRANCA",1,"2023-09-19",2023-08-15,7.57074999999998,0,1.4,6.17074999999998,3,0,1
"nowcast","FRANCA",2,"2023-09-19",2023-08-22,7.00699999999998,0,0.2,6.80699999999998,1,1,1
"nowcast","FRANCA",3,"2023-09-19",2023-08-29,7.90999999999992,1.2,0,6.70999999999992,2,0,0
"nowcast","FRANCA",4,"2023-09-19",2023-09-05,10.208,0,0,10.208,0,1,1
"nowcast","FRANCA",1,"2023-09-27",2023-08-30,0.14025,0,0,0.14025,0,1,1
"nowcast","FRANCA",2,"2023-09-27",2023-09-06,1.65,0,1.4,0.25,3,0,1
"nowcast","FRANCA",3,"2023-09-27",2023-09-13,1.87,1.6,0,0.27,2,0,0
"nowcast","FRANCA",4,"2023-09-27",2023-09-20,3.77025,0,3,0.77025,7,0,1
"nowcast","FRANCA",1,"2023-10-06",2023-09-08,0.95,0,0.8,0.15,2,0,1
"nowcast","FRANCA",2,"2023-10-06",2023-09-15,3.46,3.2,0,0.26,4,0,0
"nowcast","FRANCA",3,"2023-10-06",2023-09-22,0.48,0,0.2,0.28,1,1,1
"nowcast","FRANCA",4,"2023-10-06",2023-09-29,1.34,0.4,0,0.94,2,1,1
"nowcast","FRANCA",1,"2023-10-11",2023-09-13,7.14,7,0,0.14,7,0,0
"nowcast","FRANCA",2,"2023-10-11",2023-09-20,4.25,0,4,0.25,6,0,0
"nowcast","FRANCA",3,"2023-10-11",2023-09-27,0.26,0,0,0.26,0,1,1
"nowcast","FRANCA",4,"2023-10-11",2023-10-04,2.48,0,1.8,0.68,5,0,1
"nowcast","FRANCA",1,"2023-10-18",2023-09-20,5.0035,0,3.8,1.2035,7,0,1
"nowcast","FRANCA",2,"2023-10-18",2023-09-27,2.09375,1,0,1.09375,1,0,0
"nowcast","FRANCA",3,"2023-10-18",2023-10-04,3.4645,0,2,1.4645,4,0,1
"nowcast","FRANCA",4,"2023-10-18",2023-10-11,3.04699999999999,0,0.8,2.24699999999999,4,1,1
"nowcast","FRANCA",1,"2023-10-20",2023-09-22,3.33075,0,1.4,1.93075,3,0,1
"nowcast","FRANCA",2,"2023-10-20",2023-09-29,2.08275,0,0.2,1.88275,1,1,1
"nowcast","FRANCA",3,"2023-10-20",2023-10-06,2.91625,0,0.7,2.21625,2,0,1
"nowcast","FRANCA",4,"2023-10-20",2023-10-13,2.78325,0,0,2.78325,0,1,1
"nowcast","FRANCA",1,"2023-10-25",2023-09-20,5.56824999999999,0,3.8,1.76824999999999,7,0,1
"nowcast","FRANCA",2,"2023-10-25",2023-09-27,3.76025,1,0,2.76025,1,0,0
"nowcast","FRANCA",3,"2023-10-25",2023-10-04,4.28849999999999,0,1.4,2.88849999999999,3,0,1
"nowcast","FRANCA",4,"2023-10-25",2023-10-11,3.983,0.6,0,3.383,3,1,1
"nowcast","FRANCA",1,"2023-11-01",2023-10-04,0.43,0,0,0.43,0,1,1
"nowcast","FRANCA",2,"2023-11-01",2023-10-11,2.40075,2,0,0.400749999999999,2,0,0
"nowcast","FRANCA",3,"2023-11-01",2023-10-18,0.851249999999999,0,0.2,0.651249999999999,1,1,1
"nowcast","FRANCA",4,"2023-11-01",2023-10-25,2.58175,0,1.4,1.18175,5,0,1
"nowcast","FRANCA",1,"2023-11-08",2023-10-04,0.491499999999999,0,0,0.491499999999999,0,1,1
"nowcast","FRANCA",2,"2023-11-08",2023-10-11,2.46225,2,0,0.462249999999998,2,0,0
"nowcast","FRANCA",3,"2023-11-08",2023-10-18,0.641749999999998,0,0,0.641749999999998,0,1,1
"nowcast","FRANCA",4,"2023-11-08",2023-10-25,2.1905,0,0.8,1.3905,4,1,1
"nowcast","FRANCA",1,"2023-11-13",2023-10-06,1.8205,1,0,0.8205,1,0,0
"nowcast","FRANCA",2,"2023-11-13",2023-10-13,2.83275,2,0,0.832749999999997,2,0,0
"nowcast","FRANCA",3,"2023-11-13",2023-10-20,1.104,0,0,1.104,0,1,1
"nowcast","FRANCA",4,"2023-11-13",2023-10-27,5.581,0,3.8,1.781,9,0,1
"nowcast","FRANCA",1,"2023-11-29",2023-10-25,0.790749999999999,0,0,0.790749999999999,0,1,1
"nowcast","FRANCA",2,"2023-11-29",2023-11-01,3.27125,0,2.6,0.671249999999999,5,0,1
"nowcast","FRANCA",3,"2023-11-29",2023-11-08,1.6205,0,0.8,0.8205,2,0,1
"nowcast","FRANCA",4,"2023-11-29",2023-11-15,0.921499999999999,0,0,0.921499999999999,0,1,1
"nowcast","FRANCA",1,"2023-12-06",2023-11-01,3.70125,0,2.6,1.10125,5,0,1
"nowcast","FRANCA",2,"2023-12-06",2023-11-08,1.27325,0,0.2,1.07325,1,1,1
"nowcast","FRANCA",3,"2023-12-06",2023-11-15,1.70599999999999,0,0.8,0.905999999999995,2,0,1
"nowcast","FRANCA",4,"2023-12-06",2023-11-22,3.15125,0,2.2,0.951249999999999,5,0,1
"nowcast","FRANCA",1,"2023-12-13",2023-10-31,2.8405,0,2,0.8405,4,0,1
"nowcast","FRANCA",2,"2023-12-13",2023-11-07,0.824999999999995,0,0.2,0.624999999999995,1,1,1
"nowcast","FRANCA",3,"2023-12-13",2023-11-14,1.612,0,1.2,0.411999999999998,2,0,1
"nowcast","FRANCA",4,"2023-12-13",2023-11-21,2.89475,0,2.2,0.694749999999996,5,0,1
"nowcast","FRANCA",1,"2023-12-20",2023-11-15,1.35025,1,0,0.35025,1,0,0
"nowcast","FRANCA",2,"2023-12-20",2023-11-22,2.42075,0,2,0.420749999999999,4,0,1
"nowcast","FRANCA",3,"2023-12-20",2023-11-29,0.431499999999999,0,0,0.431499999999999,0,1,1
"nowcast","FRANCA",4,"2023-12-20",2023-12-06,0.660999999999999,0,0,0.660999999999999,0,1,1
"nowcast","FRANCA",1,"2023-12-27",2023-11-22,1.83,0,1.8,0.03,3,0,1
"nowcast","FRANCA",2,"2023-12-27",2023-11-29,0.33,0,0.2,0.13,1,1,1
"nowcast","FRANCA",3,"2023-12-27",2023-12-06,1.46,1.2,0,0.26,2,0,0
"nowcast","FRANCA",4,"2023-12-27",2023-12-13,0.73,0,0.2,0.53,1,1,1
"nowcast","FRANCA",1,"2024-01-03",2023-11-22,1.85,0,1.8,0.05,3,0,1
"nowcast","FRANCA",2,"2024-01-03",2023-11-29,0.34,0,0.2,0.14,1,1,1
"nowcast","FRANCA",3,"2024-01-03",2023-12-06,1.46,1.2,0,0.26,2,0,0
"nowcast","FRANCA",4,"2024-01-03",2023-12-13,0.71025,0,0.2,0.51025,1,1,1
"nowcast","FRANCA",1,"2024-01-17",2023-12-16,0.62,0,0.6,0.02,1,0,1
"nowcast","FRANCA",2,"2024-01-17",2023-12-23,1.13,1,0,0.13,1,0,0
"nowcast","FRANCA",3,"2024-01-17",2023-12-30,1.09,0,0.8,0.29,2,0,1
"nowcast","FRANCA",4,"2024-01-17",2024-01-06,1.89,0.4,0,1.49,2,1,1
"nowcast","FRANCA",1,"2024-01-31",2023-12-26,0.12,0,0,0.12,0,1,1
"nowcast","FRANCA",2,"2024-01-31",2024-01-02,0.24,0,0,0.24,0,1,1
"nowcast","FRANCA",3,"2024-01-31",2024-01-09,0.87,0,0.4,0.47,2,1,1
"nowcast","FRANCA",4,"2024-01-31",2024-01-16,0.7605,0,0,0.7605,0,1,1
"nowcast","FRANCA",1,"2024-02-07",2024-01-06,0.19025,0,0,0.19025,0,1,1
"nowcast","FRANCA",2,"2024-02-07",2024-01-13,1.26125,1,0,0.261249999999999,1,0,0
"nowcast","FRANCA",3,"2024-02-07",2024-01-20,0.87,0,0.4,0.47,2,1,1
"nowcast","FRANCA",4,"2024-02-07",2024-01-27,1.16025,0,0.4,0.76025,2,1,1
"nowcast","FRANCA",1,"2024-02-14",2024-01-18,33.8269999999999,0,1.8,32.0269999999999,3,0,1
"nowcast","FRANCA",2,"2024-02-14",2024-01-25,32.0759999999997,0,2.4,29.6759999999997,4,0,1
"nowcast","FRANCA",3,"2024-02-14",2024-02-01,23.8212499999998,0,4.4,19.4212499999998,8,0,1
"nowcast","FRANCA",4,"2024-02-14",2024-02-08,35.8029999999999,0,2.8,33.0029999999999,6,0,1
"nowcast","FRANCA",1,"2024-02-28",2024-01-28,3.53,0,3.4,0.13,5,0,0
"nowcast","FRANCA",2,"2024-02-28",2024-02-04,5.14,0,5,0.14,7,0,0
"nowcast","FRANCA",3,"2024-02-28",2024-02-11,0.29,0,0,0.29,0,1,1
"nowcast","FRANCA",4,"2024-02-28",2024-02-18,4.0105,0,3.2,0.8105,8,0,1
"nowcast","FRANCA",1,"2024-03-06",2024-01-31,2.14,0,2,0.14,4,0,1
"nowcast","FRANCA",2,"2024-03-06",2024-02-07,2.14,0,2,0.14,4,0,1
"nowcast","FRANCA",3,"2024-03-06",2024-02-14,2.9,0,2.6,0.3,5,0,1
"nowcast","FRANCA",4,"2024-03-06",2024-02-21,11.79,0,11.2,0.59,18,0,0
"nowcast","FRANCA",1,"2024-03-13",2024-02-07,2.52025000000001,0,2.39000000000001,0.13025,4,0,0
"nowcast","FRANCA",2,"2024-03-13",2024-02-14,4.14,0,4,0.14,6,0,0
"nowcast","FRANCA",3,"2024-03-13",2024-02-21,14.17,0,13.8,0.37,17,0,0
"nowcast","FRANCA",4,"2024-03-13",2024-02-28,6.06,0,5.4,0.66,11,0,1
"nowcast","FRANCA",1,"2024-03-18",2024-02-12,1.0615,0,0.8,0.261499999999999,2,0,1
"nowcast","FRANCA",2,"2024-03-18",2024-02-19,7.81025,0,7.4,0.41025,13,0,1
"nowcast","FRANCA",3,"2024-03-18",2024-02-26,9.4605,0,8.8,0.6605,16,0,1
"nowcast","FRANCA",4,"2024-03-18",2024-03-04,1.78025,0,0.8,0.98025,4,1,1
"nowcast","FRANCA",1,"2024-03-20",2024-02-13,0.46,0,0.2,0.26,1,1,1
"nowcast","FRANCA",2,"2024-03-20",2024-02-20,14.07,0,13.8,0.27,17,0,0
"nowcast","FRANCA",3,"2024-03-20",2024-02-27,4.79,0,4.4,0.39,8,0,0
"nowcast","FRANCA",4,"2024-03-20",2024-03-05,3.47,0,2.8,0.67,6,0,1
"nowcast","FRANCA",1,"2024-03-27",2024-02-21,10.18,0,9.8,0.38,13,0,0
"nowcast","FRANCA",2,"2024-03-27",2024-02-28,3.00025,0,2.6,0.40025,5,0,1
"nowcast","FRANCA",3,"2024-03-27",2024-03-06,0.84025,0,0.2,0.64025,1,1,1
"nowcast","FRANCA",4,"2024-03-27",2024-03-13,7.17,0,6.2,0.97,13,0,1
"nowcast","FRANCA",1,"2024-04-10",2024-03-05,11.01,10.2,0,0.81,13,0,0
"nowcast","FRANCA",2,"2024-04-10",2024-03-12,1.48,0,0.4,1.08,2,1,1
"nowcast","FRANCA",3,"2024-04-10",2024-03-19,2.20025,0,0.8,1.40025,4,1,1
"nowcast","FRANCA",4,"2024-04-10",2024-03-26,3.54025,0,1.2,2.34025,6,1,1
"nowcast","FRANCA",1,"2024-04-17",2024-03-05,11.2,10.4,0,0.8,14,0,0
"nowcast","FRANCA",2,"2024-04-17",2024-03-12,1.47,0,0.4,1.07,2,1,1
"nowcast","FRANCA",3,"2024-04-17",2024-03-19,2.24025,0,0.8,1.44025,4,1,1
"nowcast","FRANCA",4,"2024-04-17",2024-03-26,3.56025,0,1.4,2.16025,7,1,1
"nowcast","FRANCA",1,"2024-04-23",2024-03-24,0.92,0.4,0,0.52,2,1,1
"nowcast","FRANCA",2,"2024-04-23",2024-03-31,1.08025,0,0.4,0.68025,2,1,1
"nowcast","FRANCA",3,"2024-04-23",2024-04-07,6.76,0,5.4,1.36,13,0,1
"nowcast","FRANCA",4,"2024-04-23",2024-04-14,2.75025,0,0.8,1.95025,4,1,1
"nowcast","FRANCA",1,"2024-05-06",2024-03-29,6.48,0,6.2,0.28,9,0,0
"nowcast","FRANCA",2,"2024-05-06",2024-04-05,7.73025,0,7.19,0.54025,12,0,0
"nowcast","FRANCA",3,"2024-05-06",2024-04-12,2.99025,0,1.8,1.19025,7,0,1
"nowcast","FRANCA",4,"2024-05-06",2024-04-19,1.97,0,0.2,1.77,1,1,1
"nowcast","FRANCA",1,"2024-05-15",2024-04-02,2.86,0,2.6,0.26,5,0,1
"nowcast","FRANCA",2,"2024-05-15",2024-04-09,10.12,0,9.6,0.52,14,0,0
"nowcast","FRANCA",3,"2024-05-15",2024-04-16,1.6655,0,0.8,0.8655,4,1,1
"nowcast","FRANCA",4,"2024-05-15",2024-04-23,4.3805,0,3,1.3805,9,0,1
"nowcast","FRANCA",1,"2024-05-23",2024-04-18,2.61,0,2.2,0.41,5,0,1
"nowcast","FRANCA",2,"2024-05-23",2024-04-25,3.67025,0,3,0.67025,7,0,1
"nowcast","FRANCA",3,"2024-05-23",2024-05-02,2.45025,0,1.2,1.25025,6,1,1
"nowcast","FRANCA",4,"2024-05-23",2024-05-09,2.015,0,0.4,1.615,2,1,1
"nowcast","FRANCA",1,"2024-05-29",2024-04-24,5.79,0,5.4,0.39,9,0,0
"nowcast","FRANCA",2,"2024-05-29",2024-05-01,4.52,0,4,0.52,8,0,1
"nowcast","FRANCA",3,"2024-05-29",2024-05-08,5.16,0,4.6,0.56,9,0,1
"nowcast","FRANCA",4,"2024-05-29",2024-05-15,3.32025,0,2.6,0.72025,7,0,1
"nowcast","FRANCA",1,"2024-06-05",2024-05-08,2.87,0,2.6,0.27,5,0,1
"nowcast","FRANCA",2,"2024-06-05",2024-05-15,2.59,0,2.2,0.39,5,0,1
"nowcast","FRANCA",3,"2024-06-05",2024-05-22,4.52,0,4,0.52,8,0,1
"nowcast","FRANCA",4,"2024-06-05",2024-05-29,9.56,0,9,0.56,15,0,0
"nowcast","FRANCA",1,"2024-06-12",2024-05-10,0.47,0,0.2,0.27,1,1,1
"nowcast","FRANCA",2,"2024-06-12",2024-05-17,3.79,0,3.4,0.39,7,0,1
"nowcast","FRANCA",3,"2024-06-12",2024-05-24,5.63,0,5.2,0.43,10,0,1
"nowcast","FRANCA",4,"2024-06-12",2024-05-31,8.80025,0,8.2,0.60025,15,0,1
"nowcast","FRANCA",1,"2024-06-19",2024-05-10,0.48,0,0.2,0.28,1,1,1
"nowcast","FRANCA",2,"2024-06-19",2024-05-17,3.79,0,3.4,0.39,7,0,1
"nowcast","FRANCA",3,"2024-06-19",2024-05-24,5.35,0,4.8,0.55,10,0,1
"nowcast","FRANCA",4,"2024-06-19",2024-05-31,8.51,0,7.8,0.71,15,0,1
"nowcast","FRANCA",1,"2024-06-26",2024-05-22,0.98025,0,0.2,0.78025,1,1,1
"nowcast","FRANCA",2,"2024-06-26",2024-05-29,1.36,0,0.4,0.96,2,1,1
"nowcast","FRANCA",3,"2024-06-26",2024-06-05,2.34,0,1,1.34,5,1,1
"nowcast","FRANCA",4,"2024-06-26",2024-06-12,2.33,0,0.2,2.13,1,1,1
"nowcast","FRANCA",1,"2024-07-04",2024-05-25,3.8,0,3,0.8,7,0,1
"nowcast","FRANCA",2,"2024-07-04",2024-06-01,1.56025,0,0.6,0.96025,3,1,1
"nowcast","FRANCA",3,"2024-07-04",2024-06-08,1.68025,0,0.2,1.48025,1,1,1
"nowcast","FRANCA",4,"2024-07-04",2024-06-15,3.02,0,0.8,2.22,4,1,1
"nowcast","FRANCA",1,"2024-07-17",2024-06-08,13.96,11.4,0,2.56,21,0,0
"nowcast","FRANCA",2,"2024-07-17",2024-06-15,22.32025,18.4,0,3.92025,34,0,0
"nowcast","FRANCA",3,"2024-07-17",2024-06-22,23.602,17.59,0,6.012,40,0,0
"nowcast","FRANCA",4,"2024-07-17",2024-06-29,31.1005,20.6,0,10.5005,53,0,1
"nowcast","FRANCA",1,"2024-08-07",2024-10-13,61844.68725,8,0,61836.68725,40,1,1
"nowcast","FRANCA",2,"2024-08-07",2024-10-20,215213.26425,28.6,0,215184.66425,115,0,1
"nowcast","FRANCA",3,"2024-08-07",2024-10-27,704789.101249999,86.1,0,704703.001249999,348.5,0,1
"nowcast","FRANCA",4,"2024-08-07",2024-11-03,16366556.83375,329.7,0,16366227.13375,1374.5,0,1
"nowcast","FRANCA",1,"2024-08-28",2024-10-14,28.2837499999999,0,1.3,26.9837499999999,6.5,1,1
"nowcast","FRANCA",2,"2024-08-28",2024-10-21,64.6499999999998,0.8,0,63.8499999999998,4,1,1
"nowcast","FRANCA",3,"2024-08-28",2024-10-28,227.973749999999,3.3,0,224.673749999999,16.5,1,1
"nowcast","FRANCA",4,"2024-08-28",2024-11-04,1911.27425,7.5,0,1903.77425,37.5,1,1
"nowcast","FRANCA",1,"2024-09-03",2024-10-14,21.6265,0,1.4,20.2265,7,1,1
"nowcast","FRANCA",2,"2024-09-03",2024-10-21,64.9525,0.8,0,64.1525,4,1,1
"nowcast","FRANCA",3,"2024-09-03",2024-10-28,302.222,2.8,0,299.422,14,1,1
"nowcast","FRANCA",4,"2024-09-03",2024-11-04,1160.75175,6.4,0,1154.35175,32,1,1
"nowcast","FRANCA",1,"2024-09-11",2024-10-14,18.9285,0,1.2,17.7285,6,1,1
"nowcast","FRANCA",2,"2024-09-11",2024-10-21,43.5037499999998,0.4,0,43.1037499999998,2,1,1
"nowcast","FRANCA",3,"2024-09-11",2024-10-28,198.35525,2.4,0,195.95525,12,1,1
"nowcast","FRANCA",4,"2024-09-11",2024-11-04,1791.25674999998,6,0,1785.25674999998,30,1,1
"nowcast","FRANCA",1,"2024-09-25",2024-10-15,6.04025,0,5.6,0.44025,10,0,1
"nowcast","FRANCA",2,"2024-09-25",2024-10-22,2.8505,0,2.2,0.6505,5,0,1
"nowcast","FRANCA",3,"2024-09-25",2024-10-29,1.16025,0,0.2,0.96025,1,1,1
"nowcast","FRANCA",4,"2024-09-25",2024-11-05,3.801,0,2,1.801,6,0,1
"nowcast","FRANCA",1,"2024-10-02",2024-09-03,0.34,0,0.2,0.14,1,1,1
"nowcast","FRANCA",2,"2024-10-02",2024-09-10,0.34,0.2,0,0.14,1,1,1
"nowcast","FRANCA",3,"2024-10-02",2024-09-17,1.18,0.8,0,0.38,2,0,1
"nowcast","FRANCA",4,"2024-10-02",2024-09-24,2.25025,1.2,0,1.05025,4,0,1
"nowcast","FRANCA",1,"2024-10-09",2024-09-07,2.14,0,2,0.14,4,0,1
"nowcast","FRANCA",2,"2024-10-09",2024-09-14,2.15,2,0,0.15,2,0,0
"nowcast","FRANCA",3,"2024-10-09",2024-09-21,0.39,0,0,0.39,0,1,1
"nowcast","FRANCA",4,"2024-10-09",2024-09-28,9.42,8,0,1.42,14,0,0
"nowcast","GRANDE SÃO PAULO",1,"2023-05-31",2023-05-03,16.09,0,13.5,2.59,29.5,0,1
"nowcast","GRANDE SÃO PAULO",2,"2023-05-31",2023-05-10,12.36,0,8.8,3.56,24,0,1
"nowcast","GRANDE SÃO PAULO",3,"2023-05-31",2023-05-17,21.89,15.8,0,6.09,43,0,1
"nowcast","GRANDE SÃO PAULO",4,"2023-05-31",2023-05-24,19.971,0,6,13.971,30,1,1
"nowcast","GRANDE SÃO PAULO",1,"2023-06-06",2023-05-09,23.05,0,19.8,3.25,41,0,1
"nowcast","GRANDE SÃO PAULO",2,"2023-06-06",2023-05-16,9.81025,4.6,0,5.21025,21,0,1
"nowcast","GRANDE SÃO PAULO",3,"2023-06-06",2023-05-23,9.2955,0,0.4,8.8955,2,1,1
"nowcast","GRANDE SÃO PAULO",4,"2023-06-06",2023-05-30,39.3465,0,20.6,18.7465,87,0,1
"nowcast","GRANDE SÃO PAULO",1,"2023-06-14",2023-05-17,9.98025,7,0,2.98025,19,0,1
"nowcast","GRANDE SÃO PAULO",2,"2023-06-14",2023-05-24,5.09,0,0.8,4.29,4,1,1
"nowcast","GRANDE SÃO PAULO",3,"2023-06-14",2023-05-31,10.05025,0,3.4,6.65025,17,1,1
"nowcast","GRANDE SÃO PAULO",4,"2023-06-14",2023-06-07,36.30625,0,22.4,13.90625,72,0,1
"nowcast","GRANDE SÃO PAULO",1,"2023-06-20",2023-05-23,7.4205,3.8,0,3.6205,15,0,1
"nowcast","GRANDE SÃO PAULO",2,"2023-06-20",2023-05-30,7.21,0,1.9,5.31,9.5,1,1
"nowcast","GRANDE SÃO PAULO",3,"2023-06-20",2023-06-06,14.11075,5.4,0,8.71075,27,1,1
"nowcast","GRANDE SÃO PAULO",4,"2023-06-20",2023-06-13,31.23075,12.5,0,18.73075,62.5,1,1
"nowcast","GRANDE SÃO PAULO",1,"2023-07-03",2023-06-05,31.02025,28.2,0,2.82025,43,0,0
"nowcast","GRANDE SÃO PAULO",2,"2023-07-03",2023-06-12,39.6505,35.6,0,4.0505,58,0,0
"nowcast","GRANDE SÃO PAULO",3,"2023-07-03",2023-06-19,25.035,18.1,0,6.935,47,0,1
"nowcast","GRANDE SÃO PAULO",4,"2023-07-03",2023-06-26,22.02125,7.4,0,14.62125,37,1,1
"nowcast","GRANDE SÃO PAULO",1,"2023-07-06",2023-06-08,6.31,4,0,2.31,12,0,1
"nowcast","GRANDE SÃO PAULO",2,"2023-07-06",2023-06-15,32.15025,28.99,0,3.16025,47,0,0
"nowcast","GRANDE SÃO PAULO",3,"2023-07-06",2023-06-22,10.90025,6,0,4.90025,22,0,1
"nowcast","GRANDE SÃO PAULO",4,"2023-07-06",2023-06-29,60.54575,0,49.8,10.74575,113,0,1
"nowcast","GRANDE SÃO PAULO",1,"2023-07-19",2023-06-21,8.01,6.2,0,1.81,15,0,1
"nowcast","GRANDE SÃO PAULO",2,"2023-07-19",2023-06-28,6.61025,0,3.4,3.21025,15,0,1
"nowcast","GRANDE SÃO PAULO",3,"2023-07-19",2023-07-05,6.3205,0,1,5.3205,5,1,1
"nowcast","GRANDE SÃO PAULO",4,"2023-07-19",2023-07-12,24.34075,12,0,12.34075,50,0,1
"nowcast","GRANDE SÃO PAULO",1,"2023-07-25",2023-06-27,14.86,0,13.2,1.66,24,0,0
"nowcast","GRANDE SÃO PAULO",2,"2023-07-25",2023-07-04,3.38025,0.6,0,2.78025,3,1,1
"nowcast","GRANDE SÃO PAULO",3,"2023-07-25",2023-07-11,29.0005,23.4,0,5.6005,53,0,1
"nowcast","GRANDE SÃO PAULO",4,"2023-07-25",2023-07-18,24.74125,13.2,0,11.54125,50,0,1
"nowcast","GRANDE SÃO PAULO",1,"2023-08-02",2023-07-05,8.3,0,7,1.3,15,0,1
"nowcast","GRANDE SÃO PAULO",2,"2023-08-02",2023-07-12,3.94,1.6,0,2.34,8,1,1
"nowcast","GRANDE SÃO PAULO",3,"2023-08-02",2023-07-19,5.4455,1.1,0,4.3455,5.5,1,1
"nowcast","GRANDE SÃO PAULO",4,"2023-08-02",2023-07-26,17.841,0,8.7,9.141,39.5,0,1
"nowcast","GRANDE SÃO PAULO",1,"2023-08-08",2023-07-11,6.99,0,5.8,1.19,13,0,1
"nowcast","GRANDE SÃO PAULO",2,"2023-08-08",2023-07-18,6.91,0,4.8,2.11,14,0,1
"nowcast","GRANDE SÃO PAULO",3,"2023-08-08",2023-07-25,5.2,1,0,4.2,5,1,1
"nowcast","GRANDE SÃO PAULO",4,"2023-08-08",2023-08-01,53.80175,0,43.9,9.90175,101.5,0,1
"nowcast","GRANDE SÃO PAULO",1,"2023-08-16",2023-07-19,7.54,0,6.4,1.14,14,0,1
"nowcast","GRANDE SÃO PAULO",2,"2023-08-16",2023-07-26,2.72,0,0.8,1.92,4,1,1
"nowcast","GRANDE SÃO PAULO",3,"2023-08-16",2023-08-02,6.3505,1.4,0,4.9505,7,1,1
"nowcast","GRANDE SÃO PAULO",4,"2023-08-16",2023-08-09,18.00075,0,4.8,13.20075,24,1,1
"nowcast","GRANDE SÃO PAULO",1,"2023-08-23",2023-07-26,1.46,0,0.4,1.06,2,1,1
"nowcast","GRANDE SÃO PAULO",2,"2023-08-23",2023-08-02,8.58,0,6.4,2.18,16,0,1
"nowcast","GRANDE SÃO PAULO",3,"2023-08-23",2023-08-09,22.7205,0,17.8,4.9205,43,0,1
"nowcast","GRANDE SÃO PAULO",4,"2023-08-23",2023-08-16,15.19575,0,1.8,13.39575,9,1,1
"nowcast","GRANDE SÃO PAULO",1,"2023-08-30",2023-08-02,15.95,0,14.8,1.15,22,0,0
"nowcast","GRANDE SÃO PAULO",2,"2023-08-30",2023-08-09,9.29,0,7.2,2.09,18,0,1
"nowcast","GRANDE SÃO PAULO",3,"2023-08-30",2023-08-16,7.3,0,2.6,4.7,13,1,1
"nowcast","GRANDE SÃO PAULO",4,"2023-08-30",2023-08-23,20.47575,0,8.4,12.07575,42,1,1
"nowcast","GRANDE SÃO PAULO",1,"2023-09-06",2023-08-09,14.265,0,13.2,1.065,20,0,0
"nowcast","GRANDE SÃO PAULO",2,"2023-09-06",2023-08-16,7.12,0,5.2,1.92,14,0,1
"nowcast","GRANDE SÃO PAULO",3,"2023-09-06",2023-08-23,7.6,0,3.8,3.8,17,0,1
"nowcast","GRANDE SÃO PAULO",4,"2023-09-06",2023-08-30,39.18075,0,29,10.18075,77,0,1
"nowcast","GRANDE SÃO PAULO",1,"2023-09-19",2023-08-22,4.01,0,2.8,1.21,8,0,1
"nowcast","GRANDE SÃO PAULO",2,"2023-09-19",2023-08-29,4.03,0,1.6,2.43,8,1,1
"nowcast","GRANDE SÃO PAULO",3,"2023-09-19",2023-09-05,14.9405,0,9.4,5.5405,31,0,1
"nowcast","GRANDE SÃO PAULO",4,"2023-09-19",2023-09-12,22.57025,0,9.8,12.77025,49,1,1
"nowcast","GRANDE SÃO PAULO",1,"2023-09-27",2023-08-30,11.5,0,10.2,1.3,19,0,0
"nowcast","GRANDE SÃO PAULO",2,"2023-09-27",2023-09-06,14.35025,0,12,2.35025,26,0,1
"nowcast","GRANDE SÃO PAULO",3,"2023-09-27",2023-09-13,7.0805,0,1.9,5.1805,9.5,1,1
"nowcast","GRANDE SÃO PAULO",4,"2023-09-27",2023-09-20,36.2515,0,23.7,12.5515,74.5,0,1
"nowcast","GRANDE SÃO PAULO",1,"2023-10-06",2023-09-08,33.46,0,32.4,1.06,40,0,0
"nowcast","GRANDE SÃO PAULO",2,"2023-10-06",2023-09-15,42.57025,0,41,1.57025,51,0,0
"nowcast","GRANDE SÃO PAULO",3,"2023-10-06",2023-09-22,28.96025,0,25.2,3.76025,50,0,0
"nowcast","GRANDE SÃO PAULO",4,"2023-10-06",2023-09-29,164.45075,0,155.08,9.37075,219.5,0,0
"nowcast","GRANDE SÃO PAULO",1,"2023-10-11",2023-09-13,5.37,0,3.8,1.57,11,0,1
"nowcast","GRANDE SÃO PAULO",2,"2023-10-11",2023-09-20,2.62,0,0,2.62,0,1,1
"nowcast","GRANDE SÃO PAULO",3,"2023-10-11",2023-09-27,17.371,0,11.8,5.571,35,0,1
"nowcast","GRANDE SÃO PAULO",4,"2023-10-11",2023-10-04,42.0105,0,28.6,13.4105,81,0,1
"nowcast","GRANDE SÃO PAULO",1,"2023-10-18",2023-09-20,18.8105,0,17.39,1.4205,27,0,0
"nowcast","GRANDE SÃO PAULO",2,"2023-10-18",2023-09-27,48.98025,0,46.39,2.59025,64,0,0
"nowcast","GRANDE SÃO PAULO",3,"2023-10-18",2023-10-04,123.3,0,118.2,5.1,155,0,0
"nowcast","GRANDE SÃO PAULO",4,"2023-10-18",2023-10-11,127.97,0,113.6,14.37,218,0,0
"nowcast","GRANDE SÃO PAULO",1,"2023-10-20",2023-09-22,35.26025,0,34,1.26025,42,0,0
"nowcast","GRANDE SÃO PAULO",2,"2023-10-20",2023-09-29,80.84,0,78.8,2.04,92,0,0
"nowcast","GRANDE SÃO PAULO",3,"2023-10-20",2023-10-06,138.6805,0,134.39,4.2905,164,0,0
"nowcast","GRANDE SÃO PAULO",4,"2023-10-20",2023-10-13,273.23575,0,261.78,11.45575,347,0,0
"nowcast","GRANDE SÃO PAULO",1,"2023-10-25",2023-09-27,47.16,0,45.6,1.56,56,0,0
"nowcast","GRANDE SÃO PAULO",2,"2023-10-25",2023-10-04,61.3605,0,58.39,2.9705,78,0,0
"nowcast","GRANDE SÃO PAULO",3,"2023-10-25",2023-10-11,79.44025,0,73.19,6.25025,118,0,0
"nowcast","GRANDE SÃO PAULO",4,"2023-10-25",2023-10-18,145.48025,0,129.89,15.59025,241.5,0,0
"nowcast","GRANDE SÃO PAULO",1,"2023-11-01",2023-10-04,33.48025,0,31.59,1.89025,44,0,0
"nowcast","GRANDE SÃO PAULO",2,"2023-11-01",2023-10-11,42.06025,0,38.8,3.26025,62,0,0
"nowcast","GRANDE SÃO PAULO",3,"2023-11-01",2023-10-18,37.20525,0,29.3,7.90525,71,0,1
"nowcast","GRANDE SÃO PAULO",4,"2023-11-01",2023-10-25,25.3255,0,7,18.3255,35,1,1
"nowcast","GRANDE SÃO PAULO",1,"2023-11-08",2023-10-11,49.82025,0,47.99,1.83025,60,0,0
"nowcast","GRANDE SÃO PAULO",2,"2023-11-08",2023-10-18,76.30025,0,72.9,3.40025,96.5,0,0
"nowcast","GRANDE SÃO PAULO",3,"2023-11-08",2023-10-25,33.44025,0,26.4,7.04025,64,0,1
"nowcast","GRANDE SÃO PAULO",4,"2023-11-08",2023-11-01,118.49175,0,100.6,17.89175,217,0,1
"nowcast","GRANDE SÃO PAULO",1,"2023-11-13",2023-10-16,48.27025,0,46.19,2.08025,61,0,0
"nowcast","GRANDE SÃO PAULO",2,"2023-11-13",2023-10-23,23.39,0,19.8,3.59,43,0,1
"nowcast","GRANDE SÃO PAULO",3,"2023-11-13",2023-10-30,23.94075,0,17.4,6.54075,47,0,1
"nowcast","GRANDE SÃO PAULO",4,"2023-11-13",2023-11-06,22.5555,0,6.8,15.7555,34,1,1
"nowcast","GRANDE SÃO PAULO",1,"2023-11-29",2023-11-01,54.93,0,53,1.93,65,0,0
"nowcast","GRANDE SÃO PAULO",2,"2023-11-29",2023-11-08,73.17025,0,69.99,3.18025,94,0,0
"nowcast","GRANDE SÃO PAULO",3,"2023-11-29",2023-11-15,34.0505,0,28.6,5.4505,61,0,1
"nowcast","GRANDE SÃO PAULO",4,"2023-11-29",2023-11-22,47.87525,0,37.4,10.47525,91,0,1
"nowcast","GRANDE SÃO PAULO",1,"2023-12-06",2023-11-08,38.8405,0,36.78,2.0605,50,0,0
"nowcast","GRANDE SÃO PAULO",2,"2023-12-06",2023-11-15,6.595,0,3.2,3.395,14,0,1
"nowcast","GRANDE SÃO PAULO",3,"2023-12-06",2023-11-22,7.26025,0,1.6,5.66025,8,1,1
"nowcast","GRANDE SÃO PAULO",4,"2023-12-06",2023-11-29,44.8805,0,33.9,10.9805,85.5,0,1
"nowcast","GRANDE SÃO PAULO",1,"2023-12-13",2023-11-15,9.41,0,7.2,2.21,18,0,1
"nowcast","GRANDE SÃO PAULO",2,"2023-12-13",2023-11-22,7.85,4.3,0,3.55,15.5,0,1
"nowcast","GRANDE SÃO PAULO",3,"2023-12-13",2023-11-29,6.03025,0,0.2,5.83025,1,1,1
"nowcast","GRANDE SÃO PAULO",4,"2023-12-13",2023-12-06,26.34175,0,15,11.34175,55,0,1
"nowcast","GRANDE SÃO PAULO",1,"2023-12-20",2023-11-22,18.78,16.4,0,2.38,30,0,0
"nowcast","GRANDE SÃO PAULO",2,"2023-12-20",2023-11-29,35.16,31.4,0,3.76,51,0,0
"nowcast","GRANDE SÃO PAULO",3,"2023-12-20",2023-12-06,31.13025,24.8,0,6.33025,56,0,1
"nowcast","GRANDE SÃO PAULO",4,"2023-12-20",2023-12-13,14.6155,0,1.4,13.2155,7,1,1
"nowcast","GRANDE SÃO PAULO",1,"2023-12-27",2023-11-29,3.53,1.4,0,2.13,7,1,1
"nowcast","GRANDE SÃO PAULO",2,"2023-12-27",2023-12-06,4.76025,0,1.2,3.56025,6,1,1
"nowcast","GRANDE SÃO PAULO",3,"2023-12-27",2023-12-13,16.275,0,10.2,6.075,35,0,1
"nowcast","GRANDE SÃO PAULO",4,"2023-12-27",2023-12-20,18.221,0,6.4,11.821,32,1,1
"nowcast","GRANDE SÃO PAULO",1,"2024-01-03",2023-12-06,19.06,0,17.4,1.66,29,0,0
"nowcast","GRANDE SÃO PAULO",2,"2024-01-03",2023-12-13,24.99025,0,21.99,3.00025,44,0,0
"nowcast","GRANDE SÃO PAULO",3,"2024-01-03",2023-12-20,27.615,0,22.5,5.115,51,0,1
"nowcast","GRANDE SÃO PAULO",4,"2024-01-03",2023-12-27,50.7015,0,41.2,9.5015,94,0,1
"nowcast","GRANDE SÃO PAULO",1,"2024-01-17",2023-12-20,2.88,1.2,0,1.68,6,1,1
"nowcast","GRANDE SÃO PAULO",2,"2024-01-17",2023-12-27,7.71,5,0,2.71,15,0,1
"nowcast","GRANDE SÃO PAULO",3,"2024-01-17",2024-01-03,5.34025,0,0.2,5.14025,1,1,1
"nowcast","GRANDE SÃO PAULO",4,"2024-01-17",2024-01-10,18.79,0,8.7,10.09,41.5,0,1
"nowcast","GRANDE SÃO PAULO",1,"2024-01-31",2024-01-03,13.15,0,12,1.15,20,0,0
"nowcast","GRANDE SÃO PAULO",2,"2024-01-31",2024-01-10,28.06,0,26.1,1.96,40.5,0,0
"nowcast","GRANDE SÃO PAULO",3,"2024-01-31",2024-01-17,21.86025,0,17.4,4.46025,41,0,1
"nowcast","GRANDE SÃO PAULO",4,"2024-01-31",2024-01-24,59.82075,0,49.2,10.62075,112,0,1
"nowcast","GRANDE SÃO PAULO",1,"2024-02-07",2024-01-10,21.25,0,19.8,1.45,31,0,0
"nowcast","GRANDE SÃO PAULO",2,"2024-02-07",2024-01-17,10.0305,0,7.8,2.2305,19,0,1
"nowcast","GRANDE SÃO PAULO",3,"2024-02-07",2024-01-24,11.36525,0,5.5,5.86525,24,0,1
"nowcast","GRANDE SÃO PAULO",4,"2024-02-07",2024-01-31,72.36625,0,56.5,15.86625,139,0,1
"nowcast","GRANDE SÃO PAULO",1,"2024-02-14",2024-01-18,31.91,0,31,0.91,37,0,0
"nowcast","GRANDE SÃO PAULO",2,"2024-02-14",2024-01-25,59.38,0,57.8,1.58,69,0,0
"nowcast","GRANDE SÃO PAULO",3,"2024-02-14",2024-02-01,141.6005,0,138.19,3.4105,161,0,0
"nowcast","GRANDE SÃO PAULO",4,"2024-02-14",2024-02-08,291.94025,0,282.99,8.95025,347,0,0
"nowcast","GRANDE SÃO PAULO",1,"2024-02-28",2024-01-31,67.01025,0,65.19,1.82025,78,0,0
"nowcast","GRANDE SÃO PAULO",2,"2024-02-28",2024-02-07,54.73,0,51.4,3.33,73,0,0
"nowcast","GRANDE SÃO PAULO",3,"2024-02-28",2024-02-14,37.37025,0,29.2,8.17025,72,0,1
"nowcast","GRANDE SÃO PAULO",4,"2024-02-28",2024-02-21,22.30175,2.3,0,20.00175,11.5,1,1
"nowcast","GRANDE SÃO PAULO",1,"2024-03-06",2024-02-07,27.65025,0,25.19,2.46025,42,0,0
"nowcast","GRANDE SÃO PAULO",2,"2024-03-06",2024-02-14,30.02,0,26,4.02,54,0,0
"nowcast","GRANDE SÃO PAULO",3,"2024-03-06",2024-02-21,17.80075,0,10,7.80075,38,0,1
"nowcast","GRANDE SÃO PAULO",4,"2024-03-06",2024-02-28,28.606,0,12.2,16.406,61,1,1
"nowcast","GRANDE SÃO PAULO",1,"2024-03-13",2024-02-14,59.39,0,57.2,2.19,72,0,0
"nowcast","GRANDE SÃO PAULO",2,"2024-03-13",2024-02-21,53.24025,0,49.59,3.65025,76,0,0
"nowcast","GRANDE SÃO PAULO",3,"2024-03-13",2024-02-28,25.04025,0,18.8,6.24025,48,0,1
"nowcast","GRANDE SÃO PAULO",4,"2024-03-13",2024-03-06,24.15525,0,10.4,13.75525,52,1,1
"nowcast","GRANDE SÃO PAULO",1,"2024-03-18",2024-02-19,50.86025,0,48.39,2.47025,66,0,0
"nowcast","GRANDE SÃO PAULO",2,"2024-03-18",2024-02-26,47.7105,0,43.98,3.7305,68,0,0
"nowcast","GRANDE SÃO PAULO",3,"2024-03-18",2024-03-04,46.881,0,40.5,6.381,84.5,0,1
"nowcast","GRANDE SÃO PAULO",4,"2024-03-18",2024-03-11,110.6955,0,98.09,12.6055,187,0,0
"nowcast","GRANDE SÃO PAULO",1,"2024-03-20",2024-02-21,76.85,0,75,1.85,89,0,0
"nowcast","GRANDE SÃO PAULO",2,"2024-03-20",2024-02-28,73.9355,0,70.79,3.1455,92,0,0
"nowcast","GRANDE SÃO PAULO",3,"2024-03-20",2024-03-06,57.77025,0,52.39,5.38025,92,0,0
"nowcast","GRANDE SÃO PAULO",4,"2024-03-20",2024-03-13,109.85025,0,98.8,11.05025,180,0,0
"nowcast","GRANDE SÃO PAULO",1,"2024-03-27",2024-02-28,75.70025,0,74,1.70025,86,0,0
"nowcast","GRANDE SÃO PAULO",2,"2024-03-27",2024-03-06,96.83025,0,93.99,2.84025,112,0,0
"nowcast","GRANDE SÃO PAULO",3,"2024-03-27",2024-03-13,134.36025,0,130,4.36025,162,0,0
"nowcast","GRANDE SÃO PAULO",4,"2024-03-27",2024-03-20,121.0305,0,111.98,9.0505,182,0,0
"nowcast","GRANDE SÃO PAULO",1,"2024-04-10",2024-03-13,90.42,0,88.6,1.82,101,0,0
"nowcast","GRANDE SÃO PAULO",2,"2024-04-10",2024-03-20,80.06,0,77.2,2.86,96,0,0
"nowcast","GRANDE SÃO PAULO",3,"2024-04-10",2024-03-27,197.4605,0,192.88,4.5805,222.5,0,0
"nowcast","GRANDE SÃO PAULO",4,"2024-04-10",2024-04-03,237.30075,0,227.18,10.12075,294,0,0
"nowcast","GRANDE SÃO PAULO",1,"2024-04-17",2024-03-14,67.60025,0,65.79,1.81025,79,0,0
"nowcast","GRANDE SÃO PAULO",2,"2024-04-17",2024-03-21,67.55025,0,64.59,2.96025,85,0,0
"nowcast","GRANDE SÃO PAULO",3,"2024-04-17",2024-03-28,119.52,0,114.2,5.32,151,0,0
"nowcast","GRANDE SÃO PAULO",4,"2024-04-17",2024-04-04,129.10075,0,118.38,10.72075,194,0,0
"nowcast","GRANDE SÃO PAULO",1,"2024-04-23",2024-03-24,61.25525,0,58.89,2.36525,75,0,0
"nowcast","GRANDE SÃO PAULO",2,"2024-04-23",2024-03-31,97.96025,0,93.99,3.97025,120,0,0
"nowcast","GRANDE SÃO PAULO",3,"2024-04-23",2024-04-07,74.471,0,66.76,7.711,122,0,0
"nowcast","GRANDE SÃO PAULO",4,"2024-04-23",2024-04-14,115.6105,0,99.2,16.4105,208.5,0,1
"nowcast","GRANDE SÃO PAULO",1,"2024-05-06",2024-04-05,122.49,0,120.6,1.89,135,0,0
"nowcast","GRANDE SÃO PAULO",2,"2024-05-06",2024-04-12,116.42,0,112.8,3.62,140,0,0
"nowcast","GRANDE SÃO PAULO",3,"2024-05-06",2024-04-19,206.39025,0,200.19,6.20025,243,0,0
"nowcast","GRANDE SÃO PAULO",4,"2024-05-06",2024-04-26,244.31525,0,231.29,13.02525,329,0,0
"nowcast","GRANDE SÃO PAULO",1,"2024-05-15",2024-04-17,87.37,0,85.4,1.97,99,0,0
"nowcast","GRANDE SÃO PAULO",2,"2024-05-15",2024-04-24,118.805,0,115.8,3.005,135,0,0
"nowcast","GRANDE SÃO PAULO",3,"2024-05-15",2024-05-01,113.0405,0,108.39,4.6505,140,0,0
"nowcast","GRANDE SÃO PAULO",4,"2024-05-15",2024-05-08,43.2705,0,34.6,8.6705,81,0,1
"nowcast","GRANDE SÃO PAULO",1,"2024-05-23",2024-04-25,132.01025,0,129.79,2.22025,145,0,0
"nowcast","GRANDE SÃO PAULO",2,"2024-05-23",2024-05-02,57.01025,0,53.6,3.41025,78,0,0
"nowcast","GRANDE SÃO PAULO",3,"2024-05-23",2024-05-09,14.6555,0,8.6,6.0555,31,0,1
"nowcast","GRANDE SÃO PAULO",4,"2024-05-23",2024-05-16,57.98,0,47.2,10.78,108,0,1
"nowcast","GRANDE SÃO PAULO",1,"2024-05-29",2024-05-01,81.35025,0,79.4,1.95025,93,0,0
"nowcast","GRANDE SÃO PAULO",2,"2024-05-29",2024-05-08,4.09,0,1,3.09,5,1,1
"nowcast","GRANDE SÃO PAULO",3,"2024-05-29",2024-05-15,20.22525,0,15.5,4.72525,38,0,1
"nowcast","GRANDE SÃO PAULO",4,"2024-05-29",2024-05-22,54.60125,0,44.4,10.20125,102,0,1
"nowcast","GRANDE SÃO PAULO",1,"2024-06-05",2024-05-08,55.62025,0,53.79,1.83025,67,0,0
"nowcast","GRANDE SÃO PAULO",2,"2024-06-05",2024-05-15,75.46575,0,72.08,3.38575,95,0,0
"nowcast","GRANDE SÃO PAULO",3,"2024-06-05",2024-05-22,41.12075,0,35.4,5.72075,75,0,1
"nowcast","GRANDE SÃO PAULO",4,"2024-06-05",2024-05-29,87.3005,0,76.2,11.1005,161,0,1
"nowcast","GRANDE SÃO PAULO",1,"2024-06-12",2024-05-11,44.23,0,42,2.23,58,0,0
"nowcast","GRANDE SÃO PAULO",2,"2024-06-12",2024-05-18,46.57,0,43,3.57,69,0,0
"nowcast","GRANDE SÃO PAULO",3,"2024-06-12",2024-05-25,14.15025,0,7,7.15025,31,0,1
"nowcast","GRANDE SÃO PAULO",4,"2024-06-12",2024-06-01,148.00625,0,136.47,11.53625,223,0,0
"nowcast","GRANDE SÃO PAULO",1,"2024-06-19",2024-05-11,43.14,0,40.8,2.34,58,0,0
"nowcast","GRANDE SÃO PAULO",2,"2024-06-19",2024-05-18,46.82,0,43.2,3.62,68,0,0
"nowcast","GRANDE SÃO PAULO",3,"2024-06-19",2024-05-25,12.67025,0,5.8,6.87025,29,1,1
"nowcast","GRANDE SÃO PAULO",4,"2024-06-19",2024-06-01,138.45125,0,125.88,12.57125,219.5,0,0
"nowcast","GRANDE SÃO PAULO",1,"2024-06-26",2024-05-29,6.94525,2,0,4.94525,10,1,1
"nowcast","GRANDE SÃO PAULO",2,"2024-06-26",2024-06-05,12.196,4.5,0,7.696,22.5,1,1
"nowcast","GRANDE SÃO PAULO",3,"2024-06-26",2024-06-12,22.422,10,0,12.422,44,0,1
"nowcast","GRANDE SÃO PAULO",4,"2024-06-26",2024-06-19,27.77025,3.6,0,24.17025,18,1,1
"nowcast","GRANDE SÃO PAULO",1,"2024-07-04",2024-06-02,4.6005,1,0,3.6005,5,1,1
"nowcast","GRANDE SÃO PAULO",2,"2024-07-04",2024-06-09,8.0205,3.4,0,4.6205,17,1,1
"nowcast","GRANDE SÃO PAULO",3,"2024-07-04",2024-06-16,9.085,0.3,0,8.785,1.5,1,1
"nowcast","GRANDE SÃO PAULO",4,"2024-07-04",2024-06-23,35.65425,17.7,0,17.95425,73,0,1
"nowcast","GRANDE SÃO PAULO",1,"2024-07-17",2024-06-09,5.95025,0,3,2.95025,13,0,1
"nowcast","GRANDE SÃO PAULO",2,"2024-07-17",2024-06-16,15.32,0,11.6,3.72,30,0,1
"nowcast","GRANDE SÃO PAULO",3,"2024-07-17",2024-06-23,15.94025,9.2,0,6.74025,32,0,1
"nowcast","GRANDE SÃO PAULO",4,"2024-07-17",2024-06-30,15.16525,2.6,0,12.56525,13,1,1
"nowcast","GRANDE SÃO PAULO",1,"2024-08-07",2024-11-10,266.39175,0,246,20.39175,430,0,1
"nowcast","GRANDE SÃO PAULO",2,"2024-08-07",2024-11-17,251.71875,0,222.3,29.41875,402,0,1
"nowcast","GRANDE SÃO PAULO",3,"2024-08-07",2024-11-24,305.872,0,233.1,72.7719999999998,446,0,1
"nowcast","GRANDE SÃO PAULO",4,"2024-08-07",2024-12-01,636.3945,0,105.1,531.2945,333.5,0,1
"nowcast","GRANDE SÃO PAULO",1,"2024-08-28",2024-11-11,263.344,0,233.2,30.144,418,0,1
"nowcast","GRANDE SÃO PAULO",2,"2024-08-28",2024-11-18,265.91775,0,205.9,60.01775,402,0,1
"nowcast","GRANDE SÃO PAULO",3,"2024-08-28",2024-11-25,382.937499999999,0,186.3,196.637499999999,434,0,1
"nowcast","GRANDE SÃO PAULO",4,"2024-08-28",2024-12-02,485.70075,0,52.4,433.30075,262,1,1
"nowcast","GRANDE SÃO PAULO",1,"2024-09-03",2024-11-11,250.94625,0,234.1,16.84625,418.5,0,1
"nowcast","GRANDE SÃO PAULO",2,"2024-09-03",2024-11-18,239.7485,0,219.5,20.2485,402,0,1
"nowcast","GRANDE SÃO PAULO",3,"2024-09-03",2024-11-25,268.9455,0,215.1,53.8455,438,0,1
"nowcast","GRANDE SÃO PAULO",4,"2024-09-03",2024-12-02,248.76275,0,54.9,193.86275,274.5,1,1
"nowcast","GRANDE SÃO PAULO",1,"2024-09-11",2024-11-11,287.1045,0,229,58.1045,419,0,1
"nowcast","GRANDE SÃO PAULO",2,"2024-09-11",2024-11-18,274.47425,0,214.2,60.2742499999999,404,0,1
"nowcast","GRANDE SÃO PAULO",3,"2024-09-11",2024-11-25,355.358,0,192.1,163.258,435,0,1
"nowcast","GRANDE SÃO PAULO",4,"2024-09-11",2024-12-02,376.152249999999,0,54.4,321.752249999999,272,1,1
"nowcast","GRANDE SÃO PAULO",1,"2024-09-25",2024-11-05,315.53075,0,312.37,3.16075,402,0,0
"nowcast","GRANDE SÃO PAULO",2,"2024-09-25",2024-11-12,257.8825,0,248.6,9.28249999999997,425,0,1
"nowcast","GRANDE SÃO PAULO",3,"2024-09-25",2024-11-19,255.15275,0,241,14.15275,419,0,1
"nowcast","GRANDE SÃO PAULO",4,"2024-09-25",2024-11-26,290.8795,0,258.1,32.7795,455,0,1
"nowcast","GRANDE SÃO PAULO",1,"2024-10-02",2024-08-28,28.77,0,27.2,1.57,38,0,0
"nowcast","GRANDE SÃO PAULO",2,"2024-10-02",2024-09-04,52.05,0,49.6,2.45,66,0,0
"nowcast","GRANDE SÃO PAULO",3,"2024-10-02",2024-09-11,15.6505,0,9.6,6.0505,32,0,1
"nowcast","GRANDE SÃO PAULO",4,"2024-10-02",2024-09-18,20.71725,4.2,0,16.51725,21,1,1
"nowcast","GRANDE SÃO PAULO",1,"2024-10-09",2024-09-05,11.28025,0,9.99000000000001,1.29025,18,0,0
"nowcast","GRANDE SÃO PAULO",2,"2024-10-09",2024-09-12,2.97,0,0.8,2.17,4,1,1
"nowcast","GRANDE SÃO PAULO",3,"2024-10-09",2024-09-19,16.01025,0,12,4.01025,30,0,1
"nowcast","GRANDE SÃO PAULO",4,"2024-10-09",2024-09-26,27.0105,0,17.6,9.4105,56,0,1
"nowcast","MARÍLIA",1,"2023-05-31",2023-04-26,16.18,15.8,0,0.38,17,0,0
"nowcast","MARÍLIA",2,"2023-05-31",2023-05-03,1.22,0.8,0,0.42,2,0,1
"nowcast","MARÍLIA",3,"2023-05-31",2023-05-10,4.4,3.2,0,1.2,8,0,1
"nowcast","MARÍLIA",4,"2023-05-31",2023-05-17,7.64025,2.2,0,5.44025,11,1,1
"nowcast","MARÍLIA",1,"2023-06-06",2023-05-02,1.38025,1,0,0.38025,3,0,1
"nowcast","MARÍLIA",2,"2023-06-06",2023-05-09,0.71,0,0.2,0.51,1,1,1
"nowcast","MARÍLIA",3,"2023-06-06",2023-05-16,1.92,0.6,0,1.32,3,1,1
"nowcast","MARÍLIA",4,"2023-06-06",2023-05-23,7.97575,2.4,0,5.57575,12,1,1
"nowcast","MARÍLIA",1,"2023-06-14",2023-05-10,0.58,0.2,0,0.38,1,1,1
"nowcast","MARÍLIA",2,"2023-06-14",2023-05-17,2.72,0,2.2,0.52,5,0,1
"nowcast","MARÍLIA",3,"2023-06-14",2023-05-24,20.19,0,19,1.19,29,0,0
"nowcast","MARÍLIA",4,"2023-06-14",2023-05-31,6.29075,0,2.1,4.19075,10.5,1,1
"nowcast","MARÍLIA",1,"2023-06-20",2023-05-16,0.59,0,0.2,0.39,1,1,1
"nowcast","MARÍLIA",2,"2023-06-20",2023-05-23,15.91,0,15.4,0.51,19,0,0
"nowcast","MARÍLIA",3,"2023-06-20",2023-05-30,1.72,0,0.4,1.32,2,1,1
"nowcast","MARÍLIA",4,"2023-06-20",2023-06-06,10.04,0,6,4.04,22,0,1
"nowcast","MARÍLIA",1,"2023-07-03",2023-06-04,1.68,0,1.4,0.28,3,0,1
"nowcast","MARÍLIA",2,"2023-07-03",2023-06-11,0.62025,0.2,0,0.42025,1,1,1
"nowcast","MARÍLIA",3,"2023-07-03",2023-06-18,6.37025,4.8,0,1.57025,12,0,1
"nowcast","MARÍLIA",4,"2023-07-03",2023-06-25,11.15525,4.8,0,6.35525,22,0,1
"nowcast","MARÍLIA",1,"2023-07-06",2023-06-08,2.07,1.8,0,0.27,3,0,0
"nowcast","MARÍLIA",2,"2023-07-06",2023-06-15,2.61,0,2.2,0.41,5,0,1
"nowcast","MARÍLIA",3,"2023-07-06",2023-06-22,1.7705,0,0.6,1.1705,3,1,1
"nowcast","MARÍLIA",4,"2023-07-06",2023-06-29,16.02,0,12.2,3.82,31,0,1
"nowcast","MARÍLIA",1,"2023-07-19",2023-06-14,4.24025,0,3.99,0.25025,6,0,0
"nowcast","MARÍLIA",2,"2023-07-19",2023-06-21,6.79,6.4,0,0.39,8,0,0
"nowcast","MARÍLIA",3,"2023-07-19",2023-06-28,8.64025,0,7.6,1.04025,16,0,1
"nowcast","MARÍLIA",4,"2023-07-19",2023-07-05,4.54,0.8,0,3.74,4,1,1
"nowcast","MARÍLIA",1,"2023-07-25",2023-06-20,4.85,4.6,0,0.25,5,0,0
"nowcast","MARÍLIA",2,"2023-07-25",2023-06-27,2.6,0,2.2,0.4,5,0,1
"nowcast","MARÍLIA",3,"2023-07-25",2023-07-04,2.47025,0,1.4,1.07025,5,0,1
"nowcast","MARÍLIA",4,"2023-07-25",2023-07-11,4.21025,0,0.6,3.61025,3,1,1
"nowcast","MARÍLIA",1,"2023-08-02",2023-07-05,5.14,0,5,0.14,7,0,0
"nowcast","MARÍLIA",2,"2023-08-02",2023-07-12,5.26,0,5,0.26,7,0,0
"nowcast","MARÍLIA",3,"2023-08-02",2023-07-19,6.82,0,6,0.82,12,0,1
"nowcast","MARÍLIA",4,"2023-08-02",2023-07-26,15.83025,0,13.4,2.43025,29,0,1
"nowcast","MARÍLIA",1,"2023-08-08",2023-07-11,4.53,0,4.4,0.13,6,0,0
"nowcast","MARÍLIA",2,"2023-08-08",2023-07-18,4.24025,0,3.99,0.25025,6,0,0
"nowcast","MARÍLIA",3,"2023-08-08",2023-07-25,23.39,0,22.6,0.79,29,0,0
"nowcast","MARÍLIA",4,"2023-08-08",2023-08-01,26.91,0,24.8,2.11,44,0,0
"nowcast","MARÍLIA",1,"2023-08-16",2023-07-19,0.34,0.2,0,0.14,1,1,1
"nowcast","MARÍLIA",2,"2023-08-16",2023-07-26,5.26,0,5,0.26,7,0,0
"nowcast","MARÍLIA",3,"2023-08-16",2023-08-02,22.04,0,21.2,0.84,30,0,0
"nowcast","MARÍLIA",4,"2023-08-16",2023-08-09,8.38,0,5.8,2.58,17,0,1
"nowcast","MARÍLIA",1,"2023-08-23",2023-07-26,0.13,0,0,0.13,0,1,1
"nowcast","MARÍLIA",2,"2023-08-23",2023-08-02,15.25,0,15,0.25,17,0,0
"nowcast","MARÍLIA",3,"2023-08-23",2023-08-09,6.48,0,5.6,0.88,12,0,1
"nowcast","MARÍLIA",4,"2023-08-23",2023-08-16,15.93025,0,13.8,2.13025,29,0,1
"nowcast","MARÍLIA",1,"2023-08-30",2023-07-26,0.13,0,0,0.13,0,1,1
"nowcast","MARÍLIA",2,"2023-08-30",2023-08-02,14.25,0,14,0.25,16,0,0
"nowcast","MARÍLIA",3,"2023-08-30",2023-08-09,11.92,11,0,0.92,15,0,0
"nowcast","MARÍLIA",4,"2023-08-30",2023-08-16,4.79,0,2,2.79,10,1,1
"nowcast","MARÍLIA",1,"2023-09-06",2023-08-02,13.14,0,13,0.14,15,0,0
"nowcast","MARÍLIA",2,"2023-09-06",2023-08-09,10.45,10.2,0,0.25,11,0,0
"nowcast","MARÍLIA",3,"2023-09-06",2023-08-16,13.44,0,12.8,0.64,18,0,0
"nowcast","MARÍLIA",4,"2023-09-06",2023-08-23,4.96,0,3.2,1.76,10,0,1
"nowcast","MARÍLIA",1,"2023-09-19",2023-08-22,1.13,1,0,0.13,1,0,0
"nowcast","MARÍLIA",2,"2023-09-19",2023-08-29,0.44,0,0.2,0.24,1,1,1
"nowcast","MARÍLIA",3,"2023-09-19",2023-09-05,28.13,0,27.6,0.53,32,0,0
"nowcast","MARÍLIA",4,"2023-09-19",2023-09-12,32.37025,0,30.79,1.58025,44,0,0
"nowcast","MARÍLIA",1,"2023-09-27",2023-08-23,0.14,0,0,0.14,0,1,1
"nowcast","MARÍLIA",2,"2023-09-27",2023-08-30,1.46,1.2,0,0.26,2,0,0
"nowcast","MARÍLIA",3,"2023-09-27",2023-09-06,1.39,0,0.6,0.79,3,1,1
"nowcast","MARÍLIA",4,"2023-09-27",2023-09-13,6.76025,0,4,2.76025,14,0,1
"nowcast","MARÍLIA",1,"2023-10-06",2023-09-08,0.14,0,0,0.14,0,1,1
"nowcast","MARÍLIA",2,"2023-10-06",2023-09-15,12.25,0,12,0.25,14,0,0
"nowcast","MARÍLIA",3,"2023-10-06",2023-09-22,1.86025,0,1.2,0.66025,4,0,1
"nowcast","MARÍLIA",4,"2023-10-06",2023-09-29,4.88,0,2.6,2.28,11,0,1
"nowcast","MARÍLIA",1,"2023-10-11",2023-09-13,10.94,0,10.8,0.14,12,0,0
"nowcast","MARÍLIA",2,"2023-10-11",2023-09-20,4.25,0,4,0.25,6,0,0
"nowcast","MARÍLIA",3,"2023-10-11",2023-09-27,2.74,0,2.2,0.54,5,0,1
"nowcast","MARÍLIA",4,"2023-10-11",2023-10-04,6.34025,0,4.2,2.14025,13,0,1
"nowcast","MARÍLIA",1,"2023-10-18",2023-09-13,8.64,0,8.4,0.24,10,0,0
"nowcast","MARÍLIA",2,"2023-10-18",2023-09-20,4.26,0,4,0.26,6,0,0
"nowcast","MARÍLIA",3,"2023-10-18",2023-09-27,0.66,0,0,0.66,0,1,1
"nowcast","MARÍLIA",4,"2023-10-18",2023-10-04,3.78,0,1.4,2.38,7,1,1
"nowcast","MARÍLIA",1,"2023-10-20",2023-09-22,0.33,0.2,0,0.13,1,1,1
"nowcast","MARÍLIA",2,"2023-10-20",2023-09-29,1.05,0,0.8,0.25,2,0,1
"nowcast","MARÍLIA",3,"2023-10-20",2023-10-06,3.63,0,3,0.63,7,0,1
"nowcast","MARÍLIA",4,"2023-10-20",2023-10-13,10.40025,0,8.4,2.00025,20,0,1
"nowcast","MARÍLIA",1,"2023-10-25",2023-09-27,0.74,0,0.6,0.14,1,0,1
"nowcast","MARÍLIA",2,"2023-10-25",2023-10-04,2.76,2.6,0,0.16,3,0,0
"nowcast","MARÍLIA",3,"2023-10-25",2023-10-11,7.12025,0,6.59,0.53025,11,0,0
"nowcast","MARÍLIA",4,"2023-10-25",2023-10-18,13.03025,0,11.2,1.83025,24,0,1
"nowcast","MARÍLIA",1,"2023-11-01",2023-09-27,0.45,0,0.2,0.25,1,1,1
"nowcast","MARÍLIA",2,"2023-11-01",2023-10-04,4.07,3.8,0,0.27,5,0,0
"nowcast","MARÍLIA",3,"2023-11-01",2023-10-11,1.97025,1.2,0,0.77025,4,0,1
"nowcast","MARÍLIA",4,"2023-11-01",2023-10-18,2.72025,0,0,2.72025,0,1,1
"nowcast","MARÍLIA",1,"2023-11-08",2023-10-11,0.24,0,0,0.24,0,1,1
"nowcast","MARÍLIA",2,"2023-11-08",2023-10-18,3.14025,0,2.99,0.15025,5,0,0
"nowcast","MARÍLIA",3,"2023-11-08",2023-10-25,17.73,0,17.2,0.53,22,0,0
"nowcast","MARÍLIA",4,"2023-11-08",2023-11-01,23.10025,0,21.19,1.91025,40,0,0
"nowcast","MARÍLIA",1,"2023-11-13",2023-10-14,0.25,0,0,0.25,0,1,1
"nowcast","MARÍLIA",2,"2023-11-13",2023-10-21,0.58,0,0.2,0.38,1,1,1
"nowcast","MARÍLIA",3,"2023-11-13",2023-10-28,2.32,0,1.4,0.92,5,0,1
"nowcast","MARÍLIA",4,"2023-11-13",2023-11-04,5.24,0,1.4,3.84,7,1,1
"nowcast","MARÍLIA",1,"2023-11-29",2023-10-25,3.63025,0,3.39,0.24025,5,0,0
"nowcast","MARÍLIA",2,"2023-11-29",2023-11-01,3.97025,0,3.59,0.38025,6,0,0
"nowcast","MARÍLIA",3,"2023-11-29",2023-11-08,3.67,0,3,0.67,7,0,1
"nowcast","MARÍLIA",4,"2023-11-29",2023-11-15,10.60025,8.2,0,2.40025,19,0,1
"nowcast","MARÍLIA",1,"2023-12-06",2023-11-08,7.94,0,7.8,0.14,9,0,0
"nowcast","MARÍLIA",2,"2023-12-06",2023-11-15,0.26,0,0,0.26,0,1,1
"nowcast","MARÍLIA",3,"2023-12-06",2023-11-22,2.01,0,1.6,0.41,4,0,1
"nowcast","MARÍLIA",4,"2023-12-06",2023-11-29,1.51025,0,0.2,1.31025,1,1,1
"nowcast","MARÍLIA",1,"2023-12-13",2023-11-15,0.93,0,0.8,0.13,2,0,1
"nowcast","MARÍLIA",2,"2023-12-13",2023-11-22,1.64025,0,1.4,0.24025,3,0,1
"nowcast","MARÍLIA",3,"2023-12-13",2023-11-29,1.98,0,1.6,0.38,4,0,1
"nowcast","MARÍLIA",4,"2023-12-13",2023-12-06,12.43,0,11.6,0.83,20,0,0
"nowcast","MARÍLIA",1,"2023-12-20",2023-11-22,1.53,0,1.4,0.13,3,0,1
"nowcast","MARÍLIA",2,"2023-12-20",2023-11-29,5.45,5.2,0,0.25,6,0,0
"nowcast","MARÍLIA",3,"2023-12-20",2023-12-06,7.79,0,7.4,0.39,11,0,0
"nowcast","MARÍLIA",4,"2023-12-20",2023-12-13,9.98,0,8.8,1.18,18,0,1
"nowcast","MARÍLIA",1,"2023-12-27",2023-11-25,0.93,0,0.8,0.13,2,0,1
"nowcast","MARÍLIA",2,"2023-12-27",2023-12-02,0.24,0,0,0.24,0,1,1
"nowcast","MARÍLIA",3,"2023-12-27",2023-12-09,0.91025,0,0.4,0.51025,2,1,1
"nowcast","MARÍLIA",4,"2023-12-27",2023-12-16,6.47,4.8,0,1.67,12,0,1
"nowcast","MARÍLIA",1,"2024-01-03",2023-11-29,8.13,8,0,0.13,8,0,0
"nowcast","MARÍLIA",2,"2024-01-03",2023-12-06,4.64,0,4.4,0.24,6,0,0
"nowcast","MARÍLIA",3,"2024-01-03",2023-12-13,8.79,0,8.4,0.39,12,0,0
"nowcast","MARÍLIA",4,"2024-01-03",2023-12-20,1.99025,0.8,0,1.19025,4,1,1
"nowcast","MARÍLIA",1,"2024-01-17",2023-12-13,13.22,0,13.2,0.02,14,0,0
"nowcast","MARÍLIA",2,"2024-01-17",2023-12-20,5.12,5,0,0.12,5,0,0
"nowcast","MARÍLIA",3,"2024-01-17",2023-12-27,8.25,0,8,0.25,10,0,0
"nowcast","MARÍLIA",4,"2024-01-17",2024-01-03,1.19025,0,0.4,0.79025,2,1,1
"nowcast","MARÍLIA",1,"2024-01-31",2024-01-03,3.17,3,0,0.17,3,0,0
"nowcast","MARÍLIA",2,"2024-01-31",2024-01-10,1.3605,0,1.2,0.1605,2,0,1
"nowcast","MARÍLIA",3,"2024-01-31",2024-01-17,3.48,0,3.2,0.28,6,0,1
"nowcast","MARÍLIA",4,"2024-01-31",2024-01-24,6.8,0,6,0.8,12,0,1
"nowcast","MARÍLIA",1,"2024-02-07",2024-01-03,4.17025,4,0,0.17025,4,0,0
"nowcast","MARÍLIA",2,"2024-02-07",2024-01-10,0.79,0,0.6,0.19,1,0,1
"nowcast","MARÍLIA",3,"2024-02-07",2024-01-17,1.09,0,0.8,0.29,2,0,1
"nowcast","MARÍLIA",4,"2024-02-07",2024-01-24,6.23025,0,5.4,0.83025,11,0,1
"nowcast","MARÍLIA",1,"2024-02-14",2024-01-16,4.53,0,4.4,0.13,6,0,0
"nowcast","MARÍLIA",2,"2024-02-14",2024-01-23,0.14,0,0,0.14,0,1,1
"nowcast","MARÍLIA",3,"2024-02-14",2024-01-30,16.24025,0,15.99,0.25025,18,0,0
"nowcast","MARÍLIA",4,"2024-02-14",2024-02-06,7.12025,0,6.2,0.92025,13,0,1
"nowcast","MARÍLIA",1,"2024-02-28",2024-01-31,0.25,0,0,0.25,0,1,1
"nowcast","MARÍLIA",2,"2024-02-28",2024-02-07,0.27,0,0,0.27,0,1,1
"nowcast","MARÍLIA",3,"2024-02-28",2024-02-14,19.19,0,18.8,0.39,22,0,0
"nowcast","MARÍLIA",4,"2024-02-28",2024-02-21,28.98,0,27.9,1.08,37.5,0,0
"nowcast","MARÍLIA",1,"2024-03-06",2024-01-31,0.26,0,0,0.26,0,1,1
"nowcast","MARÍLIA",2,"2024-03-06",2024-02-07,0.58,0.2,0,0.38,1,1,1
"nowcast","MARÍLIA",3,"2024-03-06",2024-02-14,2.02,0,1.6,0.42,4,0,1
"nowcast","MARÍLIA",4,"2024-03-06",2024-02-21,8.2,0,6.6,1.6,15,0,1
"nowcast","MARÍLIA",1,"2024-03-13",2024-02-07,0.46,0.2,0,0.26,1,1,1
"nowcast","MARÍLIA",2,"2024-03-13",2024-02-14,0.4,0,0,0.4,0,1,1
"nowcast","MARÍLIA",3,"2024-03-13",2024-02-21,5.46,4.8,0,0.66,8,0,0
"nowcast","MARÍLIA",4,"2024-03-13",2024-02-28,4.49525,1.8,0,2.69525,9,1,1
"nowcast","MARÍLIA",1,"2024-03-18",2024-02-19,1.42,0,1,0.42,3,0,1
"nowcast","MARÍLIA",2,"2024-03-18",2024-02-26,2.86,2.2,0,0.66,5,0,1
"nowcast","MARÍLIA",3,"2024-03-18",2024-03-04,3.93,3,0,0.93,7,0,1
"nowcast","MARÍLIA",4,"2024-03-18",2024-03-11,15.21,12,0,3.21,28,0,1
"nowcast","MARÍLIA",1,"2024-03-20",2024-02-21,5.2,4.8,0,0.4,6,0,0
"nowcast","MARÍLIA",2,"2024-03-20",2024-02-28,0.72,0,0.2,0.52,1,1,1
"nowcast","MARÍLIA",3,"2024-03-20",2024-03-06,11.51025,0,10.99,0.52025,15,0,0
"nowcast","MARÍLIA",4,"2024-03-20",2024-03-13,12.62,0,11.2,1.42,22,0,0
"nowcast","MARÍLIA",1,"2024-03-27",2024-02-28,0.64,0,0.2,0.44,1,1,1
"nowcast","MARÍLIA",2,"2024-03-27",2024-03-06,6.9105,0,6.4,0.5105,12,0,1
"nowcast","MARÍLIA",3,"2024-03-27",2024-03-13,2.24,1.6,0,0.64,4,0,1
"nowcast","MARÍLIA",4,"2024-03-27",2024-03-20,12.29025,0,10.2,2.09025,23,0,1
"nowcast","MARÍLIA",1,"2024-04-10",2024-03-13,9.75,9.6,0,0.15,10,0,0
"nowcast","MARÍLIA",2,"2024-04-10",2024-03-20,3.87,0,3.6,0.27,6,0,0
"nowcast","MARÍLIA",3,"2024-04-10",2024-03-27,12.52,0,12,0.52,16,0,0
"nowcast","MARÍLIA",4,"2024-04-10",2024-04-03,48.46,0,47,1.46,59,0,0
"nowcast","MARÍLIA",1,"2024-04-17",2024-03-14,6.76,6.6,0,0.16,7,0,0
"nowcast","MARÍLIA",2,"2024-04-17",2024-03-21,1.18,0,0.8,0.38,2,0,1
"nowcast","MARÍLIA",3,"2024-04-17",2024-03-28,0.65,0,0,0.65,0,1,1
"nowcast","MARÍLIA",4,"2024-04-17",2024-04-04,15.78025,0,13.4,2.38025,29,0,1
"nowcast","MARÍLIA",1,"2024-04-23",2024-03-23,1.07,0,0.8,0.27,2,0,1
"nowcast","MARÍLIA",2,"2024-04-23",2024-03-30,5.8,5.4,0,0.4,7,0,0
"nowcast","MARÍLIA",3,"2024-04-23",2024-04-06,3.21,0,2.4,0.81,6,0,1
"nowcast","MARÍLIA",4,"2024-04-23",2024-04-13,7.17,3.6,0,3.57,14,0,1
"nowcast","MARÍLIA",1,"2024-05-06",2024-04-05,0.45,0,0.2,0.25,1,1,1
"nowcast","MARÍLIA",2,"2024-05-06",2024-04-12,12.26,0,12,0.26,14,0,0
"nowcast","MARÍLIA",3,"2024-05-06",2024-04-19,1.26,0,0.6,0.66,3,1,1
"nowcast","MARÍLIA",4,"2024-05-06",2024-04-26,3.99,1.2,0,2.79,6,1,1
"nowcast","MARÍLIA",1,"2024-05-15",2024-04-17,0.97225,0,0.2,0.77225,1,1,1
"nowcast","MARÍLIA",2,"2024-05-15",2024-04-24,1.3305,0.6,0,0.7305,1,0,1
"nowcast","MARÍLIA",3,"2024-05-15",2024-05-01,11.85025,0,11.2,0.65025,20,0,1
"nowcast","MARÍLIA",4,"2024-05-15",2024-05-08,38.21,0,36.8,1.41,52,0,0
"nowcast","MARÍLIA",1,"2024-05-23",2024-04-25,2.9,0,2.6,0.3,5,0,1
"nowcast","MARÍLIA",2,"2024-05-23",2024-05-02,2.18,0,2,0.18,4,0,1
"nowcast","MARÍLIA",3,"2024-05-23",2024-05-09,10.51025,0,9.99,0.52025,14,0,0
"nowcast","MARÍLIA",4,"2024-05-23",2024-05-16,6.01,0,4.4,1.61,12,0,1
"nowcast","MARÍLIA",1,"2024-05-29",2024-05-01,2.56,0,2.4,0.16,4,0,1
"nowcast","MARÍLIA",2,"2024-05-29",2024-05-08,20.25,0,20,0.25,22,0,0
"nowcast","MARÍLIA",3,"2024-05-29",2024-05-15,7.49,0,7.2,0.29,10,0,0
"nowcast","MARÍLIA",4,"2024-05-29",2024-05-22,11.64,0,10.6,1.04,19,0,0
"nowcast","MARÍLIA",1,"2024-06-05",2024-05-01,2.56,0,2.4,0.16,4,0,1
"nowcast","MARÍLIA",2,"2024-06-05",2024-05-08,17.86,0,17.6,0.26,20,0,0
"nowcast","MARÍLIA",3,"2024-06-05",2024-05-15,4.18025,0,3.79,0.39025,7,0,0
"nowcast","MARÍLIA",4,"2024-06-05",2024-05-22,9.68,0,8.6,1.08,17,0,1
"nowcast","MARÍLIA",1,"2024-06-12",2024-05-11,5.53,0,5.4,0.13,7,0,0
"nowcast","MARÍLIA",2,"2024-06-12",2024-05-18,0.73,0,0.6,0.13,1,0,1
"nowcast","MARÍLIA",3,"2024-06-12",2024-05-25,1.09,0,0.8,0.29,2,0,1
"nowcast","MARÍLIA",4,"2024-06-12",2024-06-01,11.64,0,10.2,1.44,21,0,1
"nowcast","MARÍLIA",1,"2024-06-19",2024-05-11,5.53,0,5.4,0.13,7,0,0
"nowcast","MARÍLIA",2,"2024-06-19",2024-05-18,0.74,0,0.6,0.14,1,0,1
"nowcast","MARÍLIA",3,"2024-06-19",2024-05-25,0.79,0,0.4,0.39,2,1,1
"nowcast","MARÍLIA",4,"2024-06-19",2024-06-01,11.63,0,10.2,1.43,21,0,1
"nowcast","MARÍLIA",1,"2024-06-26",2024-05-22,1.44,1.2,0,0.24,2,0,0
"nowcast","MARÍLIA",2,"2024-06-26",2024-05-29,2.45,2.2,0,0.25,3,0,0
"nowcast","MARÍLIA",3,"2024-06-26",2024-06-05,10.19,0,9.8,0.39,13,0,0
"nowcast","MARÍLIA",4,"2024-06-26",2024-06-12,5.81025,0,4.6,1.21025,11,0,1
"nowcast","MARÍLIA",1,"2024-07-04",2024-06-01,0.14,0,0,0.14,0,1,1
"nowcast","MARÍLIA",2,"2024-07-04",2024-06-08,1.65,0,1.4,0.25,3,0,1
"nowcast","MARÍLIA",3,"2024-07-04",2024-06-15,0.8,0.4,0,0.4,2,1,1
"nowcast","MARÍLIA",4,"2024-07-04",2024-06-22,2.47,0,1,1.47,5,1,1
"nowcast","MARÍLIA",1,"2024-07-17",2024-06-08,1.04,0,0.8,0.24,2,0,1
"nowcast","MARÍLIA",2,"2024-07-17",2024-06-15,2.75,2.6,0,0.15,3,0,0
"nowcast","MARÍLIA",3,"2024-07-17",2024-06-22,0.8,0,0.4,0.4,2,1,1
"nowcast","MARÍLIA",4,"2024-07-17",2024-06-29,2.59,0,0.6,1.99,3,1,1
"nowcast","MARÍLIA",1,"2024-08-07",2024-11-09,69.3667499999996,0,3,66.3667499999996,15,1,1
"nowcast","MARÍLIA",2,"2024-08-07",2024-11-16,49.4362499999993,0,2,47.4362499999993,10,1,1
"nowcast","MARÍLIA",3,"2024-08-07",2024-11-23,130.1245,0,2,128.1245,10,1,1
"nowcast","MARÍLIA",4,"2024-08-07",2024-11-30,1611.072,85.19,0,1525.882,236,0,0
"nowcast","MARÍLIA",1,"2024-08-28",2024-11-11,27.19725,0,3.4,23.79725,17,1,1
"nowcast","MARÍLIA",2,"2024-08-28",2024-11-18,37.2594999999998,0,5,32.2594999999998,15,0,1
"nowcast","MARÍLIA",3,"2024-08-28",2024-11-25,34.6639999999999,0,2,32.6639999999999,10,1,1
"nowcast","MARÍLIA",4,"2024-08-28",2024-12-02,452.51925,116.39,0,336.12925,314.5,0,0
"nowcast","MARÍLIA",1,"2024-09-03",2024-11-11,21.9285,0,3.6,18.3285,18,1,1
"nowcast","MARÍLIA",2,"2024-09-03",2024-11-18,36.5175,0,4,32.5175,16,0,1
"nowcast","MARÍLIA",3,"2024-09-03",2024-11-25,28.8774999999998,0,2,26.8774999999998,10,1,1
"nowcast","MARÍLIA",4,"2024-09-03",2024-12-02,472.14425,108.2,0,363.94425,309,0,0
"nowcast","MARÍLIA",1,"2024-09-11",2024-11-11,23.69,0,3.6,20.09,18,1,1
"nowcast","MARÍLIA",2,"2024-09-11",2024-11-18,25.8827499999999,0,5.1,20.7827499999999,16,0,1
"nowcast","MARÍLIA",3,"2024-09-11",2024-11-25,46.0297499999998,0,2,44.0297499999998,10,1,1
"nowcast","MARÍLIA",4,"2024-09-11",2024-12-02,595.042499999999,113.19,0,481.852499999999,308,0,0
"nowcast","MARÍLIA",1,"2024-09-25",2024-11-05,24.75,0,24.6,0.15,27,0,0
"nowcast","MARÍLIA",2,"2024-09-25",2024-11-12,21.36,0,21.2,0.16,24,0,0
"nowcast","MARÍLIA",3,"2024-09-25",2024-11-19,11.96025,0,11.79,0.17025,15,0,0
"nowcast","MARÍLIA",4,"2024-09-25",2024-11-26,11.41,0,11.2,0.21,16,0,0
"nowcast","MARÍLIA",1,"2024-10-02",2024-08-28,3.0705,0,2.6,0.4705,5,0,1
"nowcast","MARÍLIA",2,"2024-10-02",2024-09-04,2.15025,1.6,0,0.55025,4,0,1
"nowcast","MARÍLIA",3,"2024-10-02",2024-09-11,2.19025,0,1.2,0.99025,4,0,1
"nowcast","MARÍLIA",4,"2024-10-02",2024-09-18,3.48025,0.8,0,2.68025,4,1,1
"nowcast","MARÍLIA",1,"2024-10-09",2024-09-05,1.15,0,0.8,0.35,2,0,1
"nowcast","MARÍLIA",2,"2024-10-09",2024-09-12,0.65025,0.2,0,0.45025,1,1,1
"nowcast","MARÍLIA",3,"2024-10-09",2024-09-19,2.02025,0,1.2,0.82025,4,0,1
"nowcast","MARÍLIA",4,"2024-10-09",2024-09-26,2.07,0,0.2,1.87,1,1,1
"nowcast","PIRACICABA",1,"2023-05-31",2023-05-03,5.63,4.6,0,1.03,9,0,0
"nowcast","PIRACICABA",2,"2023-05-31",2023-05-10,2.16,1,0,1.16,5,1,1
"nowcast","PIRACICABA",3,"2023-05-31",2023-05-17,2.34,1,0,1.34,5,1,1
"nowcast","PIRACICABA",4,"2023-05-31",2023-05-24,2.55075,0,0,2.55075,0,1,1
"nowcast","PIRACICABA",1,"2023-06-06",2023-05-09,2.1,1.2,0,0.9,4,0,1
"nowcast","PIRACICABA",2,"2023-06-06",2023-05-16,1.84,0.8,0,1.04,4,1,1
"nowcast","PIRACICABA",3,"2023-06-06",2023-05-23,1.815,0.6,0,1.215,3,1,1
"nowcast","PIRACICABA",4,"2023-06-06",2023-05-30,10.85025,8,0,2.85025,20,0,1
"nowcast","PIRACICABA",1,"2023-06-14",2023-05-17,1.04,0,0.4,0.64,2,1,1
"nowcast","PIRACICABA",2,"2023-06-14",2023-05-24,1.95025,0,1.2,0.75025,4,0,1
"nowcast","PIRACICABA",3,"2023-06-14",2023-05-31,1.38,0,0.6,0.78,3,1,1
"nowcast","PIRACICABA",4,"2023-06-14",2023-06-07,11.05,0,9.6,1.45,20,0,1
"nowcast","PIRACICABA",1,"2023-06-20",2023-05-23,0.73,0,0.2,0.53,1,1,1
"nowcast","PIRACICABA",2,"2023-06-20",2023-05-30,3.16,2.4,0,0.76,6,0,1
"nowcast","PIRACICABA",3,"2023-06-20",2023-06-06,1,0.2,0,0.8,1,1,1
"nowcast","PIRACICABA",4,"2023-06-20",2023-06-13,2.435,0.8,0,1.635,4,1,1
"nowcast","PIRACICABA",1,"2023-07-03",2023-06-03,8.41,8,0,0.41,10,0,0
"nowcast","PIRACICABA",2,"2023-07-03",2023-06-10,1.22,0,0.6,0.62,3,1,1
"nowcast","PIRACICABA",3,"2023-07-03",2023-06-17,1.05,0,0.4,0.65,2,1,1
"nowcast","PIRACICABA",4,"2023-07-03",2023-06-24,1.72,0.4,0,1.32,2,1,1
"nowcast","PIRACICABA",1,"2023-07-06",2023-06-08,0.59,0.2,0,0.39,1,1,1
"nowcast","PIRACICABA",2,"2023-07-06",2023-06-15,2.60025,0,2.2,0.40025,5,0,1
"nowcast","PIRACICABA",3,"2023-07-06",2023-06-22,0.64,0,0,0.64,0,1,1
"nowcast","PIRACICABA",4,"2023-07-06",2023-06-29,1.76,0.6,0,1.16,3,1,1
"nowcast","PIRACICABA",1,"2023-07-19",2023-06-21,3.15,0,3,0.15,5,0,0
"nowcast","PIRACICABA",2,"2023-07-19",2023-06-28,2.88,0,2.6,0.28,5,0,1
"nowcast","PIRACICABA",3,"2023-07-19",2023-07-05,1.52,0,1,0.52,3,0,1
"nowcast","PIRACICABA",4,"2023-07-19",2023-07-12,1.97,0,0.8,1.17,4,1,1
"nowcast","PIRACICABA",1,"2023-07-25",2023-06-27,0.45,0,0.2,0.25,1,1,1
"nowcast","PIRACICABA",2,"2023-07-25",2023-07-04,0.48,0,0.2,0.28,1,1,1
"nowcast","PIRACICABA",3,"2023-07-25",2023-07-11,0.82025,0,0.2,0.62025,1,1,1
"nowcast","PIRACICABA",4,"2023-07-25",2023-07-18,1.79,0,0.6,1.19,3,1,1
"nowcast","PIRACICABA",1,"2023-08-02",2023-07-05,0.35,0,0.2,0.15,1,1,1
"nowcast","PIRACICABA",2,"2023-08-02",2023-07-12,0.48,0,0.2,0.28,1,1,1
"nowcast","PIRACICABA",3,"2023-08-02",2023-07-19,3.62,0,3,0.62,7,0,1
"nowcast","PIRACICABA",4,"2023-08-02",2023-07-26,1.92,0,0.6,1.32,3,1,1
"nowcast","PIRACICABA",1,"2023-08-08",2023-07-11,0.28,0,0,0.28,0,1,1
"nowcast","PIRACICABA",2,"2023-08-08",2023-07-18,3.1905,0,2.8,0.3905,6,0,1
"nowcast","PIRACICABA",3,"2023-08-08",2023-07-25,2.13,0,1.6,0.53,4,0,1
"nowcast","PIRACICABA",4,"2023-08-08",2023-08-01,1.26025,0,0.2,1.06025,1,1,1
"nowcast","PIRACICABA",1,"2023-08-16",2023-07-19,0.48,0,0.2,0.28,1,1,1
"nowcast","PIRACICABA",2,"2023-08-16",2023-07-26,2.59,0,2.2,0.39,5,0,1
"nowcast","PIRACICABA",3,"2023-08-16",2023-08-02,0.54,0,0,0.54,0,1,1
"nowcast","PIRACICABA",4,"2023-08-16",2023-08-09,4.58,0,3.4,1.18,9,0,1
"nowcast","PIRACICABA",1,"2023-08-23",2023-07-26,0.78,0,0.4,0.38,2,1,1
"nowcast","PIRACICABA",2,"2023-08-23",2023-08-02,0.7,0.2,0,0.5,1,1,1
"nowcast","PIRACICABA",3,"2023-08-23",2023-08-09,0.85,0.2,0,0.65,1,1,1
"nowcast","PIRACICABA",4,"2023-08-23",2023-08-16,2.09025,0.8,0,1.29025,4,1,1
"nowcast","PIRACICABA",1,"2023-08-30",2023-08-02,0.57,0,0.2,0.37,1,1,1
"nowcast","PIRACICABA",2,"2023-08-30",2023-08-09,0.49025,0,0,0.49025,0,1,1
"nowcast","PIRACICABA",3,"2023-08-30",2023-08-16,0.72,0.2,0,0.52,1,1,1
"nowcast","PIRACICABA",4,"2023-08-30",2023-08-23,1.11,0.2,0,0.91,1,1,1
"nowcast","PIRACICABA",1,"2023-09-06",2023-08-09,0.26,0,0,0.26,0,1,1
"nowcast","PIRACICABA",2,"2023-09-06",2023-08-16,0.78,0,0.4,0.38,2,1,1
"nowcast","PIRACICABA",3,"2023-09-06",2023-08-23,1.8,1.4,0,0.4,3,0,1
"nowcast","PIRACICABA",4,"2023-09-06",2023-08-30,2.58,1.8,0,0.78,5,0,1
"nowcast","PIRACICABA",1,"2023-09-19",2023-08-22,0.25,0,0,0.25,0,1,1
"nowcast","PIRACICABA",2,"2023-09-19",2023-08-29,0.27,0,0,0.27,0,1,1
"nowcast","PIRACICABA",3,"2023-09-19",2023-09-05,1.4,0,1,0.4,3,0,1
"nowcast","PIRACICABA",4,"2023-09-19",2023-09-12,9.18,0,8.4,0.78,14,0,0
"nowcast","PIRACICABA",1,"2023-09-27",2023-08-30,0.44,0,0.2,0.24,1,1,1
"nowcast","PIRACICABA",2,"2023-09-27",2023-09-06,0.57,0,0.2,0.37,1,1,1
"nowcast","PIRACICABA",3,"2023-09-27",2023-09-13,2.11,0,1.6,0.51,4,0,1
"nowcast","PIRACICABA",4,"2023-09-27",2023-09-20,3.84,0,2.8,1.04,8,0,1
"nowcast","PIRACICABA",1,"2023-10-06",2023-09-08,1.05,0,0.8,0.25,2,0,1
"nowcast","PIRACICABA",2,"2023-10-06",2023-09-15,4.27,0,4,0.27,6,0,0
"nowcast","PIRACICABA",3,"2023-10-06",2023-09-22,3.32,0,2.8,0.52,6,0,1
"nowcast","PIRACICABA",4,"2023-10-06",2023-09-29,4.01,0,2.8,1.21,8,0,1
"nowcast","PIRACICABA",1,"2023-10-11",2023-09-13,5.25,0,5,0.25,7,0,0
"nowcast","PIRACICABA",2,"2023-10-11",2023-09-20,3.47,0,3.1,0.37,5.5,0,0
"nowcast","PIRACICABA",3,"2023-10-11",2023-09-27,4.91,0,4.4,0.51,8,0,0
"nowcast","PIRACICABA",4,"2023-10-11",2023-10-04,7.12025,0,5.8,1.32025,13,0,1
"nowcast","PIRACICABA",1,"2023-10-18",2023-09-20,2.26,0,2,0.26,4,0,1
"nowcast","PIRACICABA",2,"2023-10-18",2023-09-27,4.19,0,3.8,0.39,7,0,0
"nowcast","PIRACICABA",3,"2023-10-18",2023-10-04,3.63025,0,3,0.63025,7,0,1
"nowcast","PIRACICABA",4,"2023-10-18",2023-10-11,2.88,1.2,0,1.68,6,1,1
"nowcast","PIRACICABA",1,"2023-10-20",2023-09-22,2.46,0,2.2,0.26,5,0,1
"nowcast","PIRACICABA",2,"2023-10-20",2023-09-29,4.49,0,4.2,0.29,7,0,0
"nowcast","PIRACICABA",3,"2023-10-20",2023-10-06,1.85,0,1.2,0.65,4,0,1
"nowcast","PIRACICABA",4,"2023-10-20",2023-10-13,3.59,0,1.6,1.99,8,1,1
"nowcast","PIRACICABA",1,"2023-10-25",2023-09-27,2.87025,0,2.6,0.27025,5,0,1
"nowcast","PIRACICABA",2,"2023-10-25",2023-10-04,3.31,0,2.8,0.51,6,0,1
"nowcast","PIRACICABA",3,"2023-10-25",2023-10-11,0.75,0,0.2,0.55,1,1,1
"nowcast","PIRACICABA",4,"2023-10-25",2023-10-18,2.83,0,1,1.83,5,1,1
"nowcast","PIRACICABA",1,"2023-11-01",2023-10-04,3.79,0,3.4,0.39,7,0,1
"nowcast","PIRACICABA",2,"2023-11-01",2023-10-11,0.82,0,0.4,0.42,2,1,1
"nowcast","PIRACICABA",3,"2023-11-01",2023-10-18,2.44,0,1.8,0.64,5,0,1
"nowcast","PIRACICABA",4,"2023-11-01",2023-10-25,1.89,0.4,0,1.49,2,1,1
"nowcast","PIRACICABA",1,"2023-11-08",2023-10-11,1.93,0,1.6,0.33,4,0,1
"nowcast","PIRACICABA",2,"2023-11-08",2023-10-18,5.63,0,5.2,0.43,10,0,1
"nowcast","PIRACICABA",3,"2023-11-08",2023-10-25,0.87,0,0.2,0.67,1,1,1
"nowcast","PIRACICABA",4,"2023-11-08",2023-11-01,2.17025,0,0.6,1.57025,3,1,1
"nowcast","PIRACICABA",1,"2023-11-13",2023-10-14,8.87,0,8.6,0.27,11,0,0
"nowcast","PIRACICABA",2,"2023-11-13",2023-10-21,1.99,0,1.6,0.39,4,0,1
"nowcast","PIRACICABA",3,"2023-11-13",2023-10-28,0.54,0,0,0.54,0,1,1
"nowcast","PIRACICABA",4,"2023-11-13",2023-11-04,4.37,2.8,0,1.57,8,0,1
"nowcast","PIRACICABA",1,"2023-11-29",2023-11-01,3.06,2,0,1.06,6,0,1
"nowcast","PIRACICABA",2,"2023-11-29",2023-11-08,3.98,3,0,0.98,7,0,1
"nowcast","PIRACICABA",3,"2023-11-29",2023-11-15,5.59,4.4,0,1.19,10,0,1
"nowcast","PIRACICABA",4,"2023-11-29",2023-11-22,11.32,9.2,0,2.12,20,0,0
"nowcast","PIRACICABA",1,"2023-12-06",2023-11-08,4.79,4,0,0.79,8,0,0
"nowcast","PIRACICABA",2,"2023-12-06",2023-11-15,5.41,4.6,0,0.81,9,0,0
"nowcast","PIRACICABA",3,"2023-12-06",2023-11-22,6.53,5.6,0,0.93,10,0,0
"nowcast","PIRACICABA",4,"2023-12-06",2023-11-29,8.38025,6.8,0,1.58025,14,0,0
"nowcast","PIRACICABA",1,"2023-12-13",2023-11-15,1.03,0.4,0,0.63,2,1,1
"nowcast","PIRACICABA",2,"2023-12-13",2023-11-22,1.93,1.4,0,0.53,3,0,1
"nowcast","PIRACICABA",3,"2023-12-13",2023-11-29,0.83,0.2,0,0.63,1,1,1
"nowcast","PIRACICABA",4,"2023-12-13",2023-12-06,1.62,0.6,0,1.02,3,1,1
"nowcast","PIRACICABA",1,"2023-12-20",2023-11-22,0.37,0,0,0.37,0,1,1
"nowcast","PIRACICABA",2,"2023-12-20",2023-11-29,1.08,0.8,0,0.28,2,0,1
"nowcast","PIRACICABA",3,"2023-12-20",2023-12-06,1.19,0.8,0,0.39,2,0,1
"nowcast","PIRACICABA",4,"2023-12-20",2023-12-13,1.16,0,0.4,0.76,2,1,1
"nowcast","PIRACICABA",1,"2023-12-27",2023-11-22,0.57,0.2,0,0.37,1,1,1
"nowcast","PIRACICABA",2,"2023-12-27",2023-11-29,1.08,0.8,0,0.28,2,0,1
"nowcast","PIRACICABA",3,"2023-12-27",2023-12-06,1.19025,0.8,0,0.39025,2,0,1
"nowcast","PIRACICABA",4,"2023-12-27",2023-12-13,1.37,0,0.6,0.77,3,1,1
"nowcast","PIRACICABA",1,"2024-01-03",2023-12-06,0.13,0,0,0.13,0,1,1
"nowcast","PIRACICABA",2,"2024-01-03",2023-12-13,1.05,0,0.8,0.25,2,0,1
"nowcast","PIRACICABA",3,"2024-01-03",2023-12-20,3.26,0,3,0.26,5,0,0
"nowcast","PIRACICABA",4,"2024-01-03",2023-12-27,2.72,0,2.2,0.52,5,0,1
"nowcast","PIRACICABA",1,"2024-01-17",2023-12-20,2.53,0,2.4,0.13,4,0,0
"nowcast","PIRACICABA",2,"2024-01-17",2023-12-27,1.64,0,1.4,0.24,3,0,1
"nowcast","PIRACICABA",3,"2024-01-17",2024-01-03,2.28,0,2,0.28,4,0,1
"nowcast","PIRACICABA",4,"2024-01-17",2024-01-10,0.82,0,0,0.82,0,1,1
"nowcast","PIRACICABA",1,"2024-01-31",2024-01-03,2.25,0,2,0.25,4,0,1
"nowcast","PIRACICABA",2,"2024-01-31",2024-01-10,0.175,0,0,0.175,0,1,1
"nowcast","PIRACICABA",3,"2024-01-31",2024-01-17,0.58,0,0.2,0.38,1,1,1
"nowcast","PIRACICABA",4,"2024-01-31",2024-01-24,0.94,0,0.4,0.54,2,1,1
"nowcast","PIRACICABA",1,"2024-02-07",2024-01-10,0.13,0,0,0.13,0,1,1
"nowcast","PIRACICABA",2,"2024-02-07",2024-01-17,1.04,0,0.8,0.24,2,0,1
"nowcast","PIRACICABA",3,"2024-02-07",2024-01-24,3.26,0,3,0.26,5,0,0
"nowcast","PIRACICABA",4,"2024-02-07",2024-01-31,11.03,0,10.6,0.43,15,0,0
"nowcast","PIRACICABA",1,"2024-02-14",2024-01-18,0.15,0,0,0.15,0,1,1
"nowcast","PIRACICABA",2,"2024-02-14",2024-01-25,4.37,0,4.2,0.17,7,0,0
"nowcast","PIRACICABA",3,"2024-02-14",2024-02-01,9.79,0,9.4,0.39,13,0,0
"nowcast","PIRACICABA",4,"2024-02-14",2024-02-08,10.28,0,9.6,0.68,16,0,0
"nowcast","PIRACICABA",1,"2024-02-28",2024-01-31,1.79,0,1.4,0.39,3,0,1
"nowcast","PIRACICABA",2,"2024-02-28",2024-02-07,1.05025,0,0.4,0.65025,2,1,1
"nowcast","PIRACICABA",3,"2024-02-28",2024-02-14,1.57025,0.4,0,1.17025,2,1,1
"nowcast","PIRACICABA",4,"2024-02-28",2024-02-21,11.95,8.4,0,3.55,22,0,1
"nowcast","PIRACICABA",1,"2024-03-06",2024-02-07,3.6,0,3.2,0.4,6,0,1
"nowcast","PIRACICABA",2,"2024-03-06",2024-02-14,2.47,0,1.8,0.67,5,0,1
"nowcast","PIRACICABA",3,"2024-03-06",2024-02-21,3.28,0,2.2,1.08,7,0,1
"nowcast","PIRACICABA",4,"2024-03-06",2024-02-28,6.85,4.1,0,2.75,12.5,0,1
"nowcast","PIRACICABA",1,"2024-03-13",2024-02-14,3.9,0,3.4,0.5,7,0,1
"nowcast","PIRACICABA",2,"2024-03-13",2024-02-21,6.05,0,5.4,0.65,11,0,1
"nowcast","PIRACICABA",3,"2024-03-13",2024-02-28,2.91,0,2,0.91,6,0,1
"nowcast","PIRACICABA",4,"2024-03-13",2024-03-06,2.66,0,0.8,1.86,4,1,1
"nowcast","PIRACICABA",1,"2024-03-18",2024-02-17,3.78,0,3.4,0.38,7,0,1
"nowcast","PIRACICABA",2,"2024-03-18",2024-02-24,8.46,0,7.8,0.66,13,0,0
"nowcast","PIRACICABA",3,"2024-03-18",2024-03-02,4.75,0,3.8,0.95,9,0,1
"nowcast","PIRACICABA",4,"2024-03-18",2024-03-09,2.78575,0,0.2,2.58575,1,1,1
"nowcast","PIRACICABA",1,"2024-03-20",2024-02-21,8.79,0,8.4,0.39,12,0,0
"nowcast","PIRACICABA",2,"2024-03-20",2024-02-28,3.32,0,2.8,0.52,6,0,1
"nowcast","PIRACICABA",3,"2024-03-20",2024-03-06,3.07,0,2.4,0.67,6,0,1
"nowcast","PIRACICABA",4,"2024-03-20",2024-03-13,3,0,1.4,1.6,7,1,1
"nowcast","PIRACICABA",1,"2024-03-27",2024-02-28,3.19,0,2.8,0.39,6,0,1
"nowcast","PIRACICABA",2,"2024-03-27",2024-03-06,3.32,0,2.8,0.52,6,0,1
"nowcast","PIRACICABA",3,"2024-03-27",2024-03-13,2.18,0,1.4,0.78,5,0,1
"nowcast","PIRACICABA",4,"2024-03-27",2024-03-20,9.31025,0,7.6,1.71025,18,0,1
"nowcast","PIRACICABA",1,"2024-04-10",2024-03-12,4.8,0,4.4,0.4,8,0,0
"nowcast","PIRACICABA",2,"2024-04-10",2024-03-19,4.86,0,4.2,0.66,9,0,1
"nowcast","PIRACICABA",3,"2024-04-10",2024-03-26,4.48,0,3.4,1.08,9,0,1
"nowcast","PIRACICABA",4,"2024-04-10",2024-04-02,8.72075,0,6,2.72075,18,0,1
"nowcast","PIRACICABA",1,"2024-04-17",2024-03-14,2.73,0,2.2,0.53,5,0,1
"nowcast","PIRACICABA",2,"2024-04-17",2024-03-21,6.8405,0,6.19,0.6505,11,0,0
"nowcast","PIRACICABA",3,"2024-04-17",2024-03-28,7.12,0,6.2,0.92,13,0,1
"nowcast","PIRACICABA",4,"2024-04-17",2024-04-04,5.95025,0,3.8,2.15025,13,0,1
"nowcast","PIRACICABA",1,"2024-04-23",2024-03-23,13.21,0,12.8,0.41,16,0,0
"nowcast","PIRACICABA",2,"2024-04-23",2024-03-30,10.34,0,9.8,0.54,15,0,0
"nowcast","PIRACICABA",3,"2024-04-23",2024-04-06,3.51025,0,2.6,0.91025,7,0,1
"nowcast","PIRACICABA",4,"2024-04-23",2024-04-13,4.46,0,2,2.46,10,1,1
"nowcast","PIRACICABA",1,"2024-05-06",2024-04-05,7.58,5.6,0,1.98,14,0,1
"nowcast","PIRACICABA",2,"2024-05-06",2024-04-12,12.2005,10.09,0,2.1105,18.5,0,0
"nowcast","PIRACICABA",3,"2024-05-06",2024-04-19,4.10025,0,1.8,2.30025,9,1,1
"nowcast","PIRACICABA",4,"2024-05-06",2024-04-26,4.81025,0,0.6,4.21025,3,1,1
"nowcast","PIRACICABA",1,"2024-05-15",2024-04-17,2.6,1.4,0,1.2,5,0,1
"nowcast","PIRACICABA",2,"2024-05-15",2024-04-24,5.1,3.8,0,1.3,9,0,1
"nowcast","PIRACICABA",3,"2024-05-15",2024-05-01,2.46025,0.6,0,1.86025,3,1,1
"nowcast","PIRACICABA",4,"2024-05-15",2024-05-08,4.65,1.4,0,3.25,7,1,1
"nowcast","PIRACICABA",1,"2024-05-23",2024-04-25,0.66,0,0,0.66,0,1,1
"nowcast","PIRACICABA",2,"2024-05-23",2024-05-02,0.80025,0,0,0.80025,0,1,1
"nowcast","PIRACICABA",3,"2024-05-23",2024-05-09,1.7,0,0.8,0.9,4,1,1
"nowcast","PIRACICABA",4,"2024-05-23",2024-05-16,4.16,0,2.6,1.56,9,0,1
"nowcast","PIRACICABA",1,"2024-05-29",2024-05-01,3.06,0,2.4,0.66,6,0,1
"nowcast","PIRACICABA",2,"2024-05-29",2024-05-08,1.98,0,1.2,0.78,4,0,1
"nowcast","PIRACICABA",3,"2024-05-29",2024-05-15,3.52,0,2.6,0.92,7,0,1
"nowcast","PIRACICABA",4,"2024-05-29",2024-05-22,2.7,0,1,1.7,5,1,1
"nowcast","PIRACICABA",1,"2024-06-05",2024-05-07,2.72,0,2.2,0.52,5,0,1
"nowcast","PIRACICABA",2,"2024-06-05",2024-05-14,3.46,0,2.8,0.66,6,0,1
"nowcast","PIRACICABA",3,"2024-06-05",2024-05-21,2.01,0,1.2,0.81,4,0,1
"nowcast","PIRACICABA",4,"2024-06-05",2024-05-28,9.34025,0,7.6,1.74025,18,0,1
"nowcast","PIRACICABA",1,"2024-06-12",2024-05-11,5.19,0,4.8,0.39,8,0,0
"nowcast","PIRACICABA",2,"2024-06-12",2024-05-18,0.63,0,0,0.63,0,1,1
"nowcast","PIRACICABA",3,"2024-06-12",2024-05-25,10.78,0,10,0.78,16,0,0
"nowcast","PIRACICABA",4,"2024-06-12",2024-06-01,12.03025,0,10.4,1.63025,22,0,1
"nowcast","PIRACICABA",1,"2024-06-19",2024-05-11,5.19,0,4.8,0.39,8,0,0
"nowcast","PIRACICABA",2,"2024-06-19",2024-05-18,0.63,0,0,0.63,0,1,1
"nowcast","PIRACICABA",3,"2024-06-19",2024-05-25,11.06025,0,10.39,0.67025,16,0,0
"nowcast","PIRACICABA",4,"2024-06-19",2024-06-01,12.01,0,10.4,1.61,22,0,1
"nowcast","PIRACICABA",1,"2024-06-26",2024-05-29,2.11025,0,1.6,0.51025,4,0,1
"nowcast","PIRACICABA",2,"2024-06-26",2024-06-05,1.84,0,1.2,0.64,4,0,1
"nowcast","PIRACICABA",3,"2024-06-26",2024-06-12,7.71,0,6.8,0.91,14,0,1
"nowcast","PIRACICABA",4,"2024-06-26",2024-06-19,3.3205,0,1.4,1.9205,7,1,1
"nowcast","PIRACICABA",1,"2024-07-04",2024-06-01,0.72,0.2,0,0.52,1,1,1
"nowcast","PIRACICABA",2,"2024-07-04",2024-06-08,4.27,0,3.6,0.67,8,0,1
"nowcast","PIRACICABA",3,"2024-07-04",2024-06-15,11.76,0,10.6,1.16,19,0,0
"nowcast","PIRACICABA",4,"2024-07-04",2024-06-22,2.79025,0.4,0,2.39025,2,1,1
"nowcast","PIRACICABA",1,"2024-07-17",2024-06-08,1,0,0.2,0.8,1,1,1
"nowcast","PIRACICABA",2,"2024-07-17",2024-06-15,3.65,0,2.6,1.05,7,0,1
"nowcast","PIRACICABA",3,"2024-07-17",2024-06-22,3.33025,1.8,0,1.53025,7,0,1
"nowcast","PIRACICABA",4,"2024-07-17",2024-06-29,2.86025,0.2,0,2.66025,1,1,1
"nowcast","PIRACICABA",1,"2024-08-07",2024-11-10,6.46,0,5.8,0.66,11,0,1
"nowcast","PIRACICABA",2,"2024-08-07",2024-11-17,11.9105,0,11.2,0.7105,20,0,1
"nowcast","PIRACICABA",3,"2024-08-07",2024-11-24,5.3615,0,4.2,1.1615,9,0,1
"nowcast","PIRACICABA",4,"2024-08-07",2024-12-01,9.8205,0,8.6,1.2205,17,0,1
"nowcast","PIRACICABA",1,"2024-08-28",2024-11-11,7.3715,0,3.2,4.1715,10,0,1
"nowcast","PIRACICABA",2,"2024-08-28",2024-11-18,12.172,0,6.6,5.57199999999999,15,0,1
"nowcast","PIRACICABA",3,"2024-08-28",2024-11-25,5.21249999999999,0,1.2,4.01249999999999,6,1,1
"nowcast","PIRACICABA",4,"2024-08-28",2024-12-02,9.6825,0,3.8,5.8825,13,0,1
"nowcast","PIRACICABA",1,"2024-09-03",2024-11-11,12.38,0,2.4,9.97999999999998,10,0,1
"nowcast","PIRACICABA",2,"2024-09-03",2024-11-18,15.66475,0,5.8,9.86474999999999,15,0,1
"nowcast","PIRACICABA",3,"2024-09-03",2024-11-25,10.8875,0,1,9.88749999999997,5,1,1
"nowcast","PIRACICABA",4,"2024-09-03",2024-12-02,15.63275,0,2.6,13.03275,13,1,1
"nowcast","PIRACICABA",1,"2024-09-11",2024-11-11,10.132,0,3.6,6.532,10,0,1
"nowcast","PIRACICABA",2,"2024-09-11",2024-11-18,15.08275,0,6.8,8.28274999999999,16,0,1
"nowcast","PIRACICABA",3,"2024-09-11",2024-11-25,12.2105,0,1.4,10.8105,7,1,1
"nowcast","PIRACICABA",4,"2024-09-11",2024-12-02,14.7795,0,4.4,10.3795,14,0,1
"nowcast","PIRACICABA",1,"2024-09-25",2024-11-12,8.61,0,8.2,0.41,13,0,0
"nowcast","PIRACICABA",2,"2024-09-25",2024-11-19,10.05,0,9.6,0.45,16,0,0
"nowcast","PIRACICABA",3,"2024-09-25",2024-11-26,7.2505,0,6.6,0.6505,13,0,1
"nowcast","PIRACICABA",4,"2024-09-25",2024-12-03,7.5515,0,5.4,2.1515,13,0,1
"nowcast","PIRACICABA",1,"2024-10-02",2024-09-04,8.59,0,8.2,0.39,11,0,0
"nowcast","PIRACICABA",2,"2024-10-02",2024-09-11,3.3,0,2.8,0.5,6,0,1
"nowcast","PIRACICABA",3,"2024-10-02",2024-09-18,9.45,0,8.8,0.65,14,0,0
"nowcast","PIRACICABA",4,"2024-10-02",2024-09-25,9.67,0,8.6,1.07,17,0,1
"nowcast","PIRACICABA",1,"2024-10-09",2024-09-12,7.15,0,7,0.15,9,0,0
"nowcast","PIRACICABA",2,"2024-10-09",2024-09-19,11.57,0,11.2,0.37,14,0,0
"nowcast","PIRACICABA",3,"2024-10-09",2024-09-26,9.81,0,9.4,0.41,13,0,0
"nowcast","PIRACICABA",4,"2024-10-09",2024-10-03,2.30025,0,1.4,0.90025,5,0,1
"nowcast","PRESIDENTE PRUDENTE",1,"2023-05-31",2023-05-03,1.69,0,1.4,0.29,3,0,1
"nowcast","PRESIDENTE PRUDENTE",2,"2023-05-31",2023-05-10,6.58,5.4,0,1.18,11,0,0
"nowcast","PRESIDENTE PRUDENTE",3,"2023-05-31",2023-05-17,13.62025,9.8,0,3.82025,25,0,1
"nowcast","PRESIDENTE PRUDENTE",4,"2023-05-31",2023-05-24,35.23025,23.3,0,11.93025,60.5,0,1
"nowcast","PRESIDENTE PRUDENTE",1,"2023-06-06",2023-05-02,0.9,0.2,0,0.7,1,1,1
"nowcast","PRESIDENTE PRUDENTE",2,"2023-06-06",2023-05-09,7.09,4.4,0,2.69,12,0,1
"nowcast","PRESIDENTE PRUDENTE",3,"2023-06-06",2023-05-16,13.13075,4.8,0,8.33075,22,0,1
"nowcast","PRESIDENTE PRUDENTE",4,"2023-06-06",2023-05-23,39.3255,14.8,0,24.5255,50,0,1
"nowcast","PRESIDENTE PRUDENTE",1,"2023-06-14",2023-05-10,7.49,6.8,0,0.69,10,0,0
"nowcast","PRESIDENTE PRUDENTE",2,"2023-06-14",2023-05-17,3.98,2.6,0,1.38,7,0,1
"nowcast","PRESIDENTE PRUDENTE",3,"2023-06-14",2023-05-24,3.38025,1,0,2.38025,5,1,1
"nowcast","PRESIDENTE PRUDENTE",4,"2023-06-14",2023-05-31,9.0905,4.8,0,4.2905,16,0,1
"nowcast","PRESIDENTE PRUDENTE",1,"2023-06-20",2023-05-09,9.27,8,0,1.27,12,0,0
"nowcast","PRESIDENTE PRUDENTE",2,"2023-06-20",2023-05-16,6.90025,4,0,2.90025,12,0,1
"nowcast","PRESIDENTE PRUDENTE",3,"2023-06-20",2023-05-23,11.39025,5.4,0,5.99025,19,0,1
"nowcast","PRESIDENTE PRUDENTE",4,"2023-06-20",2023-05-30,22.169,11.4,0,10.769,35,0,1
"nowcast","PRESIDENTE PRUDENTE",1,"2023-07-03",2023-05-25,3.62,2.8,0,0.82,6,0,1
"nowcast","PRESIDENTE PRUDENTE",2,"2023-07-03",2023-06-01,6.97,6,0,0.97,10,0,0
"nowcast","PRESIDENTE PRUDENTE",3,"2023-07-03",2023-06-08,1.66,0.2,0,1.46,1,1,1
"nowcast","PRESIDENTE PRUDENTE",4,"2023-07-03",2023-06-15,3.03,1,0,2.03,5,1,1
"nowcast","PRESIDENTE PRUDENTE",1,"2023-07-06",2023-06-08,3.17,0,2.8,0.37,6,0,1
"nowcast","PRESIDENTE PRUDENTE",2,"2023-07-06",2023-06-15,1.2,0.8,0,0.4,2,0,1
"nowcast","PRESIDENTE PRUDENTE",3,"2023-07-06",2023-06-22,2.15025,1.2,0,0.95025,4,0,1
"nowcast","PRESIDENTE PRUDENTE",4,"2023-07-06",2023-06-29,4.47025,2.2,0,2.27025,7,0,1
"nowcast","PRESIDENTE PRUDENTE",1,"2023-07-19",2023-06-14,0.45,0,0.2,0.25,1,1,1
"nowcast","PRESIDENTE PRUDENTE",2,"2023-07-19",2023-06-21,0.39,0,0,0.39,0,1,1
"nowcast","PRESIDENTE PRUDENTE",3,"2023-07-19",2023-06-28,2.53,1.7,0,0.83,4.5,0,1
"nowcast","PRESIDENTE PRUDENTE",4,"2023-07-19",2023-07-05,3.00075,0,0.8,2.20075,4,1,1
"nowcast","PRESIDENTE PRUDENTE",1,"2023-07-25",2023-06-13,0.45,0,0.2,0.25,1,1,1
"nowcast","PRESIDENTE PRUDENTE",2,"2023-07-25",2023-06-20,0.79,0.4,0,0.39,2,1,1
"nowcast","PRESIDENTE PRUDENTE",3,"2023-07-25",2023-06-27,1.13,0.4,0,0.73,2,1,1
"nowcast","PRESIDENTE PRUDENTE",4,"2023-07-25",2023-07-04,3.15025,0,1.4,1.75025,7,1,1
"nowcast","PRESIDENTE PRUDENTE",1,"2023-08-02",2023-06-27,6.45,6.2,0,0.25,7,0,0
"nowcast","PRESIDENTE PRUDENTE",2,"2023-08-02",2023-07-04,2.315,0,1.9,0.415,4,0,1
"nowcast","PRESIDENTE PRUDENTE",3,"2023-08-02",2023-07-11,1.11025,0.4,0,0.71025,2,1,1
"nowcast","PRESIDENTE PRUDENTE",4,"2023-08-02",2023-07-18,1.46525,0.4,0,1.06525,2,1,1
"nowcast","PRESIDENTE PRUDENTE",1,"2023-08-08",2023-07-04,3.86,0,3.6,0.26,6,0,0
"nowcast","PRESIDENTE PRUDENTE",2,"2023-08-08",2023-07-11,0.8,0.4,0,0.4,2,1,1
"nowcast","PRESIDENTE PRUDENTE",3,"2023-08-08",2023-07-18,5.02025,4,0,1.02025,8,0,0
"nowcast","PRESIDENTE PRUDENTE",4,"2023-08-08",2023-07-25,2.341,0,0.4,1.941,2,1,1
"nowcast","PRESIDENTE PRUDENTE",1,"2023-08-16",2023-07-12,0.28,0,0,0.28,0,1,1
"nowcast","PRESIDENTE PRUDENTE",2,"2023-08-16",2023-07-19,2.81,2.4,0,0.41,4,0,0
"nowcast","PRESIDENTE PRUDENTE",3,"2023-08-16",2023-07-26,3.72025,0,3,0.72025,7,0,1
"nowcast","PRESIDENTE PRUDENTE",4,"2023-08-16",2023-08-02,1.1,0,0.2,0.9,1,1,1
"nowcast","PRESIDENTE PRUDENTE",1,"2023-08-23",2023-07-19,4.09,3.8,0,0.29,5,0,0
"nowcast","PRESIDENTE PRUDENTE",2,"2023-08-23",2023-07-26,3.23,0,2.8,0.43,6,0,1
"nowcast","PRESIDENTE PRUDENTE",3,"2023-08-23",2023-08-02,1.99025,1,0,0.99025,3,0,1
"nowcast","PRESIDENTE PRUDENTE",4,"2023-08-23",2023-08-09,1.7305,0,0.4,1.3305,2,1,1
"nowcast","PRESIDENTE PRUDENTE",1,"2023-08-30",2023-07-21,1.09,0.8,0,0.29,2,0,1
"nowcast","PRESIDENTE PRUDENTE",2,"2023-08-30",2023-07-28,0.70025,0,0.2,0.50025,1,1,1
"nowcast","PRESIDENTE PRUDENTE",3,"2023-08-30",2023-08-04,4.46,3.4,0,1.06,7,0,0
"nowcast","PRESIDENTE PRUDENTE",4,"2023-08-30",2023-08-11,3.08025,1.2,0,1.88025,6,1,1
"nowcast","PRESIDENTE PRUDENTE",1,"2023-09-06",2023-08-01,2.58,2.2,0,0.38,3,0,0
"nowcast","PRESIDENTE PRUDENTE",2,"2023-09-06",2023-08-08,1.71,0,1.4,0.31,3,0,1
"nowcast","PRESIDENTE PRUDENTE",3,"2023-09-06",2023-08-15,3.11,0,2.4,0.71,6,0,1
"nowcast","PRESIDENTE PRUDENTE",4,"2023-09-06",2023-08-22,1.3,0,0.4,0.9,2,1,1
"nowcast","PRESIDENTE PRUDENTE",1,"2023-09-19",2023-08-09,0.26025,0,0,0.26025,0,1,1
"nowcast","PRESIDENTE PRUDENTE",2,"2023-09-19",2023-08-16,2.60025,0,2.2,0.40025,5,0,1
"nowcast","PRESIDENTE PRUDENTE",3,"2023-09-19",2023-08-23,1.42,0.6,0,0.82,3,1,1
"nowcast","PRESIDENTE PRUDENTE",4,"2023-09-19",2023-08-30,2.1505,0,1,1.1505,5,1,1
"nowcast","PRESIDENTE PRUDENTE",1,"2023-09-27",2023-08-22,2.56025,2.2,0,0.36025,3,0,0
"nowcast","PRESIDENTE PRUDENTE",2,"2023-09-27",2023-08-29,3.24025,0,2.8,0.44025,6,0,1
"nowcast","PRESIDENTE PRUDENTE",3,"2023-09-27",2023-09-05,1.65,0,1,0.65,3,0,1
"nowcast","PRESIDENTE PRUDENTE",4,"2023-09-27",2023-09-12,1.68025,0,0.8,0.88025,4,1,1
"nowcast","PRESIDENTE PRUDENTE",1,"2023-10-06",2023-09-01,4.75,0,4.6,0.15,7,0,0
"nowcast","PRESIDENTE PRUDENTE",2,"2023-10-06",2023-09-08,0.45025,0,0.2,0.25025,1,1,1
"nowcast","PRESIDENTE PRUDENTE",3,"2023-10-06",2023-09-15,2.11,0,1.6,0.51,4,0,1
"nowcast","PRESIDENTE PRUDENTE",4,"2023-10-06",2023-09-22,1.63,0,0.8,0.83,4,1,1
"nowcast","PRESIDENTE PRUDENTE",1,"2023-10-11",2023-09-05,0.51,0,0,0.51,0,1,1
"nowcast","PRESIDENTE PRUDENTE",2,"2023-10-11",2023-09-12,0.77025,0.2,0,0.57025,1,1,1
"nowcast","PRESIDENTE PRUDENTE",3,"2023-10-11",2023-09-19,0.792999999999997,0,0,0.792999999999997,0,1,1
"nowcast","PRESIDENTE PRUDENTE",4,"2023-10-11",2023-09-26,1.5105,0,0,1.5105,0,1,1
"nowcast","PRESIDENTE PRUDENTE",1,"2023-10-18",2023-09-20,0.38,0,0,0.38,0,1,1
"nowcast","PRESIDENTE PRUDENTE",2,"2023-10-18",2023-09-27,0.4205,0,0,0.4205,0,1,1
"nowcast","PRESIDENTE PRUDENTE",3,"2023-10-18",2023-10-04,7.46025,6.6,0,0.86025,11,0,0
"nowcast","PRESIDENTE PRUDENTE",4,"2023-10-18",2023-10-11,1.93025,0,0.2,1.73025,1,1,1
"nowcast","PRESIDENTE PRUDENTE",1,"2023-10-20",2023-09-22,0.26,0,0,0.26,0,1,1
"nowcast","PRESIDENTE PRUDENTE",2,"2023-10-20",2023-09-29,1.2,0.8,0,0.4,2,0,1
"nowcast","PRESIDENTE PRUDENTE",3,"2023-10-20",2023-10-06,3.48,2.8,0,0.68,6,0,1
"nowcast","PRESIDENTE PRUDENTE",4,"2023-10-20",2023-10-13,1.4405,0.2,0,1.2405,1,1,1
"nowcast","PRESIDENTE PRUDENTE",1,"2023-10-25",2023-09-20,0.28,0,0,0.28,0,1,1
"nowcast","PRESIDENTE PRUDENTE",2,"2023-10-25",2023-09-27,0.62,0,0.2,0.42,1,1,1
"nowcast","PRESIDENTE PRUDENTE",3,"2023-10-25",2023-10-04,6.94,6,0,0.94,10,0,0
"nowcast","PRESIDENTE PRUDENTE",4,"2023-10-25",2023-10-11,2.25,0,0.4,1.85,2,1,1
"nowcast","PRESIDENTE PRUDENTE",1,"2023-11-01",2023-09-30,1.06,0.8,0,0.26,2,0,1
"nowcast","PRESIDENTE PRUDENTE",2,"2023-11-01",2023-10-07,4.8,4.4,0,0.4,6,0,0
"nowcast","PRESIDENTE PRUDENTE",3,"2023-11-01",2023-10-14,1.06025,0.4,0,0.66025,2,1,1
"nowcast","PRESIDENTE PRUDENTE",4,"2023-11-01",2023-10-21,2.02025,0.8,0,1.22025,4,1,1
"nowcast","PRESIDENTE PRUDENTE",1,"2023-11-08",2023-10-04,10.19,9.8,0,0.39,11,0,0
"nowcast","PRESIDENTE PRUDENTE",2,"2023-11-08",2023-10-11,2.64,0,2.2,0.44,5,0,1
"nowcast","PRESIDENTE PRUDENTE",3,"2023-11-08",2023-10-18,1.24,0,0.4,0.84,2,1,1
"nowcast","PRESIDENTE PRUDENTE",4,"2023-11-08",2023-10-25,1.98,0.4,0,1.58,2,1,1
"nowcast","PRESIDENTE PRUDENTE",1,"2023-11-13",2023-10-14,1.05,0,0.8,0.25,2,0,1
"nowcast","PRESIDENTE PRUDENTE",2,"2023-11-13",2023-10-21,3.87,0,3.6,0.27,6,0,0
"nowcast","PRESIDENTE PRUDENTE",3,"2023-11-13",2023-10-28,0.61,0,0.2,0.41,1,1,1
"nowcast","PRESIDENTE PRUDENTE",4,"2023-11-13",2023-11-04,1.87025,0,1.2,0.67025,4,0,1
"nowcast","PRESIDENTE PRUDENTE",1,"2023-11-29",2023-10-25,2.2305,0,2,0.2305,4,0,1
"nowcast","PRESIDENTE PRUDENTE",2,"2023-11-29",2023-11-01,0.5405,0.2,0,0.3405,1,1,1
"nowcast","PRESIDENTE PRUDENTE",3,"2023-11-29",2023-11-08,3.945,0,3.3,0.645,7,0,1
"nowcast","PRESIDENTE PRUDENTE",4,"2023-11-29",2023-11-15,1.47025,0,0.4,1.07025,2,1,1
"nowcast","PRESIDENTE PRUDENTE",1,"2023-12-06",2023-10-31,1.45,1.2,0,0.25,2,0,0
"nowcast","PRESIDENTE PRUDENTE",2,"2023-12-06",2023-11-07,2.71,0,2.2,0.51,5,0,1
"nowcast","PRESIDENTE PRUDENTE",3,"2023-12-06",2023-11-14,1.22,0,0.4,0.82,2,1,1
"nowcast","PRESIDENTE PRUDENTE",4,"2023-12-06",2023-11-21,1.91,0,0.6,1.31,3,1,1
"nowcast","PRESIDENTE PRUDENTE",1,"2023-12-13",2023-11-08,5.25,0,5,0.25,7,0,0
"nowcast","PRESIDENTE PRUDENTE",2,"2023-12-13",2023-11-15,2.08,1.8,0,0.28,3,0,0
"nowcast","PRESIDENTE PRUDENTE",3,"2023-12-13",2023-11-22,0.75,0,0.2,0.55,1,1,1
"nowcast","PRESIDENTE PRUDENTE",4,"2023-12-13",2023-11-29,1.31,0.2,0,1.11,1,1,1
"nowcast","PRESIDENTE PRUDENTE",1,"2023-12-20",2023-11-11,0.86025,0.6,0,0.26025,1,0,1
"nowcast","PRESIDENTE PRUDENTE",2,"2023-12-20",2023-11-18,0.8,0,0.4,0.4,2,1,1
"nowcast","PRESIDENTE PRUDENTE",3,"2023-12-20",2023-11-25,1.57,0,1,0.57,3,0,1
"nowcast","PRESIDENTE PRUDENTE",4,"2023-12-20",2023-12-02,3.98,3,0,0.98,7,0,1
"nowcast","PRESIDENTE PRUDENTE",1,"2023-12-27",2023-11-11,0.57,0.2,0,0.37,1,1,1
"nowcast","PRESIDENTE PRUDENTE",2,"2023-12-27",2023-11-18,0.59,0,0.2,0.39,1,1,1
"nowcast","PRESIDENTE PRUDENTE",3,"2023-12-27",2023-11-25,1.56,0,1,0.56,3,0,1
"nowcast","PRESIDENTE PRUDENTE",4,"2023-12-27",2023-12-02,3.9905,3,0,0.9905,7,0,1
"nowcast","PRESIDENTE PRUDENTE",1,"2024-01-03",2023-11-08,5.25,0,5,0.25,7,0,0
"nowcast","PRESIDENTE PRUDENTE",2,"2024-01-03",2023-11-15,2.17,1.8,0,0.37,3,0,0
"nowcast","PRESIDENTE PRUDENTE",3,"2024-01-03",2023-11-22,0.85,0,0.2,0.65,1,1,1
"nowcast","PRESIDENTE PRUDENTE",4,"2024-01-03",2023-11-29,1.34525,0.2,0,1.14525,1,1,1
"nowcast","PRESIDENTE PRUDENTE",1,"2024-01-17",2023-12-13,1.46,1.2,0,0.26,2,0,0
"nowcast","PRESIDENTE PRUDENTE",2,"2024-01-17",2023-12-20,1.39,0,1,0.39,3,0,1
"nowcast","PRESIDENTE PRUDENTE",3,"2024-01-17",2023-12-27,0.61,0,0.2,0.41,1,1,1
"nowcast","PRESIDENTE PRUDENTE",4,"2024-01-17",2024-01-03,0.79,0,0.2,0.59,1,1,1
"nowcast","PRESIDENTE PRUDENTE",1,"2024-01-31",2023-12-27,0.47,0,0.2,0.27,1,1,1
"nowcast","PRESIDENTE PRUDENTE",2,"2024-01-31",2024-01-03,0.28,0,0,0.28,0,1,1
"nowcast","PRESIDENTE PRUDENTE",3,"2024-01-31",2024-01-10,2.59,0,2.2,0.39,5,0,1
"nowcast","PRESIDENTE PRUDENTE",4,"2024-01-31",2024-01-17,0.63,0,0.2,0.43,1,1,1
"nowcast","PRESIDENTE PRUDENTE",1,"2024-02-07",2023-12-27,0.47,0,0.2,0.27,1,1,1
"nowcast","PRESIDENTE PRUDENTE",2,"2024-02-07",2024-01-03,0.29,0,0,0.29,0,1,1
"nowcast","PRESIDENTE PRUDENTE",3,"2024-02-07",2024-01-10,2.6,0,2.2,0.4,5,0,1
"nowcast","PRESIDENTE PRUDENTE",4,"2024-02-07",2024-01-17,0.65,0,0.2,0.45,1,1,1
"nowcast","PRESIDENTE PRUDENTE",1,"2024-02-14",2024-01-13,0.46,0.2,0,0.26,1,1,1
"nowcast","PRESIDENTE PRUDENTE",2,"2024-02-14",2024-01-20,0.48,0.2,0,0.28,1,1,1
"nowcast","PRESIDENTE PRUDENTE",3,"2024-02-14",2024-01-27,0.63,0,0.2,0.43,1,1,1
"nowcast","PRESIDENTE PRUDENTE",4,"2024-02-14",2024-02-03,1.03025,0,0.2,0.83025,1,1,1
"nowcast","PRESIDENTE PRUDENTE",1,"2024-02-28",2024-01-31,2.33025,1.4,0,0.93025,3,0,0
"nowcast","PRESIDENTE PRUDENTE",2,"2024-02-28",2024-02-07,3.65025,1.8,0,1.85025,5,0,1
"nowcast","PRESIDENTE PRUDENTE",3,"2024-02-28",2024-02-14,5.80325,1.2,0,4.60325,6,1,1
"nowcast","PRESIDENTE PRUDENTE",4,"2024-02-28",2024-02-21,27.57775,13,0,14.57775,39,0,1
"nowcast","PRESIDENTE PRUDENTE",1,"2024-03-06",2024-01-31,3.9945,1.8,0,2.1945,3,0,0
"nowcast","PRESIDENTE PRUDENTE",2,"2024-03-06",2024-02-07,5.51025,1.8,0,3.71025,5,0,1
"nowcast","PRESIDENTE PRUDENTE",3,"2024-03-06",2024-02-14,9.88225,1.8,0,8.08225,9,1,1
"nowcast","PRESIDENTE PRUDENTE",4,"2024-03-06",2024-02-21,33.42075,12.8,0,20.62075,36,0,1
"nowcast","PRESIDENTE PRUDENTE",1,"2024-03-13",2024-02-07,6.50375,2.8,0,3.70375,4,0,0
"nowcast","PRESIDENTE PRUDENTE",2,"2024-03-13",2024-02-14,10.0775,0,1.4,8.67749999999999,5,0,1
"nowcast","PRESIDENTE PRUDENTE",3,"2024-03-13",2024-02-21,11.63525,2.2,0,9.43524999999996,7,0,1
"nowcast","PRESIDENTE PRUDENTE",4,"2024-03-13",2024-02-28,14.503,2,0,12.503,10,1,1
"nowcast","PRESIDENTE PRUDENTE",1,"2024-03-18",2024-02-17,8.85,6.2,0,2.65,15,0,1
"nowcast","PRESIDENTE PRUDENTE",2,"2024-03-18",2024-02-24,19.61025,17,0,2.61025,27,0,0
"nowcast","PRESIDENTE PRUDENTE",3,"2024-03-18",2024-03-02,8.69,6.2,0,2.49,15,0,1
"nowcast","PRESIDENTE PRUDENTE",4,"2024-03-18",2024-03-09,9.65025,6.2,0,3.45025,17,0,1
"nowcast","PRESIDENTE PRUDENTE",1,"2024-03-20",2024-02-14,8.63024999999998,0,1.8,6.83024999999998,5,0,1
"nowcast","PRESIDENTE PRUDENTE",2,"2024-03-20",2024-02-21,13.1965,3.8,0,9.39649999999999,7,0,0
"nowcast","PRESIDENTE PRUDENTE",3,"2024-03-20",2024-02-28,8.87025,0,0.2,8.67025,1,1,1
"nowcast","PRESIDENTE PRUDENTE",4,"2024-03-20",2024-03-06,15.74575,4,0,11.74575,14,0,1
"nowcast","PRESIDENTE PRUDENTE",1,"2024-03-27",2024-02-20,9.43025,7.2,0,2.23025,14,0,0
"nowcast","PRESIDENTE PRUDENTE",2,"2024-03-27",2024-02-27,1.9755,0,0,1.9755,0,1,1
"nowcast","PRESIDENTE PRUDENTE",3,"2024-03-27",2024-03-05,4.0805,1.8,0,2.2805,7,0,1
"nowcast","PRESIDENTE PRUDENTE",4,"2024-03-27",2024-03-12,3.7805,0.6,0,3.1805,3,1,1
"nowcast","PRESIDENTE PRUDENTE",1,"2024-04-10",2024-03-02,0.73,0,0.2,0.53,1,1,1
"nowcast","PRESIDENTE PRUDENTE",2,"2024-04-10",2024-03-09,0.93,0.4,0,0.53,2,1,1
"nowcast","PRESIDENTE PRUDENTE",3,"2024-04-10",2024-03-16,1.41,0,1,0.41,3,0,1
"nowcast","PRESIDENTE PRUDENTE",4,"2024-04-10",2024-03-23,2.74025,0,2.2,0.54025,5,0,1
"nowcast","PRESIDENTE PRUDENTE",1,"2024-04-17",2024-03-07,1.82,1.4,0,0.42,3,0,1
"nowcast","PRESIDENTE PRUDENTE",2,"2024-04-17",2024-03-14,2,0,1.6,0.4,4,0,1
"nowcast","PRESIDENTE PRUDENTE",3,"2024-04-17",2024-03-21,0.645,0.2,0,0.445,1,1,1
"nowcast","PRESIDENTE PRUDENTE",4,"2024-04-17",2024-03-28,2.51025,0,1.8,0.71025,5,0,1
"nowcast","PRESIDENTE PRUDENTE",1,"2024-04-23",2024-03-23,0.25,0,0,0.25,0,1,1
"nowcast","PRESIDENTE PRUDENTE",2,"2024-04-23",2024-03-30,0.44,0,0.2,0.24,1,1,1
"nowcast","PRESIDENTE PRUDENTE",3,"2024-04-23",2024-04-06,0.46,0,0.2,0.26,1,1,1
"nowcast","PRESIDENTE PRUDENTE",4,"2024-04-23",2024-04-13,2.63,0,2.2,0.43,5,0,1
"nowcast","PRESIDENTE PRUDENTE",1,"2024-05-06",2024-04-03,1.04,0,0.8,0.24,2,0,1
"nowcast","PRESIDENTE PRUDENTE",2,"2024-05-06",2024-04-10,1.07,0.8,0,0.27,2,0,1
"nowcast","PRESIDENTE PRUDENTE",3,"2024-05-06",2024-04-17,1.18,0,0.6,0.58,3,1,1
"nowcast","PRESIDENTE PRUDENTE",4,"2024-05-06",2024-04-24,2.11,0,0.6,1.51,3,1,1
"nowcast","PRESIDENTE PRUDENTE",1,"2024-05-15",2024-04-10,0.44,0.2,0,0.24,1,1,1
"nowcast","PRESIDENTE PRUDENTE",2,"2024-05-15",2024-04-17,0.59,0,0.2,0.39,1,1,1
"nowcast","PRESIDENTE PRUDENTE",3,"2024-05-15",2024-04-24,3.45,2.4,0,1.05,6,0,1
"nowcast","PRESIDENTE PRUDENTE",4,"2024-05-15",2024-05-01,7.21,4.4,0,2.81,12,0,1
"nowcast","PRESIDENTE PRUDENTE",1,"2024-05-23",2024-04-25,0.49,0.2,0,0.29,1,1,1
"nowcast","PRESIDENTE PRUDENTE",2,"2024-05-23",2024-05-02,1.53025,1,0,0.53025,3,0,1
"nowcast","PRESIDENTE PRUDENTE",3,"2024-05-23",2024-05-09,1.15,0,0.2,0.95,1,1,1
"nowcast","PRESIDENTE PRUDENTE",4,"2024-05-23",2024-05-16,2.6305,1,0,1.6305,5,1,1
"nowcast","PRESIDENTE PRUDENTE",1,"2024-05-29",2024-04-23,1.07,0.8,0,0.27,2,0,1
"nowcast","PRESIDENTE PRUDENTE",2,"2024-05-29",2024-04-30,2.4,2,0,0.4,4,0,0
"nowcast","PRESIDENTE PRUDENTE",3,"2024-05-29",2024-05-07,1.41,0,0.6,0.81,3,1,1
"nowcast","PRESIDENTE PRUDENTE",4,"2024-05-29",2024-05-14,1.82,0.6,0,1.22,3,1,1
"nowcast","PRESIDENTE PRUDENTE",1,"2024-06-05",2024-04-30,3.4,3,0,0.4,5,0,0
"nowcast","PRESIDENTE PRUDENTE",2,"2024-06-05",2024-05-07,0.95,0,0.4,0.55,2,1,1
"nowcast","PRESIDENTE PRUDENTE",3,"2024-06-05",2024-05-14,3.67,2.6,0,1.07,7,0,1
"nowcast","PRESIDENTE PRUDENTE",4,"2024-06-05",2024-05-21,5.04,3.4,0,1.64,9,0,1
"nowcast","PRESIDENTE PRUDENTE",1,"2024-06-12",2024-05-02,2.09,1.8,0,0.29,3,0,0
"nowcast","PRESIDENTE PRUDENTE",2,"2024-06-12",2024-05-09,0.92,0,0.4,0.52,2,1,1
"nowcast","PRESIDENTE PRUDENTE",3,"2024-06-12",2024-05-16,1.43,0.6,0,0.83,3,1,1
"nowcast","PRESIDENTE PRUDENTE",4,"2024-06-12",2024-05-23,2.34025,0.8,0,1.54025,4,1,1
"nowcast","PRESIDENTE PRUDENTE",1,"2024-06-19",2024-05-02,2.08,1.8,0,0.28,3,0,0
"nowcast","PRESIDENTE PRUDENTE",2,"2024-06-19",2024-05-09,0.93,0,0.4,0.53,2,1,1
"nowcast","PRESIDENTE PRUDENTE",3,"2024-06-19",2024-05-16,1.45,0.6,0,0.85,3,1,1
"nowcast","PRESIDENTE PRUDENTE",4,"2024-06-19",2024-05-23,2.59,1.2,0,1.39,4,0,1
"nowcast","PRESIDENTE PRUDENTE",1,"2024-06-26",2024-05-29,1.34,0,1.2,0.14,2,0,1
"nowcast","PRESIDENTE PRUDENTE",2,"2024-06-26",2024-06-05,1.45,1.2,0,0.25,2,0,0
"nowcast","PRESIDENTE PRUDENTE",3,"2024-06-26",2024-06-12,0.61,0,0.2,0.41,1,1,1
"nowcast","PRESIDENTE PRUDENTE",4,"2024-06-26",2024-06-19,2.54025,0,1.8,0.74025,5,0,1
"nowcast","PRESIDENTE PRUDENTE",1,"2024-07-04",2024-06-01,0.34,0,0.2,0.14,1,1,1
"nowcast","PRESIDENTE PRUDENTE",2,"2024-07-04",2024-06-08,0.45,0.2,0,0.25,1,1,1
"nowcast","PRESIDENTE PRUDENTE",3,"2024-07-04",2024-06-15,0.27025,0,0,0.27025,0,1,1
"nowcast","PRESIDENTE PRUDENTE",4,"2024-07-04",2024-06-22,1.27,0,0.6,0.67,3,1,1
"nowcast","PRESIDENTE PRUDENTE",1,"2024-07-17",2024-06-08,1.02,1,0,0.02,1,0,0
"nowcast","PRESIDENTE PRUDENTE",2,"2024-07-17",2024-06-15,0.13,0,0,0.13,0,1,1
"nowcast","PRESIDENTE PRUDENTE",3,"2024-07-17",2024-06-22,1.07,0,0.8,0.27,2,0,1
"nowcast","PRESIDENTE PRUDENTE",4,"2024-07-17",2024-06-29,0.65025,0,0,0.65025,0,1,1
"nowcast","PRESIDENTE PRUDENTE",1,"2024-08-07",2024-09-08,7,0,7,0,7,0,0
"nowcast","PRESIDENTE PRUDENTE",2,"2024-08-07",2024-09-15,7,0,7,0,7,0,0
"nowcast","PRESIDENTE PRUDENTE",3,"2024-08-07",2024-09-22,11,0,11,0,11,0,0
"nowcast","PRESIDENTE PRUDENTE",4,"2024-08-07",2024-09-29,20.25075,7.4,0,12.85075,23,0,1
"nowcast","PRESIDENTE PRUDENTE",1,"2024-08-28",2024-09-09,2188920087514.82,0,1,2188920087513.82,5,1,1
"nowcast","PRESIDENTE PRUDENTE",2,"2024-08-28",2024-09-16,10506940004777.6,0,1.4,10506940004776.2,7,1,1
"nowcast","PRESIDENTE PRUDENTE",3,"2024-08-28",2024-09-23,410474859370605,0,2,410474859370603,10,1,1
"nowcast","PRESIDENTE PRUDENTE",4,"2024-08-28",2024-09-30,67059899188184208,62.3,0,67059899188184144,311.5,1,1
"nowcast","PRESIDENTE PRUDENTE",1,"2024-09-03",2024-09-09,970725497.374749,0,1,970725496.374749,5,1,1
"nowcast","PRESIDENTE PRUDENTE",2,"2024-09-03",2024-09-16,33072178709.0689,0,1.4,33072178707.6689,7,1,1
"nowcast","PRESIDENTE PRUDENTE",3,"2024-09-03",2024-09-23,13760334015395.4,0,2.4,13760334015393,12,1,1
"nowcast","PRESIDENTE PRUDENTE",4,"2024-09-03",2024-09-30,5933861891281318,1.3,0,5933861891281317,6.5,1,1
"nowcast","PRESIDENTE PRUDENTE",1,"2024-09-11",2024-09-09,63373527149.3003,0,1,63373527148.3003,5,1,1
"nowcast","PRESIDENTE PRUDENTE",2,"2024-09-11",2024-09-16,511077653184.375,0,1.4,511077653182.975,7,1,1
"nowcast","PRESIDENTE PRUDENTE",3,"2024-09-11",2024-09-23,4442816446875.53,0,1.8,4442816446873.73,9,1,1
"nowcast","PRESIDENTE PRUDENTE",4,"2024-09-11",2024-09-30,88935349879597.9,18.1,0,88935349879579.8,90.5,1,1
"nowcast","PRESIDENTE PRUDENTE",1,"2024-09-25",2024-10-15,4.44075,0,4.2,0.240749999999999,7,0,1
"nowcast","PRESIDENTE PRUDENTE",2,"2024-09-25",2024-10-22,5.40225,0,4.2,1.20225,7,0,1
"nowcast","PRESIDENTE PRUDENTE",3,"2024-09-25",2024-10-29,3.58025,0,2.4,1.18025,4,0,1
"nowcast","PRESIDENTE PRUDENTE",4,"2024-09-25",2024-11-05,8.00149999999998,0,1.2,6.80149999999998,2,0,1
"nowcast","PRESIDENTE PRUDENTE",1,"2024-10-02",2024-08-28,2.34025,2,0,0.34025,2,0,0
"nowcast","PRESIDENTE PRUDENTE",2,"2024-10-02",2024-09-04,4.19,0,3.8,0.39,7,0,1
"nowcast","PRESIDENTE PRUDENTE",3,"2024-10-02",2024-09-11,1.54025,1,0,0.54025,3,0,1
"nowcast","PRESIDENTE PRUDENTE",4,"2024-10-02",2024-09-18,1.345,0,0.4,0.945,2,1,1
"nowcast","PRESIDENTE PRUDENTE",1,"2024-10-09",2024-09-11,1.46,1.2,0,0.26,2,0,0
"nowcast","PRESIDENTE PRUDENTE",2,"2024-10-09",2024-09-18,0.47,0,0.2,0.27,1,1,1
"nowcast","PRESIDENTE PRUDENTE",3,"2024-10-09",2024-09-25,0.39,0,0,0.39,0,1,1
"nowcast","PRESIDENTE PRUDENTE",4,"2024-10-09",2024-10-02,4.26025,0,3.6,0.66025,8,0,1
"nowcast","REGISTRO",1,"2023-05-31",2023-05-03,5.87774999999999,0,4.8,1.07774999999999,8,0,1
"nowcast","REGISTRO",2,"2023-05-31",2023-05-10,12.1855,11,0,1.18549999999999,11,0,0
"nowcast","REGISTRO",3,"2023-05-31",2023-05-17,6.60475,0,4.6,2.00475,9,0,1
"nowcast","REGISTRO",4,"2023-05-31",2023-05-24,2.793,0.2,0,2.593,1,1,1
"nowcast","REGISTRO",1,"2023-06-06",2023-05-09,92.9264999999998,7,0,85.9264999999998,7,0,0
"nowcast","REGISTRO",2,"2023-06-06",2023-05-16,112.5705,0,4.4,108.1705,8,0,1
"nowcast","REGISTRO",3,"2023-06-06",2023-05-23,104.58,3.6,0,100.98,8,0,0
"nowcast","REGISTRO",4,"2023-06-06",2023-05-30,112.44575,1.8,0,110.64575,9,1,1
"nowcast","REGISTRO",1,"2023-06-14",2023-05-09,372.906999999998,7,0,365.906999999998,7,0,0
"nowcast","REGISTRO",2,"2023-06-14",2023-05-16,386.242749999997,0,4.4,381.842749999997,8,0,1
"nowcast","REGISTRO",3,"2023-06-14",2023-05-23,459.886999999999,3.6,0,456.286999999999,8,0,0
"nowcast","REGISTRO",4,"2023-06-14",2023-05-30,378.88,2.2,0,376.68,9,0,1
"nowcast","REGISTRO",1,"2023-06-20",2023-05-23,9.71349999999992,1,0,8.71349999999992,1,0,0
"nowcast","REGISTRO",2,"2023-06-20",2023-05-30,14.0615,0,4.4,9.66149999999997,8,0,1
"nowcast","REGISTRO",3,"2023-06-20",2023-06-06,11.8365,2.8,0,9.03649999999997,4,0,0
"nowcast","REGISTRO",4,"2023-06-20",2023-06-13,16.6615,0.6,0,16.0615,3,1,1
"nowcast","REGISTRO",1,"2023-07-03",2023-06-03,152.494499999998,0,1.2,151.294499999998,2,0,1
"nowcast","REGISTRO",2,"2023-07-03",2023-06-10,135.174749999999,3,0,132.174749999999,3,0,0
"nowcast","REGISTRO",3,"2023-07-03",2023-06-17,186.23775,1,0,185.23775,1,0,0
"nowcast","REGISTRO",4,"2023-07-03",2023-06-24,149.079999999999,0,0.6,148.479999999999,3,1,1
"nowcast","REGISTRO",1,"2023-07-06",2023-06-08,6.08025,6,0,0.08025,6,0,0
"nowcast","REGISTRO",2,"2023-07-06",2023-06-15,1.29,0,1.2,0.09,2,0,1
"nowcast","REGISTRO",3,"2023-07-06",2023-06-22,3.54,3.2,0,0.34,4,0,0
"nowcast","REGISTRO",4,"2023-07-06",2023-06-29,1.81025,0,0.6,1.21025,3,1,1
"nowcast","REGISTRO",1,"2023-07-19",2023-06-14,56001.9245,1,0,56000.9245,1,0,0
"nowcast","REGISTRO",2,"2023-07-19",2023-06-21,68136.3947499999,2,0,68134.3947499999,2,0,0
"nowcast","REGISTRO",3,"2023-07-19",2023-06-28,76491.1775,5.8,0,76485.3775,7,0,0
"nowcast","REGISTRO",4,"2023-07-19",2023-07-05,61362.5132499997,0.4,0,61362.1132499997,2,1,1
"nowcast","REGISTRO",1,"2023-07-25",2023-06-20,485499.180249998,3,0,485496.180249998,3,0,0
"nowcast","REGISTRO",2,"2023-07-25",2023-06-27,143527.528499998,6,0,143521.528499998,6,0,0
"nowcast","REGISTRO",3,"2023-07-25",2023-07-04,435565.62799999,0,0.2,435565.42799999,1,1,1
"nowcast","REGISTRO",4,"2023-07-25",2023-07-11,524062.943749994,0.2,0,524062.743749994,1,1,1
"nowcast","REGISTRO",1,"2023-08-02",2023-06-27,148673.06225,6,0,148667.06225,6,0,0
"nowcast","REGISTRO",2,"2023-08-02",2023-07-04,150736.603999997,0,1.2,150735.403999997,2,0,1
"nowcast","REGISTRO",3,"2023-08-02",2023-07-11,119170.236499999,0,1.8,119168.436499999,5,0,1
"nowcast","REGISTRO",4,"2023-08-02",2023-07-18,63942.7477499996,0.6,0,63942.1477499996,3,1,1
"nowcast","REGISTRO",1,"2023-08-08",2023-07-11,55157.8754999993,0,2,55155.8754999993,6,0,1
"nowcast","REGISTRO",2,"2023-08-08",2023-07-18,50704.7569999999,7,0,50697.7569999999,7,0,0
"nowcast","REGISTRO",3,"2023-08-08",2023-07-25,37939.14925,0,0.8,37938.34925,4,1,1
"nowcast","REGISTRO",4,"2023-08-08",2023-08-01,56127.9562499999,0.6,0,56127.3562499999,3,1,1
"nowcast","REGISTRO",1,"2023-08-16",2023-07-19,20879.5804999998,4,0,20875.5804999998,4,0,0
"nowcast","REGISTRO",2,"2023-08-16",2023-07-26,16179.840499999,0,0.2,16179.640499999,1,1,1
"nowcast","REGISTRO",3,"2023-08-16",2023-08-02,19736.0797499998,4.2,0,19731.8797499998,5,0,0
"nowcast","REGISTRO",4,"2023-08-16",2023-08-09,36804.3744999998,1.2,0,36803.1744999998,6,1,1
"nowcast","REGISTRO",1,"2023-08-23",2023-07-22,716.998499999998,2,0,714.998499999998,2,0,0
"nowcast","REGISTRO",2,"2023-08-23",2023-07-29,871.901749999999,0,0.2,871.701749999999,1,1,1
"nowcast","REGISTRO",3,"2023-08-23",2023-08-05,1038.81425,5,0,1033.81425,5,0,0
"nowcast","REGISTRO",4,"2023-08-23",2023-08-12,1017.67475,0.2,0,1017.47475,1,1,1
"nowcast","REGISTRO",1,"2023-08-30",2023-08-01,7501.22199999998,9,0,7492.22199999998,9,0,0
"nowcast","REGISTRO",2,"2023-08-30",2023-08-08,5961.5035,0,3,5958.5035,7,0,1
"nowcast","REGISTRO",3,"2023-08-30",2023-08-15,6474.16024999995,5.2,0,6468.96024999995,6,0,0
"nowcast","REGISTRO",4,"2023-08-30",2023-08-22,4073.45124999987,0.6,0,4072.85124999987,3,1,1
"nowcast","REGISTRO",1,"2023-09-06",2023-08-09,5906.12949999998,0,2.2,5903.92949999998,5,0,1
"nowcast","REGISTRO",2,"2023-09-06",2023-08-16,4363.0535,5,0,4358.0535,5,0,0
"nowcast","REGISTRO",3,"2023-09-06",2023-08-23,9231.477,0,2.2,9229.277,5,0,1
"nowcast","REGISTRO",4,"2023-09-06",2023-08-30,5551.2169999999,1.8,0,5549.4169999999,7,0,1
"nowcast","REGISTRO",1,"2023-09-19",2023-08-22,10.82075,0,3.2,7.62075,6,0,1
"nowcast","REGISTRO",2,"2023-09-19",2023-08-29,12.3975,5,0,7.39749999999999,5,0,0
"nowcast","REGISTRO",3,"2023-09-19",2023-09-05,12.14475,0,2,10.14475,4,0,1
"nowcast","REGISTRO",4,"2023-09-19",2023-09-12,11.59175,0.8,0,10.79175,4,1,1
"nowcast","REGISTRO",1,"2023-09-27",2023-08-22,21.2982499999999,0,3.2,18.0982499999999,6,0,1
"nowcast","REGISTRO",2,"2023-09-27",2023-08-29,26.1357499999999,6,0,20.1357499999999,6,0,0
"nowcast","REGISTRO",3,"2023-09-27",2023-09-05,26.8042499999998,0,1.6,25.2042499999998,4,0,1
"nowcast","REGISTRO",4,"2023-09-27",2023-09-12,24.6647499999998,0.8,0,23.8647499999998,4,1,1
"nowcast","REGISTRO",1,"2023-10-06",2023-09-08,232.801,0,2,230.801,4,0,1
"nowcast","REGISTRO",2,"2023-10-06",2023-09-15,224.645499999998,2,0,222.645499999998,2,0,0
"nowcast","REGISTRO",3,"2023-10-06",2023-09-22,189.504749999996,1.2,0,188.304749999996,2,0,0
"nowcast","REGISTRO",4,"2023-10-06",2023-09-29,241.1635,0,0.4,240.7635,2,1,1
"nowcast","REGISTRO",1,"2023-10-11",2023-09-12,12.5702499999999,6,0,6.57024999999995,6,0,0
"nowcast","REGISTRO",2,"2023-10-11",2023-09-19,12.43925,4.2,0,8.23924999999998,5,0,0
"nowcast","REGISTRO",3,"2023-10-11",2023-09-26,13.724,0,5.6,8.12399999999999,10,0,1
"nowcast","REGISTRO",4,"2023-10-11",2023-10-03,15.64875,4,0,11.64875,10,0,1
"nowcast","REGISTRO",1,"2023-10-18",2023-09-19,6.83224999999998,4,0,2.83224999999998,4,0,0
"nowcast","REGISTRO",2,"2023-10-18",2023-09-26,9.01099999999998,0,6.4,2.61099999999998,12,0,1
"nowcast","REGISTRO",3,"2023-10-18",2023-10-03,7.58449999999999,5.2,0,2.38449999999999,6,0,0
"nowcast","REGISTRO",4,"2023-10-18",2023-10-10,3.93949999999999,0,0.2,3.73949999999999,1,1,1
"nowcast","REGISTRO",1,"2023-10-20",2023-09-21,2.90024999999997,0,0.2,2.70024999999997,1,1,1
"nowcast","REGISTRO",2,"2023-10-20",2023-09-28,6.62574999999999,0,3.2,3.42574999999999,6,0,1
"nowcast","REGISTRO",3,"2023-10-20",2023-10-05,7.72674999999998,4.2,0,3.52674999999998,5,0,0
"nowcast","REGISTRO",4,"2023-10-20",2023-10-12,3.26924999999999,0,0,3.26924999999999,0,1,1
"nowcast","REGISTRO",1,"2023-10-25",2023-09-27,9.02024999999999,0,3.8,5.22024999999999,7,0,1
"nowcast","REGISTRO",2,"2023-10-25",2023-10-04,11.234,5.2,0,6.03399999999999,6,0,0
"nowcast","REGISTRO",3,"2023-10-25",2023-10-11,4.88949999999997,0,0.2,4.68949999999997,1,1,1
"nowcast","REGISTRO",4,"2023-10-25",2023-10-18,4.99524999999999,0,0.8,4.19524999999999,4,1,1
"nowcast","REGISTRO",1,"2023-11-01",2023-10-04,5.21,5,0,0.21,5,0,0
"nowcast","REGISTRO",2,"2023-11-01",2023-10-11,0.5,0.2,0,0.3,1,1,1
"nowcast","REGISTRO",3,"2023-11-01",2023-10-18,0.72025,0,0.4,0.32025,2,1,1
"nowcast","REGISTRO",4,"2023-11-01",2023-10-25,1.12,0,0,1.12,0,1,1
"nowcast","REGISTRO",1,"2023-11-08",2023-10-11,0.18,0,0,0.18,0,1,1
"nowcast","REGISTRO",2,"2023-11-08",2023-10-18,0.39,0.2,0,0.19,1,1,1
"nowcast","REGISTRO",3,"2023-11-08",2023-10-25,1.13,0.8,0,0.33,2,0,1
"nowcast","REGISTRO",4,"2023-11-08",2023-11-01,1.32025,0,0.2,1.12025,1,1,1
"nowcast","REGISTRO",1,"2023-11-13",2023-10-13,2.53,2,0,0.53,2,0,0
"nowcast","REGISTRO",2,"2023-11-13",2023-10-20,2,0,1.4,0.6,3,0,1
"nowcast","REGISTRO",3,"2023-11-13",2023-10-27,1.92025,1.2,0,0.72025,2,0,0
"nowcast","REGISTRO",4,"2023-11-13",2023-11-03,1.3645,0,0.4,0.964499999999996,2,1,1
"nowcast","REGISTRO",1,"2023-11-29",2023-10-24,3.06,3,0,0.06,3,0,0
"nowcast","REGISTRO",2,"2023-11-29",2023-10-31,5.75,0,5.6,0.15,8,0,0
"nowcast","REGISTRO",3,"2023-11-29",2023-11-07,1.66,0,1.4,0.26,3,0,1
"nowcast","REGISTRO",4,"2023-11-29",2023-11-14,1.87,0,1.2,0.67,4,0,1
"nowcast","REGISTRO",1,"2023-12-06",2023-11-07,0.760749999999999,0,0.6,0.160749999999999,1,0,1
"nowcast","REGISTRO",2,"2023-12-06",2023-11-14,7.2405,7,0,0.2405,7,0,0
"nowcast","REGISTRO",3,"2023-12-06",2023-11-21,4.70025,0,4.4,0.30025,8,0,1
"nowcast","REGISTRO",4,"2023-12-06",2023-11-28,1.57175,0.6,0,0.971749999999998,3,1,1
"nowcast","REGISTRO",1,"2023-12-13",2023-11-07,0.64,0,0.6,0.04,1,0,1
"nowcast","REGISTRO",2,"2023-12-13",2023-11-14,7.15,7,0,0.15,7,0,0
"nowcast","REGISTRO",3,"2023-12-13",2023-11-21,3.78,0,3.4,0.38,7,0,1
"nowcast","REGISTRO",4,"2023-12-13",2023-11-28,1.83,1,0,0.83,3,0,1
"nowcast","REGISTRO",1,"2023-12-20",2023-11-22,3.3315,0,2.4,0.931499999999999,4,0,1
"nowcast","REGISTRO",2,"2023-12-20",2023-11-29,2.963,2,0,0.962999999999997,2,0,0
"nowcast","REGISTRO",3,"2023-12-20",2023-12-06,2.4605,0,1.4,1.0605,3,0,1
"nowcast","REGISTRO",4,"2023-12-20",2023-12-13,1.2035,0,0,1.2035,0,1,1
"nowcast","REGISTRO",1,"2023-12-27",2023-11-22,3.75799999999999,0,2.4,1.35799999999999,4,0,1
"nowcast","REGISTRO",2,"2023-12-27",2023-11-29,3.52224999999999,2,0,1.52224999999999,2,0,0
"nowcast","REGISTRO",3,"2023-12-27",2023-12-06,2.482,0,1.4,1.082,3,0,1
"nowcast","REGISTRO",4,"2023-12-27",2023-12-13,1.53425,0,0,1.53425,0,1,1
"nowcast","REGISTRO",1,"2024-01-03",2023-11-30,4.02724999999999,0,0,4.02724999999999,0,1,1
"nowcast","REGISTRO",2,"2024-01-03",2023-12-07,5.37,0,1.8,3.57,3,0,1
"nowcast","REGISTRO",3,"2024-01-03",2023-12-14,3.68399999999998,0.2,0,3.48399999999998,1,1,1
"nowcast","REGISTRO",4,"2024-01-03",2023-12-21,3.95474999999994,0.4,0,3.55474999999994,2,1,1
"nowcast","REGISTRO",1,"2024-01-17",2023-12-12,41956.8699999999,0,0,41956.8699999999,0,1,1
"nowcast","REGISTRO",2,"2024-01-17",2023-12-19,28055.7465,0,1.4,28054.3465,3,0,1
"nowcast","REGISTRO",3,"2024-01-17",2023-12-26,31122.6489999997,2.2,0,31120.4489999997,3,0,0
"nowcast","REGISTRO",4,"2024-01-17",2024-01-02,24397.0479999997,0,0.4,24396.6479999997,2,1,1
"nowcast","REGISTRO",1,"2024-01-31",2023-12-26,19749.313,3,0,19746.313,3,0,0
"nowcast","REGISTRO",2,"2024-01-31",2024-01-02,13433.8104999999,0,0.4,13433.4104999999,2,1,1
"nowcast","REGISTRO",3,"2024-01-31",2024-01-09,11274.578,0.2,0,11274.378,1,1,1
"nowcast","REGISTRO",4,"2024-01-31",2024-01-16,25182.4534999999,0,0,25182.4534999999,0,1,1
"nowcast","REGISTRO",1,"2024-02-07",2023-12-26,1560.56075,3,0,1557.56075,3,0,0
"nowcast","REGISTRO",2,"2024-02-07",2024-01-02,1019.43849999997,0,0.8,1018.63849999997,2,0,1
"nowcast","REGISTRO",3,"2024-02-07",2024-01-09,724.536749999996,0.2,0,724.336749999996,1,1,1
"nowcast","REGISTRO",4,"2024-02-07",2024-01-16,999.556249999994,0,0,999.556249999994,0,1,1
"nowcast","REGISTRO",1,"2024-02-14",2024-01-18,2.2305,2,0,0.2305,2,0,0
"nowcast","REGISTRO",2,"2024-02-14",2024-01-25,2.06025,0,1.8,0.26025,3,0,1
"nowcast","REGISTRO",3,"2024-02-14",2024-02-01,0.36025,0,0,0.36025,0,1,1
"nowcast","REGISTRO",4,"2024-02-14",2024-02-08,1.52225,0,1,0.522249999999998,3,0,1
"nowcast","REGISTRO",1,"2024-02-28",2024-01-23,2.3925,0,1.8,0.592499999999998,3,0,1
"nowcast","REGISTRO",2,"2024-02-28",2024-01-30,3.673,3,0,0.672999999999997,3,0,0
"nowcast","REGISTRO",3,"2024-02-28",2024-02-06,0.844999999999995,0,0.2,0.644999999999995,1,1,1
"nowcast","REGISTRO",4,"2024-02-28",2024-02-13,1.05025,0,0,1.05025,0,1,1
"nowcast","REGISTRO",1,"2024-03-06",2024-02-07,5.021,0,0.2,4.821,1,1,1
"nowcast","REGISTRO",2,"2024-03-06",2024-02-14,16.9607499999999,5.2,0,11.7607499999999,6,0,0
"nowcast","REGISTRO",3,"2024-03-06",2024-02-21,21.4625,1,0,20.4625,3,0,1
"nowcast","REGISTRO",4,"2024-03-06",2024-02-28,26.0642499999998,1,0,25.0642499999998,5,1,1
"nowcast","REGISTRO",1,"2024-03-13",2024-02-06,276.392999999999,0,0,276.392999999999,0,1,1
"nowcast","REGISTRO",2,"2024-03-13",2024-02-13,444.207499999998,6.2,0,438.007499999998,7,0,0
"nowcast","REGISTRO",3,"2024-03-13",2024-02-20,562.956749999996,4.6,0,558.356749999996,7,0,0
"nowcast","REGISTRO",4,"2024-03-13",2024-02-27,759.591499999996,0.8,0,758.791499999996,4,1,1
"nowcast","REGISTRO",1,"2024-03-18",2024-02-17,0.22,0,0,0.22,0,1,1
"nowcast","REGISTRO",2,"2024-03-18",2024-02-24,4.57025,4.2,0,0.37025,5,0,0
"nowcast","REGISTRO",3,"2024-03-18",2024-03-02,0.75,0.2,0,0.55,1,1,1
"nowcast","REGISTRO",4,"2024-03-18",2024-03-09,2.2005,1.2,0,1.0005,4,0,1
"nowcast","REGISTRO",1,"2024-03-20",2024-02-21,7.04125,4,0,3.04125,4,0,0
"nowcast","REGISTRO",2,"2024-03-20",2024-02-28,5.33249999999995,0,1.6,3.73249999999995,4,0,1
"nowcast","REGISTRO",3,"2024-03-20",2024-03-06,5.10499999999997,0.4,0,4.70499999999997,2,1,1
"nowcast","REGISTRO",4,"2024-03-20",2024-03-13,18.28125,5.6,0,12.68125,18,0,1
"nowcast","REGISTRO",1,"2024-03-27",2024-02-28,3.40699999999999,0,2.6,0.806999999999994,5,0,1
"nowcast","REGISTRO",2,"2024-03-27",2024-03-06,1.203,0,0.2,1.003,1,1,1
"nowcast","REGISTRO",3,"2024-03-27",2024-03-13,3.691,1,0,2.691,3,0,1
"nowcast","REGISTRO",4,"2024-03-27",2024-03-20,12.125,6.2,0,5.92499999999999,17,0,1
"nowcast","REGISTRO",1,"2024-04-10",2024-03-09,1.83075,0,0.8,1.03075,2,0,1
"nowcast","REGISTRO",2,"2024-04-10",2024-03-16,1.57425,0,0,1.57425,0,1,1
"nowcast","REGISTRO",3,"2024-04-10",2024-03-23,1.505,0,0,1.505,0,1,1
"nowcast","REGISTRO",4,"2024-04-10",2024-03-30,3.631,1.8,0,1.831,5,0,1
"nowcast","REGISTRO",1,"2024-04-17",2024-03-14,0.93949999999999,0,0,0.93949999999999,0,1,1
"nowcast","REGISTRO",2,"2024-04-17",2024-03-21,4.71924999999999,3.2,0,1.51924999999999,4,0,0
"nowcast","REGISTRO",3,"2024-04-17",2024-03-28,1.73025,0.8,0,0.93025,2,0,1
"nowcast","REGISTRO",4,"2024-04-17",2024-04-04,2.843,0,1,1.843,5,1,1
"nowcast","REGISTRO",1,"2024-04-23",2024-03-14,0.450749999999999,0,0,0.450749999999999,0,1,1
"nowcast","REGISTRO",2,"2024-04-23",2024-03-21,3.456,3,0,0.455999999999999,3,0,0
"nowcast","REGISTRO",3,"2024-04-23",2024-03-28,1.42,0.8,0,0.62,2,0,1
"nowcast","REGISTRO",4,"2024-04-23",2024-04-04,2.21075,0,0.8,1.41075,4,1,1
"nowcast","REGISTRO",1,"2024-05-06",2024-03-14,1.25375,0,0.2,1.05375,1,1,1
"nowcast","REGISTRO",2,"2024-05-06",2024-03-21,4.2735,3,0,1.2735,3,0,0
"nowcast","REGISTRO",3,"2024-05-06",2024-03-28,1.7605,0.4,0,1.3605,2,1,1
"nowcast","REGISTRO",4,"2024-05-06",2024-04-04,2.78125,0,1,1.78125,5,1,1
"nowcast","REGISTRO",1,"2024-05-15",2024-04-17,0.96,0,0.2,0.76,1,1,1
"nowcast","REGISTRO",2,"2024-05-15",2024-04-24,6.565,5.2,0,1.365,8,0,0
"nowcast","REGISTRO",3,"2024-05-15",2024-05-01,10.81025,8.6,0,2.21025,13,0,0
"nowcast","REGISTRO",4,"2024-05-15",2024-05-08,6.88425,0.4,0,6.48425,2,1,1
"nowcast","REGISTRO",1,"2024-05-23",2024-04-25,5.53025,4.8,0,0.73025,6,0,0
"nowcast","REGISTRO",2,"2024-05-23",2024-05-02,8.6605,7.6,0,1.0605,10,0,0
"nowcast","REGISTRO",3,"2024-05-23",2024-05-09,2.76575,1.2,0,1.56575,4,0,1
"nowcast","REGISTRO",4,"2024-05-23",2024-05-16,4.36025,0,0.6,3.76025,3,1,1
"nowcast","REGISTRO",1,"2024-05-29",2024-05-01,10.03025,9,0,1.03025,11,0,0
"nowcast","REGISTRO",2,"2024-05-29",2024-05-08,2.3715,0.5,0,1.8715,2.5,1,1
"nowcast","REGISTRO",3,"2024-05-29",2024-05-15,6.17075,3.2,0,2.97075,10,0,1
"nowcast","REGISTRO",4,"2024-05-29",2024-05-22,5.90175,0.5,0,5.40175,2.5,1,1
"nowcast","REGISTRO",1,"2024-06-05",2024-05-08,1.34025,0.2,0,1.14025,1,1,1
"nowcast","REGISTRO",2,"2024-06-05",2024-05-15,5.19025,3.2,0,1.99025,8,0,0
"nowcast","REGISTRO",3,"2024-06-05",2024-05-22,6.14,2.8,0,3.34,10,0,1
"nowcast","REGISTRO",4,"2024-06-05",2024-05-29,8.271,1.8,0,6.471,9,1,1
"nowcast","REGISTRO",1,"2024-06-12",2024-05-11,4.62,4,0,0.62,6,0,0
"nowcast","REGISTRO",2,"2024-06-12",2024-05-18,1.5,0.4,0,1.1,2,1,1
"nowcast","REGISTRO",3,"2024-06-12",2024-05-25,3.2205,1.8,0,1.4205,5,0,1
"nowcast","REGISTRO",4,"2024-06-12",2024-06-01,4.315,1.2,0,3.115,6,1,1
"nowcast","REGISTRO",1,"2024-06-19",2024-05-11,4.41025,3.8,0,0.61025,5,0,0
"nowcast","REGISTRO",2,"2024-06-19",2024-05-18,1.46,0.4,0,1.06,2,1,1
"nowcast","REGISTRO",3,"2024-06-19",2024-05-25,3.67,2,0,1.67,6,0,1
"nowcast","REGISTRO",4,"2024-06-19",2024-06-01,5.27125,1.6,0,3.67125,8,1,1
"nowcast","REGISTRO",1,"2024-06-26",2024-05-29,1.55,1.2,0,0.35,2,0,0
"nowcast","REGISTRO",2,"2024-06-26",2024-06-05,3.15,2.4,0,0.75,4,0,0
"nowcast","REGISTRO",3,"2024-06-26",2024-06-12,1.84,0,0.6,1.24,3,1,1
"nowcast","REGISTRO",4,"2024-06-26",2024-06-19,3.94525,0.2,0,3.74525,1,1,1
"nowcast","REGISTRO",1,"2024-07-04",2024-06-01,0.28025,0,0,0.28025,0,1,1
"nowcast","REGISTRO",2,"2024-07-04",2024-06-08,4.95,4.4,0,0.55,6,0,0
"nowcast","REGISTRO",3,"2024-07-04",2024-06-15,1.1,0,0.4,0.7,2,1,1
"nowcast","REGISTRO",4,"2024-07-04",2024-06-22,3.02,0.8,0,2.22,4,1,1
"nowcast","REGISTRO",1,"2024-07-17",2024-06-08,5.73225,4,0,1.73225,4,0,0
"nowcast","REGISTRO",2,"2024-07-17",2024-06-15,4.74724999999999,0,1.4,3.34724999999999,3,0,1
"nowcast","REGISTRO",3,"2024-07-17",2024-06-22,3.71699999999999,0,0,3.71699999999999,0,1,1
"nowcast","REGISTRO",4,"2024-07-17",2024-06-29,6.79924999999999,1.8,0,4.99924999999999,5,0,1
"nowcast","REGISTRO",1,"2024-08-07",2024-10-13,7.47,0,7.2,0.27,12,0,1
"nowcast","REGISTRO",2,"2024-08-07",2024-10-20,133.09225,0,3,130.09225,5,0,1
"nowcast","REGISTRO",3,"2024-08-07",2024-10-27,3346217.76874995,0,4.2,3346213.56874995,7,0,1
"nowcast","REGISTRO",4,"2024-08-07",2024-11-03,652682758385.521,0,5.4,652682758380.121,9,0,1
"nowcast","REGISTRO",1,"2024-08-28",2024-11-11,4.171,0,3.2,0.970999999999999,8,0,1
"nowcast","REGISTRO",2,"2024-08-28",2024-11-18,5.05075,0,3.8,1.25075,9,0,1
"nowcast","REGISTRO",3,"2024-08-28",2024-11-25,4.49025,0,2.8,1.69025,8,0,1
"nowcast","REGISTRO",4,"2024-08-28",2024-12-02,2.62075,0,0.6,2.02075,3,1,1
"nowcast","REGISTRO",1,"2024-09-03",2024-11-11,4.67025,0,3.8,0.87025,9,0,1
"nowcast","REGISTRO",2,"2024-09-03",2024-11-18,4.93025,0,3.8,1.13025,9,0,1
"nowcast","REGISTRO",3,"2024-09-03",2024-11-25,4.07,0,2.4,1.67,8,0,1
"nowcast","REGISTRO",4,"2024-09-03",2024-12-02,2.90599999999999,0,0.6,2.30599999999999,3,1,1
"nowcast","REGISTRO",1,"2024-09-11",2024-11-11,4.67,0,3.8,0.87,9,0,1
"nowcast","REGISTRO",2,"2024-09-11",2024-11-18,4.7,0,3.4,1.3,9,0,1
"nowcast","REGISTRO",3,"2024-09-11",2024-11-25,4.2605,0,2.8,1.4605,8,0,1
"nowcast","REGISTRO",4,"2024-09-11",2024-12-02,3.1635,0,0.4,2.7635,2,1,1
"nowcast","REGISTRO",1,"2024-09-25",2024-11-12,17.652,0,1.6,16.052,8,1,1
"nowcast","REGISTRO",2,"2024-09-25",2024-11-19,8.52874999999998,0,0.8,7.72874999999998,4,1,1
"nowcast","REGISTRO",3,"2024-09-25",2024-11-26,15.9852499999999,0,1.2,14.7852499999999,6,1,1
"nowcast","REGISTRO",4,"2024-09-25",2024-12-03,40.9744999999999,1.6,0,39.3744999999999,8,1,1
"nowcast","REGISTRO",1,"2024-10-02",2024-09-04,1383.7375,0,1,1382.7375,3,0,1
"nowcast","REGISTRO",2,"2024-10-02",2024-09-11,1494.66199999997,0,1,1493.66199999997,3,0,1
"nowcast","REGISTRO",3,"2024-10-02",2024-09-18,1388.278,0,2.2,1386.078,5,0,1
"nowcast","REGISTRO",4,"2024-10-02",2024-09-25,875.48199999998,0,3.4,872.08199999998,7,0,1
"nowcast","REGISTRO",1,"2024-10-09",2024-09-12,1895626882.26924,0,0.4,1895626881.86924,2,1,1
"nowcast","REGISTRO",2,"2024-10-09",2024-09-19,2115849655.29847,3,0,2115849652.29847,3,0,0
"nowcast","REGISTRO",3,"2024-10-09",2024-09-26,2929027895.391,0.2,0,2929027895.191,1,1,1
"nowcast","REGISTRO",4,"2024-10-09",2024-10-03,2035963770.9575,0,0.3,2035963770.6575,1.5,1,1
"nowcast","RIBEIRÃO PRETO",1,"2023-05-31",2023-05-03,1.52025,1,0,0.52025,3,0,1
"nowcast","RIBEIRÃO PRETO",2,"2023-05-31",2023-05-10,10.77,10,0,0.77,14,0,0
"nowcast","RIBEIRÃO PRETO",3,"2023-05-31",2023-05-17,8.8405,0,7,1.8405,17,0,1
"nowcast","RIBEIRÃO PRETO",4,"2023-05-31",2023-05-24,3.99,0,0.2,3.79,1,1,1
"nowcast","RIBEIRÃO PRETO",1,"2023-06-06",2023-05-09,16.72,16.2,0,0.52,19,0,0
"nowcast","RIBEIRÃO PRETO",2,"2023-06-06",2023-05-16,9.725,0,8.9,0.825,15,0,0
"nowcast","RIBEIRÃO PRETO",3,"2023-06-06",2023-05-23,2.86025,0.4,0,2.46025,2,1,1
"nowcast","RIBEIRÃO PRETO",4,"2023-06-06",2023-05-30,12.07025,7.4,0,4.67025,23,0,1
"nowcast","RIBEIRÃO PRETO",1,"2023-06-14",2023-05-17,8.91,0,8.4,0.51,12,0,0
"nowcast","RIBEIRÃO PRETO",2,"2023-06-14",2023-05-24,6.45025,0,5.8,0.65025,11,0,0
"nowcast","RIBEIRÃO PRETO",3,"2023-06-14",2023-05-31,2.78,1.2,0,1.58,6,1,1
"nowcast","RIBEIRÃO PRETO",4,"2023-06-14",2023-06-07,5.26,2,0,3.26,10,1,1
"nowcast","RIBEIRÃO PRETO",1,"2023-06-20",2023-05-16,12.22,0,11.8,0.42,15,0,0
"nowcast","RIBEIRÃO PRETO",2,"2023-06-20",2023-05-23,7.07,0,6.4,0.67,12,0,0
"nowcast","RIBEIRÃO PRETO",3,"2023-06-20",2023-05-30,5.51,3.4,0,2.11,11,0,1
"nowcast","RIBEIRÃO PRETO",4,"2023-06-20",2023-06-06,6.99,3.2,0,3.79,14,0,1
"nowcast","RIBEIRÃO PRETO",1,"2023-07-03",2023-06-04,1.07,0,0.8,0.27,2,0,1
"nowcast","RIBEIRÃO PRETO",2,"2023-07-03",2023-06-11,2.7,0,2.2,0.5,5,0,1
"nowcast","RIBEIRÃO PRETO",3,"2023-07-03",2023-06-18,1.27,0,0.6,0.67,3,1,1
"nowcast","RIBEIRÃO PRETO",4,"2023-07-03",2023-06-25,4.21,1.2,0,3.01,6,1,1
"nowcast","RIBEIRÃO PRETO",1,"2023-07-06",2023-06-08,7.84025,0,7.59,0.25025,10,0,0
"nowcast","RIBEIRÃO PRETO",2,"2023-07-06",2023-06-15,3,2.6,0,0.4,5,0,0
"nowcast","RIBEIRÃO PRETO",3,"2023-07-06",2023-06-22,9.91025,0,9.39,0.52025,13,0,0
"nowcast","RIBEIRÃO PRETO",4,"2023-07-06",2023-06-29,8.91,0,7.2,1.71,16,0,1
"nowcast","RIBEIRÃO PRETO",1,"2023-07-19",2023-06-21,8.58,0,8.2,0.38,11,0,0
"nowcast","RIBEIRÃO PRETO",2,"2023-07-19",2023-06-28,4.79,4.4,0,0.39,6,0,0
"nowcast","RIBEIRÃO PRETO",3,"2023-07-19",2023-07-05,3.62,0,2.6,1.02,7,0,1
"nowcast","RIBEIRÃO PRETO",4,"2023-07-19",2023-07-12,6.13025,0,4,2.13025,12,0,1
"nowcast","RIBEIRÃO PRETO",1,"2023-07-25",2023-06-20,7.99,0,7.6,0.39,10,0,0
"nowcast","RIBEIRÃO PRETO",2,"2023-07-25",2023-06-27,2.02,1.5,0,0.52,3.5,0,1
"nowcast","RIBEIRÃO PRETO",3,"2023-07-25",2023-07-04,2.42,0,1,1.42,5,1,1
"nowcast","RIBEIRÃO PRETO",4,"2023-07-25",2023-07-11,6.38025,0,3.8,2.58025,13,0,1
"nowcast","RIBEIRÃO PRETO",1,"2023-08-02",2023-07-05,0.27,0,0,0.27,0,1,1
"nowcast","RIBEIRÃO PRETO",2,"2023-08-02",2023-07-12,11.19,0,10.8,0.39,14,0,0
"nowcast","RIBEIRÃO PRETO",3,"2023-08-02",2023-07-19,3.02,0,2,1.02,6,0,1
"nowcast","RIBEIRÃO PRETO",4,"2023-08-02",2023-07-26,2.6905,0.6,0,2.0905,3,1,1
"nowcast","RIBEIRÃO PRETO",1,"2023-08-08",2023-07-11,16.26,0,16,0.26,18,0,0
"nowcast","RIBEIRÃO PRETO",2,"2023-08-08",2023-07-18,7.6,0,7.2,0.4,10,0,0
"nowcast","RIBEIRÃO PRETO",3,"2023-08-08",2023-07-25,5.3,4,0,1.3,10,0,1
"nowcast","RIBEIRÃO PRETO",4,"2023-08-08",2023-08-01,3.1305,0,0.8,2.3305,4,1,1
"nowcast","RIBEIRÃO PRETO",1,"2023-08-16",2023-07-19,3.69,0,3.4,0.29,7,0,1
"nowcast","RIBEIRÃO PRETO",2,"2023-08-16",2023-07-26,2.81025,2.4,0,0.41025,4,0,0
"nowcast","RIBEIRÃO PRETO",3,"2023-08-16",2023-08-02,1.13,0.2,0,0.93,1,1,1
"nowcast","RIBEIRÃO PRETO",4,"2023-08-16",2023-08-09,3.21025,0,1.2,2.01025,6,1,1
"nowcast","RIBEIRÃO PRETO",1,"2023-08-23",2023-07-19,4.07,0,3.8,0.27,7,0,0
"nowcast","RIBEIRÃO PRETO",2,"2023-08-23",2023-07-26,2.8,2.4,0,0.4,4,0,0
"nowcast","RIBEIRÃO PRETO",3,"2023-08-23",2023-08-02,1.33,0.4,0,0.93,2,1,1
"nowcast","RIBEIRÃO PRETO",4,"2023-08-23",2023-08-09,3.13025,0,1.2,1.93025,6,1,1
"nowcast","RIBEIRÃO PRETO",1,"2023-08-30",2023-08-02,2.08,1.8,0,0.28,3,0,0
"nowcast","RIBEIRÃO PRETO",2,"2023-08-30",2023-08-09,1.5,0,1,0.5,3,0,1
"nowcast","RIBEIRÃO PRETO",3,"2023-08-30",2023-08-16,1.13,0.2,0,0.93,1,1,1
"nowcast","RIBEIRÃO PRETO",4,"2023-08-30",2023-08-23,2.27,0,0,2.27,0,1,1
"nowcast","RIBEIRÃO PRETO",1,"2023-09-06",2023-08-09,1.07,0,0.8,0.27,2,0,1
"nowcast","RIBEIRÃO PRETO",2,"2023-09-06",2023-08-16,1.81,0,1.4,0.41,3,0,1
"nowcast","RIBEIRÃO PRETO",3,"2023-09-06",2023-08-23,1.53,0.6,0,0.93,3,1,1
"nowcast","RIBEIRÃO PRETO",4,"2023-09-06",2023-08-30,3.89525,0,1.6,2.29525,8,1,1
"nowcast","RIBEIRÃO PRETO",1,"2023-09-19",2023-08-15,0.77025,0,0.4,0.37025,2,1,1
"nowcast","RIBEIRÃO PRETO",2,"2023-09-19",2023-08-22,6.81,0,6.4,0.41,10,0,0
"nowcast","RIBEIRÃO PRETO",3,"2023-09-19",2023-08-29,7.205,0,6.1,1.105,13,0,1
"nowcast","RIBEIRÃO PRETO",4,"2023-09-19",2023-09-05,3.7805,0,1.8,1.9805,9,1,1
"nowcast","RIBEIRÃO PRETO",1,"2023-09-27",2023-08-30,10.57,0,10.2,0.37,13,0,0
"nowcast","RIBEIRÃO PRETO",2,"2023-09-27",2023-09-06,2.12,1.6,0,0.52,4,0,1
"nowcast","RIBEIRÃO PRETO",3,"2023-09-27",2023-09-13,8.42025,7.4,0,1.02025,13,0,0
"nowcast","RIBEIRÃO PRETO",4,"2023-09-27",2023-09-20,2.65025,0,0.4,2.25025,2,1,1
"nowcast","RIBEIRÃO PRETO",1,"2023-10-06",2023-09-08,2.94,0,2.8,0.14,4,0,0
"nowcast","RIBEIRÃO PRETO",2,"2023-10-06",2023-09-15,0.46,0,0.2,0.26,1,1,1
"nowcast","RIBEIRÃO PRETO",3,"2023-10-06",2023-09-22,10.51,0,10,0.51,14,0,0
"nowcast","RIBEIRÃO PRETO",4,"2023-10-06",2023-09-29,1.63,0,0.2,1.43,1,1,1
"nowcast","RIBEIRÃO PRETO",1,"2023-10-11",2023-09-13,1.46,1.2,0,0.26,2,0,0
"nowcast","RIBEIRÃO PRETO",2,"2023-10-11",2023-09-20,10.8,0,10.4,0.4,14,0,0
"nowcast","RIBEIRÃO PRETO",3,"2023-10-11",2023-09-27,7.18,0,6.4,0.78,12,0,0
"nowcast","RIBEIRÃO PRETO",4,"2023-10-11",2023-10-04,2.24,0.4,0,1.84,2,1,1
"nowcast","RIBEIRÃO PRETO",1,"2023-10-18",2023-09-20,9.56025,0,9.19,0.37025,12,0,0
"nowcast","RIBEIRÃO PRETO",2,"2023-10-18",2023-09-27,6.6,0,6.2,0.4,9,0,0
"nowcast","RIBEIRÃO PRETO",3,"2023-10-18",2023-10-04,1.19,0.4,0,0.79,2,1,1
"nowcast","RIBEIRÃO PRETO",4,"2023-10-18",2023-10-11,2.96025,0,1.2,1.76025,6,1,1
"nowcast","RIBEIRÃO PRETO",1,"2023-10-20",2023-09-22,10.87,0,10.6,0.27,13,0,0
"nowcast","RIBEIRÃO PRETO",2,"2023-10-20",2023-09-29,1.39,0,1,0.39,3,0,1
"nowcast","RIBEIRÃO PRETO",3,"2023-10-20",2023-10-06,0.51,0,0,0.51,0,1,1
"nowcast","RIBEIRÃO PRETO",4,"2023-10-20",2023-10-13,5.18,0,4,1.18,10,0,1
"nowcast","RIBEIRÃO PRETO",1,"2023-10-25",2023-09-27,6.6,0,6.2,0.4,9,0,0
"nowcast","RIBEIRÃO PRETO",2,"2023-10-25",2023-10-04,1.21,0.8,0,0.41,2,0,1
"nowcast","RIBEIRÃO PRETO",3,"2023-10-25",2023-10-11,4.28,0,3.6,0.68,8,0,1
"nowcast","RIBEIRÃO PRETO",4,"2023-10-25",2023-10-18,4.28,0,2.6,1.68,9,0,1
"nowcast","RIBEIRÃO PRETO",1,"2023-11-01",2023-10-04,3.78,3.4,0,0.38,5,0,0
"nowcast","RIBEIRÃO PRETO",2,"2023-11-01",2023-10-11,7.3,0,6.8,0.5,10,0,0
"nowcast","RIBEIRÃO PRETO",3,"2023-11-01",2023-10-18,0.96,0,0.2,0.76,1,1,1
"nowcast","RIBEIRÃO PRETO",4,"2023-11-01",2023-10-25,2.50025,0.8,0,1.70025,4,1,1
"nowcast","RIBEIRÃO PRETO",1,"2023-11-08",2023-10-11,3.58,0,3.2,0.38,6,0,0
"nowcast","RIBEIRÃO PRETO",2,"2023-11-08",2023-10-18,1.2,0.8,0,0.4,2,0,1
"nowcast","RIBEIRÃO PRETO",3,"2023-11-08",2023-10-25,0.805,0,0,0.805,0,1,1
"nowcast","RIBEIRÃO PRETO",4,"2023-11-08",2023-11-01,1.745,0,0,1.745,0,1,1
"nowcast","RIBEIRÃO PRETO",1,"2023-11-13",2023-10-14,0.26,0,0,0.26,0,1,1
"nowcast","RIBEIRÃO PRETO",2,"2023-11-13",2023-10-21,1.18,0.8,0,0.38,2,0,1
"nowcast","RIBEIRÃO PRETO",3,"2023-11-13",2023-10-28,0.91,0,0.4,0.51,2,1,1
"nowcast","RIBEIRÃO PRETO",4,"2023-11-13",2023-11-04,1.26,0,0.2,1.06,1,1,1
"nowcast","RIBEIRÃO PRETO",1,"2023-11-29",2023-11-01,0.48,0,0.2,0.28,1,1,1
"nowcast","RIBEIRÃO PRETO",2,"2023-11-29",2023-11-08,4.3,0,3.8,0.5,7,0,0
"nowcast","RIBEIRÃO PRETO",3,"2023-11-29",2023-11-15,6.07,0,5.4,0.67,11,0,1
"nowcast","RIBEIRÃO PRETO",4,"2023-11-29",2023-11-22,1.85025,0.4,0,1.45025,2,1,1
"nowcast","RIBEIRÃO PRETO",1,"2023-12-06",2023-11-08,6.37,0,6,0.37,8,0,0
"nowcast","RIBEIRÃO PRETO",2,"2023-12-06",2023-11-15,2.11,0,1.6,0.51,4,0,1
"nowcast","RIBEIRÃO PRETO",3,"2023-12-06",2023-11-22,2.47,1.8,0,0.67,5,0,1
"nowcast","RIBEIRÃO PRETO",4,"2023-12-06",2023-11-29,1.705,0.2,0,1.505,1,1,1
"nowcast","RIBEIRÃO PRETO",1,"2023-12-13",2023-11-08,5.37,0,5,0.37,7,0,0
"nowcast","RIBEIRÃO PRETO",2,"2023-12-13",2023-11-15,2.11,0,1.6,0.51,4,0,1
"nowcast","RIBEIRÃO PRETO",3,"2023-12-13",2023-11-22,2.58,1.8,0,0.78,5,0,1
"nowcast","RIBEIRÃO PRETO",4,"2023-12-13",2023-11-29,2.11025,0.4,0,1.71025,2,1,1
"nowcast","RIBEIRÃO PRETO",1,"2023-12-20",2023-11-15,3.88,0,3.6,0.28,6,0,0
"nowcast","RIBEIRÃO PRETO",2,"2023-12-20",2023-11-22,1.5,1,0,0.5,3,0,1
"nowcast","RIBEIRÃO PRETO",3,"2023-12-20",2023-11-29,0.85,0.2,0,0.65,1,1,1
"nowcast","RIBEIRÃO PRETO",4,"2023-12-20",2023-12-06,1.72,0,0.4,1.32,2,1,1
"nowcast","RIBEIRÃO PRETO",1,"2023-12-27",2023-11-22,0.57,0.2,0,0.37,1,1,1
"nowcast","RIBEIRÃO PRETO",2,"2023-12-27",2023-11-29,1.19,0.8,0,0.39,2,0,1
"nowcast","RIBEIRÃO PRETO",3,"2023-12-27",2023-12-06,1.95,1.2,0,0.75,4,0,1
"nowcast","RIBEIRÃO PRETO",4,"2023-12-27",2023-12-13,1.93,0.4,0,1.53,2,1,1
"nowcast","RIBEIRÃO PRETO",1,"2024-01-03",2023-12-06,0.46,0,0.2,0.26,1,1,1
"nowcast","RIBEIRÃO PRETO",2,"2024-01-03",2023-12-13,1.06025,0,0.8,0.26025,2,0,1
"nowcast","RIBEIRÃO PRETO",3,"2024-01-03",2023-12-20,2.72,0,2.2,0.52,5,0,1
"nowcast","RIBEIRÃO PRETO",4,"2024-01-03",2023-12-27,4.25025,0,3.2,1.05025,8,0,1
"nowcast","RIBEIRÃO PRETO",1,"2024-01-17",2023-12-20,1.05,0,0.8,0.25,2,0,1
"nowcast","RIBEIRÃO PRETO",2,"2024-01-17",2023-12-27,3.87,0,3.6,0.27,6,0,0
"nowcast","RIBEIRÃO PRETO",3,"2024-01-17",2024-01-03,0.84,0,0.2,0.64,1,1,1
"nowcast","RIBEIRÃO PRETO",4,"2024-01-17",2024-01-10,2.1905,0,1,1.1905,5,1,1
"nowcast","RIBEIRÃO PRETO",1,"2024-01-31",2024-01-03,0.17,0,0,0.17,0,1,1
"nowcast","RIBEIRÃO PRETO",2,"2024-01-31",2024-01-10,3.10025,2.8,0,0.30025,4,0,0
"nowcast","RIBEIRÃO PRETO",3,"2024-01-31",2024-01-17,0.88025,0,0.2,0.68025,1,1,1
"nowcast","RIBEIRÃO PRETO",4,"2024-01-31",2024-01-24,2.33,0,0.6,1.73,3,1,1
"nowcast","RIBEIRÃO PRETO",1,"2024-02-07",2024-01-03,0.15,0,0,0.15,0,1,1
"nowcast","RIBEIRÃO PRETO",2,"2024-02-07",2024-01-10,3.07,2.8,0,0.27,4,0,0
"nowcast","RIBEIRÃO PRETO",3,"2024-02-07",2024-01-17,0.85025,0,0.2,0.65025,1,1,1
"nowcast","RIBEIRÃO PRETO",4,"2024-02-07",2024-01-24,2.46025,0,0.8,1.66025,4,1,1
"nowcast","RIBEIRÃO PRETO",1,"2024-02-14",2024-01-18,1.55,0,1.4,0.15,3,0,1
"nowcast","RIBEIRÃO PRETO",2,"2024-02-14",2024-01-25,1.86,1.6,0,0.26,2,0,0
"nowcast","RIBEIRÃO PRETO",3,"2024-02-14",2024-02-01,11.8,0,11.4,0.4,15,0,0
"nowcast","RIBEIRÃO PRETO",4,"2024-02-14",2024-02-08,31.45025,0,30.39,1.06025,38,0,0
"nowcast","RIBEIRÃO PRETO",1,"2024-02-28",2024-01-31,0.74,0.2,0,0.54,1,1,1
"nowcast","RIBEIRÃO PRETO",2,"2024-02-28",2024-02-07,8.81,8,0,0.81,12,0,0
"nowcast","RIBEIRÃO PRETO",3,"2024-02-28",2024-02-14,5.2,2.8,0,2.4,10,0,1
"nowcast","RIBEIRÃO PRETO",4,"2024-02-28",2024-02-21,17.47025,10.8,0,6.67025,32,0,1
"nowcast","RIBEIRÃO PRETO",1,"2024-03-06",2024-02-07,8.12,7.6,0,0.52,10,0,0
"nowcast","RIBEIRÃO PRETO",2,"2024-03-06",2024-02-14,0.78025,0,0,0.78025,0,1,1
"nowcast","RIBEIRÃO PRETO",3,"2024-03-06",2024-02-21,3.5305,0,1.4,2.1305,7,1,1
"nowcast","RIBEIRÃO PRETO",4,"2024-03-06",2024-02-28,9.3705,4,0,5.3705,20,1,1
"nowcast","RIBEIRÃO PRETO",1,"2024-03-13",2024-02-07,9.13,8.6,0,0.53,11,0,0
"nowcast","RIBEIRÃO PRETO",2,"2024-03-13",2024-02-14,1.00025,0.2,0,0.80025,1,1,1
"nowcast","RIBEIRÃO PRETO",3,"2024-03-13",2024-02-21,3.4,0,1.4,2,7,1,1
"nowcast","RIBEIRÃO PRETO",4,"2024-03-13",2024-02-28,9.8305,4.6,0,5.2305,19,0,1
"nowcast","RIBEIRÃO PRETO",1,"2024-03-18",2024-02-18,1.8,0,1.4,0.4,3,0,1
"nowcast","RIBEIRÃO PRETO",2,"2024-03-18",2024-02-25,3.32,0,2.8,0.52,6,0,1
"nowcast","RIBEIRÃO PRETO",3,"2024-03-18",2024-03-03,3.17,0,2.4,0.77,6,0,1
"nowcast","RIBEIRÃO PRETO",4,"2024-03-18",2024-03-10,7.71,0,6,1.71,14,0,1
"nowcast","RIBEIRÃO PRETO",1,"2024-03-20",2024-02-14,0.73,0,0.2,0.53,1,1,1
"nowcast","RIBEIRÃO PRETO",2,"2024-03-20",2024-02-21,4.85,0,4.2,0.65,9,0,1
"nowcast","RIBEIRÃO PRETO",3,"2024-03-20",2024-02-28,10.45025,0,9,1.45025,19,0,1
"nowcast","RIBEIRÃO PRETO",4,"2024-03-20",2024-03-06,10.55,0,7,3.55,23,0,1
"nowcast","RIBEIRÃO PRETO",1,"2024-03-27",2024-02-28,14.47025,0,14.19,0.28025,17,0,0
"nowcast","RIBEIRÃO PRETO",2,"2024-03-27",2024-03-06,3.91,0,3.4,0.51,7,0,1
"nowcast","RIBEIRÃO PRETO",3,"2024-03-27",2024-03-13,8.07025,0,7,1.07025,15,0,1
"nowcast","RIBEIRÃO PRETO",4,"2024-03-27",2024-03-20,7.19,0,4.8,2.39,14,0,1
"nowcast","RIBEIRÃO PRETO",1,"2024-04-10",2024-03-06,1.07,0,0.8,0.27,2,0,1
"nowcast","RIBEIRÃO PRETO",2,"2024-04-10",2024-03-13,10.19025,0,9.79,0.40025,13,0,0
"nowcast","RIBEIRÃO PRETO",3,"2024-04-10",2024-03-20,6.445,0,5.5,0.945,12,0,1
"nowcast","RIBEIRÃO PRETO",4,"2024-04-10",2024-03-27,18.6705,0,16.59,2.0805,33,0,0
"nowcast","RIBEIRÃO PRETO",1,"2024-04-17",2024-03-14,6.87,0,6.6,0.27,9,0,0
"nowcast","RIBEIRÃO PRETO",2,"2024-04-17",2024-03-21,2.58,0,2.2,0.38,5,0,1
"nowcast","RIBEIRÃO PRETO",3,"2024-04-17",2024-03-28,14.92,0,14.4,0.52,18,0,0
"nowcast","RIBEIRÃO PRETO",4,"2024-04-17",2024-04-04,38.7,0,37.4,1.3,47,0,0
"nowcast","RIBEIRÃO PRETO",1,"2024-04-23",2024-03-23,3.49,0,3.2,0.29,6,0,1
"nowcast","RIBEIRÃO PRETO",2,"2024-04-23",2024-03-30,0.81,0,0.4,0.41,2,1,1
"nowcast","RIBEIRÃO PRETO",3,"2024-04-23",2024-04-06,19.77,0,19,0.77,25,0,0
"nowcast","RIBEIRÃO PRETO",4,"2024-04-23",2024-04-13,3.97,0,1.8,2.17,9,1,1
"nowcast","RIBEIRÃO PRETO",1,"2024-05-06",2024-04-05,15.37,0,15,0.37,17,0,0
"nowcast","RIBEIRÃO PRETO",2,"2024-05-06",2024-04-12,21.19,0,20.8,0.39,24,0,0
"nowcast","RIBEIRÃO PRETO",3,"2024-05-06",2024-04-19,12.46,0,11.8,0.66,17,0,0
"nowcast","RIBEIRÃO PRETO",4,"2024-05-06",2024-04-26,40.95025,0,39.39,1.56025,51,0,0
"nowcast","RIBEIRÃO PRETO",1,"2024-05-15",2024-04-17,7.11,6.6,0,0.51,9,0,0
"nowcast","RIBEIRÃO PRETO",2,"2024-05-15",2024-04-24,1.98,1.2,0,0.78,4,0,1
"nowcast","RIBEIRÃO PRETO",3,"2024-05-15",2024-05-01,8.27025,0,6.4,1.87025,16,0,1
"nowcast","RIBEIRÃO PRETO",4,"2024-05-15",2024-05-08,6.0005,1.8,0,4.2005,9,1,1
"nowcast","RIBEIRÃO PRETO",1,"2024-05-23",2024-04-25,4.3,0,3.8,0.5,7,0,0
"nowcast","RIBEIRÃO PRETO",2,"2024-05-23",2024-05-02,1.05025,0.4,0,0.65025,2,1,1
"nowcast","RIBEIRÃO PRETO",3,"2024-05-23",2024-05-09,6.15025,0,5,1.15025,11,0,1
"nowcast","RIBEIRÃO PRETO",4,"2024-05-23",2024-05-16,12.02525,0,8.6,3.42525,23,0,1
"nowcast","RIBEIRÃO PRETO",1,"2024-05-29",2024-05-01,1.97,0,1.2,0.77,4,0,1
"nowcast","RIBEIRÃO PRETO",2,"2024-05-29",2024-05-08,2.30025,1.4,0,0.90025,5,0,1
"nowcast","RIBEIRÃO PRETO",3,"2024-05-29",2024-05-15,2.93,0.8,0,2.13,4,1,1
"nowcast","RIBEIRÃO PRETO",4,"2024-05-29",2024-05-22,12.0305,7.4,0,4.6305,23,0,1
"nowcast","RIBEIRÃO PRETO",1,"2024-06-05",2024-05-08,0.74,0.2,0,0.54,1,1,1
"nowcast","RIBEIRÃO PRETO",2,"2024-06-05",2024-05-15,8.18025,0,7.4,0.78025,13,0,0
"nowcast","RIBEIRÃO PRETO",3,"2024-06-05",2024-05-22,2.85,0,0.8,2.05,4,1,1
"nowcast","RIBEIRÃO PRETO",4,"2024-06-05",2024-05-29,6.19,1.8,0,4.39,9,1,1
"nowcast","RIBEIRÃO PRETO",1,"2024-06-12",2024-05-11,0.94,0,0.4,0.54,2,1,1
"nowcast","RIBEIRÃO PRETO",2,"2024-06-12",2024-05-18,5.46,0,4.8,0.66,10,0,1
"nowcast","RIBEIRÃO PRETO",3,"2024-06-12",2024-05-25,1.79025,0.6,0,1.19025,3,1,1
"nowcast","RIBEIRÃO PRETO",4,"2024-06-12",2024-06-01,4.315,1,0,3.315,5,1,1
"nowcast","RIBEIRÃO PRETO",1,"2024-06-19",2024-05-11,0.93025,0,0.4,0.53025,2,1,1
"nowcast","RIBEIRÃO PRETO",2,"2024-06-19",2024-05-18,5.48,0,4.8,0.68,10,0,1
"nowcast","RIBEIRÃO PRETO",3,"2024-06-19",2024-05-25,2.08,0.8,0,1.28,4,1,1
"nowcast","RIBEIRÃO PRETO",4,"2024-06-19",2024-06-01,4.8255,1.4,0,3.4255,7,1,1
"nowcast","RIBEIRÃO PRETO",1,"2024-06-26",2024-05-29,2.86,2.2,0,0.66,5,0,1
"nowcast","RIBEIRÃO PRETO",2,"2024-06-26",2024-06-05,4.53,3.6,0,0.93,8,0,1
"nowcast","RIBEIRÃO PRETO",3,"2024-06-26",2024-06-12,3.9105,1.6,0,2.3105,8,1,1
"nowcast","RIBEIRÃO PRETO",4,"2024-06-26",2024-06-19,6.59025,2.2,0,4.39025,11,1,1
"nowcast","RIBEIRÃO PRETO",1,"2024-07-04",2024-06-02,1.53,1,0,0.53,3,0,1
"nowcast","RIBEIRÃO PRETO",2,"2024-07-04",2024-06-09,0.86,0.2,0,0.66,1,1,1
"nowcast","RIBEIRÃO PRETO",3,"2024-07-04",2024-06-16,6.04,4.6,0,1.44,11,0,1
"nowcast","RIBEIRÃO PRETO",4,"2024-07-04",2024-06-23,17.12025,12.6,0,4.52025,31,0,1
"nowcast","RIBEIRÃO PRETO",1,"2024-07-17",2024-06-08,2.27,0,2,0.27,4,0,1
"nowcast","RIBEIRÃO PRETO",2,"2024-07-17",2024-06-15,0.51,0,0,0.51,0,1,1
"nowcast","RIBEIRÃO PRETO",3,"2024-07-17",2024-06-22,2.85,1.8,0,1.05,5,0,1
"nowcast","RIBEIRÃO PRETO",4,"2024-07-17",2024-06-29,5.32025,2.2,0,3.12025,11,1,1
"nowcast","RIBEIRÃO PRETO",1,"2024-08-07",2024-11-10,14.77525,0,9,5.77525,23,0,1
"nowcast","RIBEIRÃO PRETO",2,"2024-08-07",2024-11-17,19.56,0,10,9.55999999999999,30,0,1
"nowcast","RIBEIRÃO PRETO",3,"2024-08-07",2024-11-24,25.2825,0,3.6,21.6825,18,1,1
"nowcast","RIBEIRÃO PRETO",4,"2024-08-07",2024-12-01,121.7235,0,1.2,120.5235,6,1,1
"nowcast","RIBEIRÃO PRETO",1,"2024-08-28",2024-11-11,16.608,0,12.2,4.40799999999999,25,0,1
"nowcast","RIBEIRÃO PRETO",2,"2024-08-28",2024-11-18,14.881,0,10.6,4.281,25,0,1
"nowcast","RIBEIRÃO PRETO",3,"2024-08-28",2024-11-25,18.402,0,4.4,14.002,22,1,1
"nowcast","RIBEIRÃO PRETO",4,"2024-08-28",2024-12-02,46.4155,0.9,0,45.5155,4.5,1,1
"nowcast","RIBEIRÃO PRETO",1,"2024-09-03",2024-11-11,16.04125,0,12.4,3.64125,26,0,1
"nowcast","RIBEIRÃO PRETO",2,"2024-09-03",2024-11-18,14.11275,0,10.2,3.91275,25,0,1
"nowcast","RIBEIRÃO PRETO",3,"2024-09-03",2024-11-25,14.01225,0,4.4,9.61224999999999,22,1,1
"nowcast","RIBEIRÃO PRETO",4,"2024-09-03",2024-12-02,34.35675,0.6,0,33.75675,3,1,1
"nowcast","RIBEIRÃO PRETO",1,"2024-09-11",2024-11-11,18.261,0,12.4,5.861,26,0,1
"nowcast","RIBEIRÃO PRETO",2,"2024-09-11",2024-11-18,18.703,0,10.2,8.50299999999997,25,0,1
"nowcast","RIBEIRÃO PRETO",3,"2024-09-11",2024-11-25,27.932,0,4.6,23.332,23,1,1
"nowcast","RIBEIRÃO PRETO",4,"2024-09-11",2024-12-02,59.62675,1.6,0,58.02675,8,1,1
"nowcast","RIBEIRÃO PRETO",1,"2024-09-25",2024-11-12,14.765,0,12.6,2.16499999999999,25,0,1
"nowcast","RIBEIRÃO PRETO",2,"2024-09-25",2024-11-19,16.033,0,11.4,4.633,25,0,1
"nowcast","RIBEIRÃO PRETO",3,"2024-09-25",2024-11-26,13.7925,0,4.6,9.1925,21,0,1
"nowcast","RIBEIRÃO PRETO",4,"2024-09-25",2024-12-03,32.4389999999999,0,0.9,31.5389999999999,4.5,1,1
"nowcast","RIBEIRÃO PRETO",1,"2024-10-02",2024-09-04,4.08,0,3.8,0.28,7,0,1
"nowcast","RIBEIRÃO PRETO",2,"2024-10-02",2024-09-11,1.4,0,1,0.4,3,0,1
"nowcast","RIBEIRÃO PRETO",3,"2024-10-02",2024-09-18,24.14,0,23.6,0.54,28,0,0
"nowcast","RIBEIRÃO PRETO",4,"2024-10-02",2024-09-25,25.51025,0,24.19,1.32025,35,0,0
"nowcast","RIBEIRÃO PRETO",1,"2024-10-09",2024-09-11,7.07,6.8,0,0.27,8,0,0
"nowcast","RIBEIRÃO PRETO",2,"2024-10-09",2024-09-18,8.19,0,7.8,0.39,11,0,0
"nowcast","RIBEIRÃO PRETO",3,"2024-10-09",2024-09-25,7.91,0,7.4,0.51,11,0,0
"nowcast","RIBEIRÃO PRETO",4,"2024-10-09",2024-10-02,14.7,0,13.4,1.3,23,0,0
"nowcast","SOROCABA",1,"2023-05-31",2023-05-03,11.44,0,10.4,1.04,18,0,0
"nowcast","SOROCABA",2,"2023-05-31",2023-05-10,6.64,0,5.6,1.04,12,0,1
"nowcast","SOROCABA",3,"2023-05-31",2023-05-17,22.29025,0,21,1.29025,31,0,0
"nowcast","SOROCABA",4,"2023-05-31",2023-05-24,12.42,0,10.6,1.82,23,0,1
"nowcast","SOROCABA",1,"2023-06-06",2023-05-09,6.49,0,5.6,0.89,12,0,1
"nowcast","SOROCABA",2,"2023-06-06",2023-05-16,20.02,0,19.2,0.82,26,0,0
"nowcast","SOROCABA",3,"2023-06-06",2023-05-23,14.83,0,13.8,1.03,21,0,0
"nowcast","SOROCABA",4,"2023-06-06",2023-05-30,22.67025,0,21.19,1.48025,34,0,0
"nowcast","SOROCABA",1,"2023-06-14",2023-05-17,9.04,0,8,1.04,16,0,1
"nowcast","SOROCABA",2,"2023-06-14",2023-05-24,3.24,0,2.2,1.04,7,0,1
"nowcast","SOROCABA",3,"2023-06-14",2023-05-31,12.30025,0,10.99,1.31025,21,0,0
"nowcast","SOROCABA",4,"2023-06-14",2023-06-07,7.52,0,5.4,2.12,15,0,1
"nowcast","SOROCABA",1,"2023-06-20",2023-05-23,3.54,0,2.6,0.94,7,0,1
"nowcast","SOROCABA",2,"2023-06-20",2023-05-30,8.17025,0,7,1.17025,15,0,1
"nowcast","SOROCABA",3,"2023-06-20",2023-06-06,2.31,0,1,1.31,5,1,1
"nowcast","SOROCABA",4,"2023-06-20",2023-06-13,11.12,0,9.2,1.92,20,0,1
"nowcast","SOROCABA",1,"2023-07-03",2023-06-03,14.83025,12.6,0,2.23025,23,0,0
"nowcast","SOROCABA",2,"2023-07-03",2023-06-10,7.04025,4.4,0,2.64025,14,0,1
"nowcast","SOROCABA",3,"2023-07-03",2023-06-17,5.64525,2.5,0,3.14525,10.5,0,1
"nowcast","SOROCABA",4,"2023-07-03",2023-06-24,11.661,7.2,0,4.461,22,0,1
"nowcast","SOROCABA",1,"2023-07-06",2023-06-08,22.42,19.6,0,2.82,32,0,0
"nowcast","SOROCABA",2,"2023-07-06",2023-06-15,21.85025,18.6,0,3.25025,33,0,0
"nowcast","SOROCABA",3,"2023-07-06",2023-06-22,10.7305,6.6,0,4.1305,19,0,1
"nowcast","SOROCABA",4,"2023-07-06",2023-06-29,7.84,2.5,0,5.34,12.5,1,1
"nowcast","SOROCABA",1,"2023-07-19",2023-06-21,7.13025,5.4,0,1.73025,13,0,1
"nowcast","SOROCABA",2,"2023-07-19",2023-06-28,2.98025,1.2,0,1.78025,6,1,1
"nowcast","SOROCABA",3,"2023-07-19",2023-07-05,3.02525,0,0.8,2.22525,4,1,1
"nowcast","SOROCABA",4,"2023-07-19",2023-07-12,3.6605,0.6,0,3.0605,3,1,1
"nowcast","SOROCABA",1,"2023-07-25",2023-06-27,2.49,0,1.8,0.69,5,0,1
"nowcast","SOROCABA",2,"2023-07-25",2023-07-04,1.29,0,0.4,0.89,2,1,1
"nowcast","SOROCABA",3,"2023-07-25",2023-07-11,1.6,0,0.4,1.2,2,1,1
"nowcast","SOROCABA",4,"2023-07-25",2023-07-18,2.14,0,0.4,1.74,2,1,1
"nowcast","SOROCABA",1,"2023-08-02",2023-06-28,1.17025,0.4,0,0.77025,2,1,1
"nowcast","SOROCABA",2,"2023-08-02",2023-07-05,1.64,0.6,0,1.04,3,1,1
"nowcast","SOROCABA",3,"2023-08-02",2023-07-12,4.64,3.2,0,1.44,8,0,1
"nowcast","SOROCABA",4,"2023-08-02",2023-07-19,3.54025,1.2,0,2.34025,6,1,1
"nowcast","SOROCABA",1,"2023-08-08",2023-07-04,0.91,0.4,0,0.51,2,1,1
"nowcast","SOROCABA",2,"2023-08-08",2023-07-11,0.66025,0,0,0.66025,0,1,1
"nowcast","SOROCABA",3,"2023-08-08",2023-07-18,3.05,2,0,1.05,6,0,1
"nowcast","SOROCABA",4,"2023-08-08",2023-07-25,2.53525,0.8,0,1.73525,4,1,1
"nowcast","SOROCABA",1,"2023-08-16",2023-07-19,0.45,0,0.2,0.25,1,1,1
"nowcast","SOROCABA",2,"2023-08-16",2023-07-26,3.48,0,3.2,0.28,6,0,1
"nowcast","SOROCABA",3,"2023-08-16",2023-08-02,20.74,0,20.2,0.54,25,0,0
"nowcast","SOROCABA",4,"2023-08-16",2023-08-09,5.93,0,5,0.93,11,0,1
"nowcast","SOROCABA",1,"2023-08-23",2023-07-26,2.25,0,2,0.25,4,0,1
"nowcast","SOROCABA",2,"2023-08-23",2023-08-02,4.59,0,4.2,0.39,7,0,0
"nowcast","SOROCABA",3,"2023-08-23",2023-08-09,2.74,0,2.2,0.54,5,0,1
"nowcast","SOROCABA",4,"2023-08-23",2023-08-16,5.14,0,4,1.14,10,0,1
"nowcast","SOROCABA",1,"2023-08-30",2023-07-26,1.16,0,0.9,0.26,2.5,0,1
"nowcast","SOROCABA",2,"2023-08-30",2023-08-02,2.11,0,1.6,0.51,4,0,1
"nowcast","SOROCABA",3,"2023-08-30",2023-08-09,1.20025,0.4,0,0.80025,2,1,1
"nowcast","SOROCABA",4,"2023-08-30",2023-08-16,2.02,0.4,0,1.62,2,1,1
"nowcast","SOROCABA",1,"2023-09-06",2023-08-09,1.65,0,1.4,0.25,3,0,1
"nowcast","SOROCABA",2,"2023-09-06",2023-08-16,1.66,0,1.4,0.26,3,0,1
"nowcast","SOROCABA",3,"2023-09-06",2023-08-23,7.91,0,7.4,0.51,11,0,0
"nowcast","SOROCABA",4,"2023-09-06",2023-08-30,7.1,0,6.2,0.9,13,0,1
"nowcast","SOROCABA",1,"2023-09-19",2023-08-22,1.04,0,0.8,0.24,2,0,1
"nowcast","SOROCABA",2,"2023-09-19",2023-08-29,5.26,0,5,0.26,7,0,0
"nowcast","SOROCABA",3,"2023-09-19",2023-09-05,3.3,0,2.8,0.5,6,0,1
"nowcast","SOROCABA",4,"2023-09-19",2023-09-12,18.5,0,17.6,0.9,24,0,0
"nowcast","SOROCABA",1,"2023-09-27",2023-08-30,1.65,0,1.4,0.25,3,0,1
"nowcast","SOROCABA",2,"2023-09-27",2023-09-06,0.58,0,0.2,0.38,1,1,1
"nowcast","SOROCABA",3,"2023-09-27",2023-09-13,5.48,0,4.8,0.68,10,0,1
"nowcast","SOROCABA",4,"2023-09-27",2023-09-20,16.58025,0,14.99,1.59025,29,0,0
"nowcast","SOROCABA",1,"2023-10-06",2023-09-08,0.45,0.2,0,0.25,1,1,1
"nowcast","SOROCABA",2,"2023-10-06",2023-09-15,1.4,0,1,0.4,3,0,1
"nowcast","SOROCABA",3,"2023-10-06",2023-09-22,7.52,0,6.6,0.92,13,0,1
"nowcast","SOROCABA",4,"2023-10-06",2023-09-29,18.33025,0,16.6,1.73025,31,0,0
"nowcast","SOROCABA",1,"2023-10-11",2023-09-13,0.79,0,0.4,0.39,2,1,1
"nowcast","SOROCABA",2,"2023-10-11",2023-09-20,2.74025,0,2.2,0.54025,5,0,1
"nowcast","SOROCABA",3,"2023-10-11",2023-09-27,1.305,0,0.2,1.105,1,1,1
"nowcast","SOROCABA",4,"2023-10-11",2023-10-04,11.38,0,8.8,2.58,22,0,1
"nowcast","SOROCABA",1,"2023-10-18",2023-09-20,2.4,0,2,0.4,4,0,1
"nowcast","SOROCABA",2,"2023-10-18",2023-09-27,0.93,0,0.4,0.53,2,1,1
"nowcast","SOROCABA",3,"2023-10-18",2023-10-04,16.28,0,15.2,1.08,24,0,0
"nowcast","SOROCABA",4,"2023-10-18",2023-10-11,15.5,0,13,2.5,29,0,1
"nowcast","SOROCABA",1,"2023-10-20",2023-09-22,1.99,0,1.6,0.39,4,0,1
"nowcast","SOROCABA",2,"2023-10-20",2023-09-29,1.85,0,1.2,0.65,4,0,1
"nowcast","SOROCABA",3,"2023-10-20",2023-10-06,5.93,0,4.6,1.33,11,0,1
"nowcast","SOROCABA",4,"2023-10-20",2023-10-13,6.07025,2.8,0,3.27025,12,0,1
"nowcast","SOROCABA",1,"2023-10-25",2023-09-27,0.78025,0,0.4,0.38025,2,1,1
"nowcast","SOROCABA",2,"2023-10-25",2023-10-04,16.21,0,15.8,0.41,19,0,0
"nowcast","SOROCABA",3,"2023-10-25",2023-10-11,6.08,0,5,1.08,11,0,1
"nowcast","SOROCABA",4,"2023-10-25",2023-10-18,13.99025,0,11.6,2.39025,26,0,1
"nowcast","SOROCABA",1,"2023-11-01",2023-10-04,2.02,0,1.6,0.42,4,0,1
"nowcast","SOROCABA",2,"2023-11-01",2023-10-11,2.47,0,1.8,0.67,5,0,1
"nowcast","SOROCABA",3,"2023-11-01",2023-10-18,1.93,0.2,0,1.73,1,1,1
"nowcast","SOROCABA",4,"2023-11-01",2023-10-25,4.80525,0.8,0,4.00525,4,1,1
"nowcast","SOROCABA",1,"2023-11-08",2023-10-11,2.62,0,2.2,0.42,5,0,1
"nowcast","SOROCABA",2,"2023-11-08",2023-10-18,3.95,0,3.4,0.55,7,0,1
"nowcast","SOROCABA",3,"2023-11-08",2023-10-25,1.78025,0.2,0,1.58025,1,1,1
"nowcast","SOROCABA",4,"2023-11-08",2023-11-01,4.18025,0.6,0,3.58025,3,1,1
"nowcast","SOROCABA",1,"2023-11-13",2023-10-14,1.13,0,0.6,0.53,3,1,1
"nowcast","SOROCABA",2,"2023-11-13",2023-10-21,3.41,2.4,0,1.01,6,0,1
"nowcast","SOROCABA",3,"2023-11-13",2023-10-28,15.71,13.6,0,2.11,24,0,0
"nowcast","SOROCABA",4,"2023-11-13",2023-11-04,12.085,7.5,0,4.585,22,0,1
"nowcast","SOROCABA",1,"2023-11-29",2023-11-01,1.06,0,0.8,0.26,2,0,1
"nowcast","SOROCABA",2,"2023-11-29",2023-11-08,3.29,0,2.8,0.49,6,0,1
"nowcast","SOROCABA",3,"2023-11-29",2023-11-15,2.47,0,1.8,0.67,5,0,1
"nowcast","SOROCABA",4,"2023-11-29",2023-11-22,5.04025,0,3.6,1.44025,10,0,1
"nowcast","SOROCABA",1,"2023-12-06",2023-11-08,5.26,0,5,0.26,7,0,0
"nowcast","SOROCABA",2,"2023-12-06",2023-11-15,2.57,0,2.2,0.37,5,0,1
"nowcast","SOROCABA",3,"2023-12-06",2023-11-22,1.73,0,1.2,0.53,4,0,1
"nowcast","SOROCABA",4,"2023-12-06",2023-11-29,6.24,0,5.2,1.04,12,0,1
"nowcast","SOROCABA",1,"2023-12-13",2023-11-15,3.15,0,3,0.15,5,0,0
"nowcast","SOROCABA",2,"2023-12-13",2023-11-22,2.26,0,2,0.26,4,0,1
"nowcast","SOROCABA",3,"2023-12-13",2023-11-29,3.81,0,3.4,0.41,7,0,1
"nowcast","SOROCABA",4,"2023-12-13",2023-12-06,2.79,0,2,0.79,6,0,1
"nowcast","SOROCABA",1,"2023-12-20",2023-11-22,3.32025,0,3.19,0.13025,4,0,0
"nowcast","SOROCABA",2,"2023-12-20",2023-11-29,5.15,0,5,0.15,7,0,0
"nowcast","SOROCABA",3,"2023-12-20",2023-12-06,0.38,0,0,0.38,0,1,1
"nowcast","SOROCABA",4,"2023-12-20",2023-12-13,5.14,0,4.6,0.54,9,0,1
"nowcast","SOROCABA",1,"2023-12-27",2023-11-22,2.64,0,2.4,0.24,4,0,0
"nowcast","SOROCABA",2,"2023-12-27",2023-11-29,1.66,0,1.4,0.26,3,0,1
"nowcast","SOROCABA",3,"2023-12-27",2023-12-06,0.7,0.2,0,0.5,1,1,1
"nowcast","SOROCABA",4,"2023-12-27",2023-12-13,1.19,0,0.4,0.79,2,1,1
"nowcast","SOROCABA",1,"2024-01-03",2023-12-06,0.73,0,0.6,0.13,1,0,1
"nowcast","SOROCABA",2,"2024-01-03",2023-12-13,2.64,0,2.4,0.24,4,0,0
"nowcast","SOROCABA",3,"2024-01-03",2023-12-20,0.95,0,0.8,0.15,2,0,1
"nowcast","SOROCABA",4,"2024-01-03",2023-12-27,10.19,0,9.8,0.39,13,0,0
"nowcast","SOROCABA",1,"2024-01-17",2023-12-20,1.13,1,0,0.13,1,0,0
"nowcast","SOROCABA",2,"2024-01-17",2023-12-27,2.64,0,2.4,0.24,4,0,0
"nowcast","SOROCABA",3,"2024-01-17",2024-01-03,7.64,0,7.4,0.24,9,0,0
"nowcast","SOROCABA",4,"2024-01-17",2024-01-10,7.88,0,7.6,0.28,10,0,0
"nowcast","SOROCABA",1,"2024-01-31",2024-01-03,3.53,0,3.4,0.13,5,0,0
"nowcast","SOROCABA",2,"2024-01-31",2024-01-10,1.04025,0,0.8,0.24025,2,0,1
"nowcast","SOROCABA",3,"2024-01-31",2024-01-17,2.27,0,2,0.27,4,0,1
"nowcast","SOROCABA",4,"2024-01-31",2024-01-24,3.92025,0,3.4,0.52025,7,0,1
"nowcast","SOROCABA",1,"2024-02-07",2024-01-10,0.94,0,0.8,0.14,2,0,1
"nowcast","SOROCABA",2,"2024-02-07",2024-01-17,4.55,0,4.4,0.15,6,0,0
"nowcast","SOROCABA",3,"2024-02-07",2024-01-24,1.69,0,1.4,0.29,3,0,1
"nowcast","SOROCABA",4,"2024-02-07",2024-01-31,3.36,0,2.8,0.56,6,0,1
"nowcast","SOROCABA",1,"2024-02-14",2024-01-18,3.92,0,3.8,0.12,5,0,0
"nowcast","SOROCABA",2,"2024-02-14",2024-01-25,1.53,0,1.4,0.13,3,0,1
"nowcast","SOROCABA",3,"2024-02-14",2024-02-01,7.85,0,7.6,0.25,10,0,0
"nowcast","SOROCABA",4,"2024-02-14",2024-02-08,22.5,0,22,0.5,26,0,0
"nowcast","SOROCABA",1,"2024-02-28",2024-01-31,3.13025,0,2.99,0.14025,5,0,0
"nowcast","SOROCABA",2,"2024-02-28",2024-02-07,7.47,0,7.2,0.27,10,0,0
"nowcast","SOROCABA",3,"2024-02-28",2024-02-14,8.41,0,8,0.41,12,0,0
"nowcast","SOROCABA",4,"2024-02-28",2024-02-21,29.55,0,28.6,0.95,37,0,0
"nowcast","SOROCABA",1,"2024-03-06",2024-02-07,7.14,0,7,0.14,9,0,0
"nowcast","SOROCABA",2,"2024-03-06",2024-02-14,2.28,0,2,0.28,4,0,1
"nowcast","SOROCABA",3,"2024-03-06",2024-02-21,11.44,0,10.8,0.64,16,0,0
"nowcast","SOROCABA",4,"2024-03-06",2024-02-28,18.23,0,16.8,1.43,28,0,0
"nowcast","SOROCABA",1,"2024-03-13",2024-02-14,3.94,0,3.8,0.14,5,0,0
"nowcast","SOROCABA",2,"2024-03-13",2024-02-21,11.87,0,11.6,0.27,14,0,0
"nowcast","SOROCABA",3,"2024-03-13",2024-02-28,13.52,0,13,0.52,17,0,0
"nowcast","SOROCABA",4,"2024-03-13",2024-03-06,20.44025,0,19.39,1.05025,29,0,0
"nowcast","SOROCABA",1,"2024-03-18",2024-02-17,3.52025,0,3.2,0.32025,6,0,1
"nowcast","SOROCABA",2,"2024-03-18",2024-02-24,5.66025,0,5.2,0.46025,10,0,1
"nowcast","SOROCABA",3,"2024-03-18",2024-03-02,8.31,0,7.6,0.71,14,0,1
"nowcast","SOROCABA",4,"2024-03-18",2024-03-09,7.95,0,6.2,1.75,15,0,1
"nowcast","SOROCABA",1,"2024-03-20",2024-02-21,7.48,0,7.2,0.28,10,0,0
"nowcast","SOROCABA",2,"2024-03-20",2024-02-28,14.47025,0,14.19,0.28025,17,0,0
"nowcast","SOROCABA",3,"2024-03-20",2024-03-06,14.8,0,14.4,0.4,18,0,0
"nowcast","SOROCABA",4,"2024-03-20",2024-03-13,35.38025,0,34.59,0.79025,41,0,0
"nowcast","SOROCABA",1,"2024-03-27",2024-02-28,9.87,0,9.6,0.27,12,0,0
"nowcast","SOROCABA",2,"2024-03-27",2024-03-06,7.19,0,6.8,0.39,10,0,0
"nowcast","SOROCABA",3,"2024-03-27",2024-03-13,16.53,0,16,0.53,20,0,0
"nowcast","SOROCABA",4,"2024-03-27",2024-03-20,9.65,0,8.6,1.05,17,0,0
"nowcast","SOROCABA",1,"2024-04-10",2024-03-12,2.01025,0,1.6,0.41025,4,0,1
"nowcast","SOROCABA",2,"2024-04-10",2024-03-19,7.41,0,7,0.41,11,0,0
"nowcast","SOROCABA",3,"2024-04-10",2024-03-26,13.52,0,13,0.52,17,0,0
"nowcast","SOROCABA",4,"2024-04-10",2024-04-02,42.77,0,42.2,0.57,49,0,0
"nowcast","SOROCABA",1,"2024-04-17",2024-03-14,0.72,0,0.2,0.52,1,1,1
"nowcast","SOROCABA",2,"2024-04-17",2024-03-21,3.31,0,2.8,0.51,6,0,1
"nowcast","SOROCABA",3,"2024-04-17",2024-03-28,7.14,0,6.6,0.54,11,0,0
"nowcast","SOROCABA",4,"2024-04-17",2024-04-04,34.74,0,33.6,1.14,42,0,0
"nowcast","SOROCABA",1,"2024-04-23",2024-03-23,1.2,0.8,0,0.4,2,0,1
"nowcast","SOROCABA",2,"2024-04-23",2024-03-30,1.55,0,1,0.55,3,0,1
"nowcast","SOROCABA",3,"2024-04-23",2024-04-06,2.05025,0,1,1.05025,5,1,1
"nowcast","SOROCABA",4,"2024-04-23",2024-04-13,2.56025,0,0.2,2.36025,1,1,1
"nowcast","SOROCABA",1,"2024-05-06",2024-04-05,6.88,0,6.6,0.28,9,0,0
"nowcast","SOROCABA",2,"2024-05-06",2024-04-12,2.12,0,1.6,0.52,4,0,1
"nowcast","SOROCABA",3,"2024-05-06",2024-04-19,1.96,0,1.2,0.76,4,0,1
"nowcast","SOROCABA",4,"2024-05-06",2024-04-26,3.97,2.4,0,1.57,8,0,1
"nowcast","SOROCABA",1,"2024-05-15",2024-04-17,0.77,0,0.4,0.37,2,1,1
"nowcast","SOROCABA",2,"2024-05-15",2024-04-24,0.61,0.2,0,0.41,1,1,1
"nowcast","SOROCABA",3,"2024-05-15",2024-05-01,0.74,0,0.2,0.54,1,1,1
"nowcast","SOROCABA",4,"2024-05-15",2024-05-08,8.62,0,7.6,1.02,16,0,1
"nowcast","SOROCABA",1,"2024-05-23",2024-04-25,0.46,0,0.2,0.26,1,1,1
"nowcast","SOROCABA",2,"2024-05-23",2024-05-02,1.77,0,1.4,0.37,3,0,1
"nowcast","SOROCABA",3,"2024-05-23",2024-05-09,1.1,0,0.6,0.5,3,1,1
"nowcast","SOROCABA",4,"2024-05-23",2024-05-16,24.78,0,24,0.78,30,0,0
"nowcast","SOROCABA",1,"2024-05-29",2024-05-01,1.04,0,0.8,0.24,2,0,1
"nowcast","SOROCABA",2,"2024-05-29",2024-05-08,1.06,0,0.8,0.26,2,0,1
"nowcast","SOROCABA",3,"2024-05-29",2024-05-15,11.19,0,10.8,0.39,14,0,0
"nowcast","SOROCABA",4,"2024-05-29",2024-05-22,19.87,0,19,0.87,25,0,0
"nowcast","SOROCABA",1,"2024-06-05",2024-05-08,1.04,0,0.8,0.24,2,0,1
"nowcast","SOROCABA",2,"2024-06-05",2024-05-15,5.87,0,5.6,0.27,8,0,0
"nowcast","SOROCABA",3,"2024-06-05",2024-05-22,8.90025,0,8.39,0.51025,12,0,0
"nowcast","SOROCABA",4,"2024-06-05",2024-05-29,11.41,0,10.6,0.81,17,0,0
"nowcast","SOROCABA",1,"2024-06-12",2024-05-11,1.66,0,1.4,0.26,3,0,1
"nowcast","SOROCABA",2,"2024-06-12",2024-05-18,2.59,0,2.2,0.39,5,0,1
"nowcast","SOROCABA",3,"2024-06-12",2024-05-25,2.46,0,1.8,0.66,5,0,1
"nowcast","SOROCABA",4,"2024-06-12",2024-06-01,6.84,0,5.4,1.44,13,0,1
"nowcast","SOROCABA",1,"2024-06-19",2024-05-11,1.66,0,1.4,0.26,3,0,1
"nowcast","SOROCABA",2,"2024-06-19",2024-05-18,2.6,0,2.2,0.4,5,0,1
"nowcast","SOROCABA",3,"2024-06-19",2024-05-25,2.46,0,1.8,0.66,5,0,1
"nowcast","SOROCABA",4,"2024-06-19",2024-06-01,6.84,0,5.4,1.44,13,0,1
"nowcast","SOROCABA",1,"2024-06-26",2024-05-29,2.25,0,2,0.25,4,0,1
"nowcast","SOROCABA",2,"2024-06-26",2024-06-05,5.57,0,5.2,0.37,8,0,0
"nowcast","SOROCABA",3,"2024-06-26",2024-06-12,16.13,0,15.6,0.53,20,0,0
"nowcast","SOROCABA",4,"2024-06-26",2024-06-19,17.74,0,16.6,1.14,25,0,0
"nowcast","SOROCABA",1,"2024-07-04",2024-06-01,1.37,0,1,0.37,3,0,1
"nowcast","SOROCABA",2,"2024-07-04",2024-06-08,0.84,0,0.2,0.64,1,1,1
"nowcast","SOROCABA",3,"2024-07-04",2024-06-15,1.78,0,0.6,1.18,3,1,1
"nowcast","SOROCABA",4,"2024-07-04",2024-06-22,16.9505,13.99,0,2.9605,28,0,0
"nowcast","SOROCABA",1,"2024-07-17",2024-06-08,0.78,0,0.4,0.38,2,1,1
"nowcast","SOROCABA",2,"2024-07-17",2024-06-15,3.33,0,2.8,0.53,6,0,1
"nowcast","SOROCABA",3,"2024-07-17",2024-06-22,9.9,8.6,0,1.3,15,0,0
"nowcast","SOROCABA",4,"2024-07-17",2024-06-29,7.69025,4.8,0,2.89025,14,0,1
"nowcast","SOROCABA",1,"2024-08-07",2024-11-10,25.4609999999999,0,16.8,8.66099999999992,32,0,1
"nowcast","SOROCABA",2,"2024-08-07",2024-11-17,35.4757499999999,0,25.6,9.87574999999989,48,0,1
"nowcast","SOROCABA",3,"2024-08-07",2024-11-24,125.552749999998,0,19.5,106.052749999998,40,0,1
"nowcast","SOROCABA",4,"2024-08-07",2024-12-01,33.6579999999994,0,8,25.6579999999994,22,0,1
"nowcast","SOROCABA",1,"2024-08-28",2024-11-11,21.59025,0,20.79,0.80025,34,0,0
"nowcast","SOROCABA",2,"2024-08-28",2024-11-18,31.31025,0,30.39,0.92025,44,0,0
"nowcast","SOROCABA",3,"2024-08-28",2024-11-25,22.171,0,20.6,1.571,39,0,1
"nowcast","SOROCABA",4,"2024-08-28",2024-12-02,29.103,0,14.2,14.903,31,0,1
"nowcast","SOROCABA",1,"2024-09-03",2024-11-11,21.1905,0,20.38,0.8105,34,0,0
"nowcast","SOROCABA",2,"2024-09-03",2024-11-18,29.36025,0,28.39,0.97025,44,0,0
"nowcast","SOROCABA",3,"2024-09-03",2024-11-25,22.011,0,20.2,1.811,39,0,1
"nowcast","SOROCABA",4,"2024-09-03",2024-12-02,41.092,0,12.8,28.292,30,0,1
"nowcast","SOROCABA",1,"2024-09-11",2024-11-11,26.89725,0,15.6,11.29725,32,0,1
"nowcast","SOROCABA",2,"2024-09-11",2024-11-18,29.235,0,26,3.235,46,0,1
"nowcast","SOROCABA",3,"2024-09-11",2024-11-25,30.25575,0,24.3,5.95575,44,0,1
"nowcast","SOROCABA",4,"2024-09-11",2024-12-02,69.3497499999999,0,2.2,67.1497499999999,11,1,1
"nowcast","SOROCABA",1,"2024-09-25",2024-11-12,46.9189999999998,0,9.8,37.1189999999998,29,0,1
"nowcast","SOROCABA",2,"2024-09-25",2024-11-19,57.4152499999998,0,14.9,42.5152499999998,41,0,1
"nowcast","SOROCABA",3,"2024-09-25",2024-11-26,57.2264999999998,0,7.6,49.6264999999998,34,0,1
"nowcast","SOROCABA",4,"2024-09-25",2024-12-03,126.05125,0,4.8,121.25125,24,1,1
"nowcast","SOROCABA",1,"2024-10-02",2024-09-04,8.57,0,8.2,0.37,11,0,0
"nowcast","SOROCABA",2,"2024-10-02",2024-09-11,0.79,0,0.4,0.39,2,1,1
"nowcast","SOROCABA",3,"2024-10-02",2024-09-18,11.23,0,10.6,0.63,15,0,0
"nowcast","SOROCABA",4,"2024-10-02",2024-09-25,15.09025,0,13.79,1.30025,23,0,0
"nowcast","SOROCABA",1,"2024-10-09",2024-09-11,2.06,1.8,0,0.26,3,0,0
"nowcast","SOROCABA",2,"2024-10-09",2024-09-18,1.38025,0,1,0.38025,3,0,1
"nowcast","SOROCABA",3,"2024-10-09",2024-09-25,3.63,0,3,0.63,7,0,1
"nowcast","SOROCABA",4,"2024-10-09",2024-10-02,10.645,0,9.3,1.345,19,0,1
"nowcast","SÃO JOSÉ DO RIO PRETO",1,"2023-05-31",2023-04-26,13.13025,12.8,0,0.33025,14,0,0
"nowcast","SÃO JOSÉ DO RIO PRETO",2,"2023-05-31",2023-05-03,5.94025,0,5.6,0.34025,10,0,1
"nowcast","SÃO JOSÉ DO RIO PRETO",3,"2023-05-31",2023-05-10,5.79,0,5,0.79,11,0,1
"nowcast","SÃO JOSÉ DO RIO PRETO",4,"2023-05-31",2023-05-17,4.84025,1.8,0,3.04025,9,1,1
"nowcast","SÃO JOSÉ DO RIO PRETO",1,"2023-06-06",2023-05-02,17.06425,0,8.6,8.46424999999999,15,0,1
"nowcast","SÃO JOSÉ DO RIO PRETO",2,"2023-06-06",2023-05-09,10.279,0,0.4,9.879,2,1,1
"nowcast","SÃO JOSÉ DO RIO PRETO",3,"2023-06-06",2023-05-16,20.407,8.8,0,11.607,20,0,1
"nowcast","SÃO JOSÉ DO RIO PRETO",4,"2023-06-06",2023-05-23,20.374,3.8,0,16.574,19,1,1
"nowcast","SÃO JOSÉ DO RIO PRETO",1,"2023-06-14",2023-05-10,2.301,0,1.6,0.701,4,0,1
"nowcast","SÃO JOSÉ DO RIO PRETO",2,"2023-06-14",2023-05-17,6.38025,5.6,0,0.78025,8,0,0
"nowcast","SÃO JOSÉ DO RIO PRETO",3,"2023-06-14",2023-05-24,26.511,0,25.56,0.951,38,0,0
"nowcast","SÃO JOSÉ DO RIO PRETO",4,"2023-06-14",2023-05-31,11.26025,0,8.6,2.66025,21,0,1
"nowcast","SÃO JOSÉ DO RIO PRETO",1,"2023-06-20",2023-05-16,7.6405,7,0,0.6405,9,0,0
"nowcast","SÃO JOSÉ DO RIO PRETO",2,"2023-06-20",2023-05-23,19,0,18.2,0.8,29,0,0
"nowcast","SÃO JOSÉ DO RIO PRETO",3,"2023-06-20",2023-05-30,8.30025,0,6.4,1.90025,16,0,1
"nowcast","SÃO JOSÉ DO RIO PRETO",4,"2023-06-20",2023-06-06,6.885,2.4,0,4.485,12,1,1
"nowcast","SÃO JOSÉ DO RIO PRETO",1,"2023-07-03",2023-05-29,2.784,0,1.6,1.184,4,0,1
"nowcast","SÃO JOSÉ DO RIO PRETO",2,"2023-07-03",2023-06-05,4.544,0,3.2,1.344,8,0,1
"nowcast","SÃO JOSÉ DO RIO PRETO",3,"2023-07-03",2023-06-12,3.441,1,0,2.441,5,1,1
"nowcast","SÃO JOSÉ DO RIO PRETO",4,"2023-07-03",2023-06-19,11.3615,0,6.4,4.9615,22,0,1
"nowcast","SÃO JOSÉ DO RIO PRETO",1,"2023-07-06",2023-06-01,5.06,0,4.6,0.46,9,0,1
"nowcast","SÃO JOSÉ DO RIO PRETO",2,"2023-07-06",2023-06-08,6.16025,5.6,0,0.56025,8,0,0
"nowcast","SÃO JOSÉ DO RIO PRETO",3,"2023-07-06",2023-06-15,14.54025,13.6,0,0.94025,18,0,0
"nowcast","SÃO JOSÉ DO RIO PRETO",4,"2023-07-06",2023-06-22,3.22025,0.2,0,3.02025,1,1,1
"nowcast","SÃO JOSÉ DO RIO PRETO",1,"2023-07-19",2023-06-14,10.58,10.2,0,0.38,11,0,0
"nowcast","SÃO JOSÉ DO RIO PRETO",2,"2023-07-19",2023-06-21,5.40025,0,4.99,0.41025,9,0,0
"nowcast","SÃO JOSÉ DO RIO PRETO",3,"2023-07-19",2023-06-28,5.27,0,4.6,0.67,9,0,1
"nowcast","SÃO JOSÉ DO RIO PRETO",4,"2023-07-19",2023-07-05,6.15525,0,3.9,2.25525,12,0,1
"nowcast","SÃO JOSÉ DO RIO PRETO",1,"2023-07-25",2023-06-20,7.5,0,7,0.5,13,0,1
"nowcast","SÃO JOSÉ DO RIO PRETO",2,"2023-07-25",2023-06-27,2.79025,0,2.2,0.59025,5,0,1
"nowcast","SÃO JOSÉ DO RIO PRETO",3,"2023-07-25",2023-07-04,9.99,0,8.4,1.59,18,0,1
"nowcast","SÃO JOSÉ DO RIO PRETO",4,"2023-07-25",2023-07-11,4.71,0,0.8,3.91,4,1,1
"nowcast","SÃO JOSÉ DO RIO PRETO",1,"2023-08-02",2023-06-28,3.86,0,3.4,0.46,7,0,1
"nowcast","SÃO JOSÉ DO RIO PRETO",2,"2023-08-02",2023-07-05,5.08,0,4.6,0.48,9,0,1
"nowcast","SÃO JOSÉ DO RIO PRETO",3,"2023-08-02",2023-07-12,9.67025,0,9,0.67025,15,0,0
"nowcast","SÃO JOSÉ DO RIO PRETO",4,"2023-08-02",2023-07-19,8.12025,0,6.4,1.72025,16,0,1
"nowcast","SÃO JOSÉ DO RIO PRETO",1,"2023-08-08",2023-07-04,10.63,0,10,0.63,18,0,1
"nowcast","SÃO JOSÉ DO RIO PRETO",2,"2023-08-08",2023-07-11,8.7915,0,8.2,0.591499999999999,15,0,1
"nowcast","SÃO JOSÉ DO RIO PRETO",3,"2023-08-08",2023-07-18,4.55,0,3.3,1.25,8.5,0,1
"nowcast","SÃO JOSÉ DO RIO PRETO",4,"2023-08-08",2023-07-25,9.841,0,7,2.841,19,0,1
"nowcast","SÃO JOSÉ DO RIO PRETO",1,"2023-08-16",2023-07-12,14.69,0,14.4,0.29,18,0,0
"nowcast","SÃO JOSÉ DO RIO PRETO",2,"2023-08-16",2023-07-19,1.12025,0.8,0,0.32025,2,0,1
"nowcast","SÃO JOSÉ DO RIO PRETO",3,"2023-08-16",2023-07-26,0.7505,0.2,0,0.5505,1,1,1
"nowcast","SÃO JOSÉ DO RIO PRETO",4,"2023-08-16",2023-08-02,6.59025,3.8,0,2.79025,13,0,1
"nowcast","SÃO JOSÉ DO RIO PRETO",1,"2023-08-23",2023-07-19,1.58,1.2,0,0.38,2,0,0
"nowcast","SÃO JOSÉ DO RIO PRETO",2,"2023-08-23",2023-07-26,0.72025,0.2,0,0.52025,1,1,1
"nowcast","SÃO JOSÉ DO RIO PRETO",3,"2023-08-23",2023-08-02,2.97025,2.2,0,0.77025,5,0,1
"nowcast","SÃO JOSÉ DO RIO PRETO",4,"2023-08-23",2023-08-09,7.51025,0,5,2.51025,15,0,1
"nowcast","SÃO JOSÉ DO RIO PRETO",1,"2023-08-30",2023-07-26,0.570749999999999,0.2,0,0.370749999999999,1,1,1
"nowcast","SÃO JOSÉ DO RIO PRETO",2,"2023-08-30",2023-08-02,6.31025,5.8,0,0.51025,7,0,0
"nowcast","SÃO JOSÉ DO RIO PRETO",3,"2023-08-30",2023-08-09,9.1605,0,8.4,0.7605,16,0,1
"nowcast","SÃO JOSÉ DO RIO PRETO",4,"2023-08-30",2023-08-16,3.40025,0,1,2.40025,5,1,1
"nowcast","SÃO JOSÉ DO RIO PRETO",1,"2023-09-06",2023-08-02,4.56025,4.2,0,0.36025,5,0,0
"nowcast","SÃO JOSÉ DO RIO PRETO",2,"2023-09-06",2023-08-09,5.96025,0,5.6,0.36025,10,0,1
"nowcast","SÃO JOSÉ DO RIO PRETO",3,"2023-09-06",2023-08-16,1.02,0,0.4,0.62,2,1,1
"nowcast","SÃO JOSÉ DO RIO PRETO",4,"2023-09-06",2023-08-23,8.73525,0,6.5,2.23525,17,0,1
"nowcast","SÃO JOSÉ DO RIO PRETO",1,"2023-09-19",2023-08-15,6.22025,0,4,2.22025,8,0,1
"nowcast","SÃO JOSÉ DO RIO PRETO",2,"2023-09-19",2023-08-22,7.09175,0,4.8,2.29175,10,0,1
"nowcast","SÃO JOSÉ DO RIO PRETO",3,"2023-09-19",2023-08-29,3.65375,0,0.8,2.85375,4,1,1
"nowcast","SÃO JOSÉ DO RIO PRETO",4,"2023-09-19",2023-09-05,5.8005,0.8,0,5.0005,4,1,1
"nowcast","SÃO JOSÉ DO RIO PRETO",1,"2023-09-27",2023-08-23,14.13,0,13.8,0.33,19,0,0
"nowcast","SÃO JOSÉ DO RIO PRETO",2,"2023-09-27",2023-08-30,2.33025,0,2,0.33025,4,0,1
"nowcast","SÃO JOSÉ DO RIO PRETO",3,"2023-09-27",2023-09-06,12.46,11.8,0,0.66,15,0,0
"nowcast","SÃO JOSÉ DO RIO PRETO",4,"2023-09-27",2023-09-13,2.01075,0,0,2.01075,0,1,1
"nowcast","SÃO JOSÉ DO RIO PRETO",1,"2023-10-06",2023-09-08,7.9425,7.2,0,0.7425,8,0,0
"nowcast","SÃO JOSÉ DO RIO PRETO",2,"2023-10-06",2023-09-15,4.65,0,3.8,0.85,7,0,1
"nowcast","SÃO JOSÉ DO RIO PRETO",3,"2023-10-06",2023-09-22,7.48125,0,6.4,1.08125,12,0,1
"nowcast","SÃO JOSÉ DO RIO PRETO",4,"2023-10-06",2023-09-29,18.66125,0,16.2,2.46125,33,0,1
"nowcast","SÃO JOSÉ DO RIO PRETO",1,"2023-10-11",2023-09-06,15.27125,14.2,0,1.07125,15,0,0
"nowcast","SÃO JOSÉ DO RIO PRETO",2,"2023-10-11",2023-09-13,3.1005,0,2,1.1005,4,0,1
"nowcast","SÃO JOSÉ DO RIO PRETO",3,"2023-10-11",2023-09-20,2.971,0,1.6,1.371,4,0,1
"nowcast","SÃO JOSÉ DO RIO PRETO",4,"2023-10-11",2023-09-27,3.29,0,0.6,2.69,3,1,1
"nowcast","SÃO JOSÉ DO RIO PRETO",1,"2023-10-18",2023-09-13,5.48025,0,3.2,2.28025,6,0,1
"nowcast","SÃO JOSÉ DO RIO PRETO",2,"2023-10-18",2023-09-20,6.101,0,3.4,2.701,7,0,1
"nowcast","SÃO JOSÉ DO RIO PRETO",3,"2023-10-18",2023-09-27,3.03075,0,0.4,2.63075,2,1,1
"nowcast","SÃO JOSÉ DO RIO PRETO",4,"2023-10-18",2023-10-04,10.86075,0,7.6,3.26075,18,0,1
"nowcast","SÃO JOSÉ DO RIO PRETO",1,"2023-10-20",2023-09-22,5.00025,0,4.4,0.60025,8,0,1
"nowcast","SÃO JOSÉ DO RIO PRETO",2,"2023-10-20",2023-09-29,1.04075,0,0.4,0.64075,2,1,1
"nowcast","SÃO JOSÉ DO RIO PRETO",3,"2023-10-20",2023-10-06,2.2015,0,1.6,0.601499999999999,4,0,1
"nowcast","SÃO JOSÉ DO RIO PRETO",4,"2023-10-20",2023-10-13,33.36025,0,31.99,1.37025,44,0,0
"nowcast","SÃO JOSÉ DO RIO PRETO",1,"2023-10-25",2023-09-20,3.783,0,2,1.783,4,0,1
"nowcast","SÃO JOSÉ DO RIO PRETO",2,"2023-10-25",2023-09-27,2.17125,0,0.4,1.77125,2,1,1
"nowcast","SÃO JOSÉ DO RIO PRETO",3,"2023-10-25",2023-10-04,4.38074999999999,0,2.8,1.58074999999999,6,0,1
"nowcast","SÃO JOSÉ DO RIO PRETO",4,"2023-10-25",2023-10-11,10.60325,0,8,2.60325,18,0,1
"nowcast","SÃO JOSÉ DO RIO PRETO",1,"2023-11-01",2023-09-27,2.361,0,1.4,0.961,3,0,1
"nowcast","SÃO JOSÉ DO RIO PRETO",2,"2023-11-01",2023-10-04,4.73175,0,3.8,0.93175,7,0,1
"nowcast","SÃO JOSÉ DO RIO PRETO",3,"2023-11-01",2023-10-11,7.6005,0,6.4,1.2005,12,0,1
"nowcast","SÃO JOSÉ DO RIO PRETO",4,"2023-11-01",2023-10-18,6.8315,4,0,2.8315,12,0,1
"nowcast","SÃO JOSÉ DO RIO PRETO",1,"2023-11-08",2023-10-04,5.65274999999999,0,4.4,1.25274999999999,8,0,1
"nowcast","SÃO JOSÉ DO RIO PRETO",2,"2023-11-08",2023-10-11,5.87599999999999,0,4.4,1.47599999999999,8,0,1
"nowcast","SÃO JOSÉ DO RIO PRETO",3,"2023-11-08",2023-10-18,6.2205,4.4,0,1.8205,6,0,0
"nowcast","SÃO JOSÉ DO RIO PRETO",4,"2023-11-08",2023-10-25,7.09749999999999,0,4,3.09749999999999,12,0,1
"nowcast","SÃO JOSÉ DO RIO PRETO",1,"2023-11-13",2023-10-09,5.76674999999999,0,3.8,1.96674999999999,7,0,1
"nowcast","SÃO JOSÉ DO RIO PRETO",2,"2023-11-13",2023-10-16,17.86125,15.6,0,2.26125,18,0,0
"nowcast","SÃO JOSÉ DO RIO PRETO",3,"2023-11-13",2023-10-23,16.21725,0,13,3.21724999999999,27,0,1
"nowcast","SÃO JOSÉ DO RIO PRETO",4,"2023-11-13",2023-10-30,6.34124999999999,0,1.7,4.64124999999999,8.5,1,1
"nowcast","SÃO JOSÉ DO RIO PRETO",1,"2023-11-29",2023-10-25,7.02,0,6.8,0.22,12,0,1
"nowcast","SÃO JOSÉ DO RIO PRETO",2,"2023-11-29",2023-11-01,7.13,0,6.8,0.33,12,0,1
"nowcast","SÃO JOSÉ DO RIO PRETO",3,"2023-11-29",2023-11-08,1.85,1.4,0,0.45,3,0,1
"nowcast","SÃO JOSÉ DO RIO PRETO",4,"2023-11-29",2023-11-15,3.1,0,1.2,1.9,6,1,1
"nowcast","SÃO JOSÉ DO RIO PRETO",1,"2023-12-06",2023-11-01,8.97,0,8.8,0.17,12,0,0
"nowcast","SÃO JOSÉ DO RIO PRETO",2,"2023-12-06",2023-11-08,2.48025,2.2,0,0.28025,3,0,0
"nowcast","SÃO JOSÉ DO RIO PRETO",3,"2023-12-06",2023-11-15,17.82,0,17.4,0.42,21,0,0
"nowcast","SÃO JOSÉ DO RIO PRETO",4,"2023-12-06",2023-11-22,2.61,0,1,1.61,5,1,1
"nowcast","SÃO JOSÉ DO RIO PRETO",1,"2023-12-13",2023-11-08,3.30025,3,0,0.30025,3,0,0
"nowcast","SÃO JOSÉ DO RIO PRETO",2,"2023-12-13",2023-11-15,14.96,0,14.6,0.36,21,0,0
"nowcast","SÃO JOSÉ DO RIO PRETO",3,"2023-12-13",2023-11-22,4.481,0,4,0.480999999999999,8,0,1
"nowcast","SÃO JOSÉ DO RIO PRETO",4,"2023-12-13",2023-11-29,2.41025,0.6,0,1.81025,3,1,1
"nowcast","SÃO JOSÉ DO RIO PRETO",1,"2023-12-20",2023-11-15,12.35025,0,12,0.35025,20,0,1
"nowcast","SÃO JOSÉ DO RIO PRETO",2,"2023-12-20",2023-11-22,4.23025,0,3.8,0.43025,7,0,1
"nowcast","SÃO JOSÉ DO RIO PRETO",3,"2023-12-20",2023-11-29,0.63025,0,0,0.63025,0,1,1
"nowcast","SÃO JOSÉ DO RIO PRETO",4,"2023-12-20",2023-12-06,2.38,0,1,1.38,5,1,1
"nowcast","SÃO JOSÉ DO RIO PRETO",1,"2023-12-27",2023-11-22,3.49025,0,3.2,0.29025,6,0,1
"nowcast","SÃO JOSÉ DO RIO PRETO",2,"2023-12-27",2023-11-29,0.89,0.6,0,0.29,1,0,1
"nowcast","SÃO JOSÉ DO RIO PRETO",3,"2023-12-27",2023-12-06,3.83,3.4,0,0.43,5,0,0
"nowcast","SÃO JOSÉ DO RIO PRETO",4,"2023-12-27",2023-12-13,1.97025,0,0.6,1.37025,3,1,1
"nowcast","SÃO JOSÉ DO RIO PRETO",1,"2024-01-03",2023-11-29,0.65025,0.2,0,0.45025,1,1,1
"nowcast","SÃO JOSÉ DO RIO PRETO",2,"2024-01-03",2023-12-06,3.15,2.8,0,0.35,4,0,0
"nowcast","SÃO JOSÉ DO RIO PRETO",3,"2024-01-03",2023-12-13,5.66,0,5.2,0.46,10,0,1
"nowcast","SÃO JOSÉ DO RIO PRETO",4,"2024-01-03",2023-12-20,1.665,0.4,0,1.265,2,1,1
"nowcast","SÃO JOSÉ DO RIO PRETO",1,"2024-01-17",2023-12-13,8.3,0,8,0.3,12,0,0
"nowcast","SÃO JOSÉ DO RIO PRETO",2,"2024-01-17",2023-12-20,0.3,0,0,0.3,0,1,1
"nowcast","SÃO JOSÉ DO RIO PRETO",3,"2024-01-17",2023-12-27,7.02,6.6,0,0.42,9,0,0
"nowcast","SÃO JOSÉ DO RIO PRETO",4,"2024-01-17",2024-01-03,6.72,0,5.4,1.32,13,0,1
"nowcast","SÃO JOSÉ DO RIO PRETO",1,"2024-01-31",2023-12-27,9.38,9.2,0,0.18,10,0,0
"nowcast","SÃO JOSÉ DO RIO PRETO",2,"2024-01-31",2024-01-03,8.08,0,7.8,0.28,11,0,0
"nowcast","SÃO JOSÉ DO RIO PRETO",3,"2024-01-31",2024-01-10,6.79,0,6.4,0.39,10,0,0
"nowcast","SÃO JOSÉ DO RIO PRETO",4,"2024-01-31",2024-01-17,8.46025,0,7.4,1.06025,15,0,1
"nowcast","SÃO JOSÉ DO RIO PRETO",1,"2024-02-07",2024-01-03,5.34025,0,5,0.34025,9,0,1
"nowcast","SÃO JOSÉ DO RIO PRETO",2,"2024-02-07",2024-01-10,4.13,0,3.8,0.33,7,0,1
"nowcast","SÃO JOSÉ DO RIO PRETO",3,"2024-02-07",2024-01-17,11.19025,10.6,0,0.59025,13,0,0
"nowcast","SÃO JOSÉ DO RIO PRETO",4,"2024-02-07",2024-01-24,5.86025,0,3.6,2.26025,12,0,1
"nowcast","SÃO JOSÉ DO RIO PRETO",1,"2024-02-14",2024-01-11,3.9705,0,3.4,0.5705,7,0,1
"nowcast","SÃO JOSÉ DO RIO PRETO",2,"2024-02-14",2024-01-18,18.71,18,0,0.71,20,0,0
"nowcast","SÃO JOSÉ DO RIO PRETO",3,"2024-02-14",2024-01-25,3.33025,0,2.4,0.93025,6,0,1
"nowcast","SÃO JOSÉ DO RIO PRETO",4,"2024-02-14",2024-02-01,4.821,0,1.8,3.021,9,1,1
"nowcast","SÃO JOSÉ DO RIO PRETO",1,"2024-02-28",2024-01-24,3.14025,2.8,0,0.34025,4,0,0
"nowcast","SÃO JOSÉ DO RIO PRETO",2,"2024-02-28",2024-01-31,1.62075,0,1,0.620749999999999,3,0,1
"nowcast","SÃO JOSÉ DO RIO PRETO",3,"2024-02-28",2024-02-07,6.22,5.2,0,1.02,10,0,0
"nowcast","SÃO JOSÉ DO RIO PRETO",4,"2024-02-28",2024-02-14,7.8105,3.9,0,3.9105,15.5,0,1
"nowcast","SÃO JOSÉ DO RIO PRETO",1,"2024-03-06",2024-01-31,1.48025,0,1,0.48025,3,0,1
"nowcast","SÃO JOSÉ DO RIO PRETO",2,"2024-03-06",2024-02-07,7.8505,7.2,0,0.6505,10,0,0
"nowcast","SÃO JOSÉ DO RIO PRETO",3,"2024-03-06",2024-02-14,6.51025,0,5.5,1.01025,11.5,0,1
"nowcast","SÃO JOSÉ DO RIO PRETO",4,"2024-03-06",2024-02-21,3.82,0,0,3.82,0,1,1
"nowcast","SÃO JOSÉ DO RIO PRETO",1,"2024-03-13",2024-02-07,9.44025,8.6,0,0.84025,11,0,0
"nowcast","SÃO JOSÉ DO RIO PRETO",2,"2024-03-13",2024-02-14,4.55025,0,3.6,0.95025,8,0,1
"nowcast","SÃO JOSÉ DO RIO PRETO",3,"2024-03-13",2024-02-21,6.74,0,5.6,1.14,12,0,1
"nowcast","SÃO JOSÉ DO RIO PRETO",4,"2024-03-13",2024-02-28,6.41025,3,0,3.41025,13,0,1
"nowcast","SÃO JOSÉ DO RIO PRETO",1,"2024-03-18",2024-02-18,3.78075,0,3,0.78075,7,0,1
"nowcast","SÃO JOSÉ DO RIO PRETO",2,"2024-03-18",2024-02-25,2.58,0,1.8,0.78,5,0,1
"nowcast","SÃO JOSÉ DO RIO PRETO",3,"2024-03-18",2024-03-03,0.99025,0,0,0.99025,0,1,1
"nowcast","SÃO JOSÉ DO RIO PRETO",4,"2024-03-18",2024-03-10,8.03,0,5.6,2.43,16,0,1
"nowcast","SÃO JOSÉ DO RIO PRETO",1,"2024-03-20",2024-02-14,4.46025,0,3.6,0.86025,8,0,1
"nowcast","SÃO JOSÉ DO RIO PRETO",2,"2024-03-20",2024-02-21,5.5905,0,4.8,0.7905,10,0,1
"nowcast","SÃO JOSÉ DO RIO PRETO",3,"2024-03-20",2024-02-28,2.55025,1.4,0,1.15025,5,0,1
"nowcast","SÃO JOSÉ DO RIO PRETO",4,"2024-03-20",2024-03-06,4.44,0,1.6,2.84,8,1,1
"nowcast","SÃO JOSÉ DO RIO PRETO",1,"2024-03-27",2024-02-21,7.56025,0,7,0.56025,13,0,1
"nowcast","SÃO JOSÉ DO RIO PRETO",2,"2024-03-27",2024-02-28,0.79,0.2,0,0.59,1,1,1
"nowcast","SÃO JOSÉ DO RIO PRETO",3,"2024-03-27",2024-03-06,9.00025,0,8.19,0.81025,15,0,0
"nowcast","SÃO JOSÉ DO RIO PRETO",4,"2024-03-27",2024-03-13,4.995,2.7,0,2.295,10,0,1
"nowcast","SÃO JOSÉ DO RIO PRETO",1,"2024-04-10",2024-03-06,16.07025,0,15.79,0.28025,19,0,0
"nowcast","SÃO JOSÉ DO RIO PRETO",2,"2024-04-10",2024-03-13,2.20025,1.8,0,0.40025,3,0,0
"nowcast","SÃO JOSÉ DO RIO PRETO",3,"2024-04-10",2024-03-20,7.68,0,7,0.68,13,0,0
"nowcast","SÃO JOSÉ DO RIO PRETO",4,"2024-04-10",2024-03-27,22.00025,0,19.99,2.01025,36,0,0
"nowcast","SÃO JOSÉ DO RIO PRETO",1,"2024-04-17",2024-03-07,11.07025,0,10.79,0.28025,14,0,0
"nowcast","SÃO JOSÉ DO RIO PRETO",2,"2024-04-17",2024-03-14,0.6,0,0.2,0.4,1,1,1
"nowcast","SÃO JOSÉ DO RIO PRETO",3,"2024-04-17",2024-03-21,3.68,0,3,0.68,7,0,1
"nowcast","SÃO JOSÉ DO RIO PRETO",4,"2024-04-17",2024-03-28,36.70025,0,34.59,2.11025,51,0,0
"nowcast","SÃO JOSÉ DO RIO PRETO",1,"2024-04-23",2024-03-18,8.20974999999997,4.4,0,3.80974999999997,6,0,0
"nowcast","SÃO JOSÉ DO RIO PRETO",2,"2024-04-23",2024-03-25,7.80824999999999,3.2,0,4.60824999999999,8,0,1
"nowcast","SÃO JOSÉ DO RIO PRETO",3,"2024-04-23",2024-04-01,10.02775,0,2.4,7.62774999999997,12,1,1
"nowcast","SÃO JOSÉ DO RIO PRETO",4,"2024-04-23",2024-04-08,24.248,0,11,13.248,49,0,1
"nowcast","SÃO JOSÉ DO RIO PRETO",1,"2024-05-06",2024-04-05,7.36025,6.8,0,0.56025,8,0,0
"nowcast","SÃO JOSÉ DO RIO PRETO",2,"2024-05-06",2024-04-12,11.68,10.8,0,0.88,14,0,0
"nowcast","SÃO JOSÉ DO RIO PRETO",3,"2024-05-06",2024-04-19,14.79025,0,12.4,2.39025,28,0,1
"nowcast","SÃO JOSÉ DO RIO PRETO",4,"2024-05-06",2024-04-26,37.27075,0,28.2,9.07075,73,0,1
"nowcast","SÃO JOSÉ DO RIO PRETO",1,"2024-05-15",2024-04-10,9.21025,8.6,0,0.61025,11,0,0
"nowcast","SÃO JOSÉ DO RIO PRETO",2,"2024-05-15",2024-04-17,3.08,0,2,1.08,6,0,1
"nowcast","SÃO JOSÉ DO RIO PRETO",3,"2024-05-15",2024-04-24,2.6505,0,0.2,2.4505,1,1,1
"nowcast","SÃO JOSÉ DO RIO PRETO",4,"2024-05-15",2024-05-01,9.741,1.3,0,8.441,6.5,1,1
"nowcast","SÃO JOSÉ DO RIO PRETO",1,"2024-05-23",2024-04-18,6.601,0,5.8,0.801,11,0,1
"nowcast","SÃO JOSÉ DO RIO PRETO",2,"2024-05-23",2024-04-25,17.501,0,16.4,1.101,30,0,1
"nowcast","SÃO JOSÉ DO RIO PRETO",3,"2024-05-23",2024-05-02,7.73025,5.2,0,2.53025,14,0,1
"nowcast","SÃO JOSÉ DO RIO PRETO",4,"2024-05-23",2024-05-09,13.45125,4.2,0,9.25125,21,1,1
"nowcast","SÃO JOSÉ DO RIO PRETO",1,"2024-05-29",2024-04-24,14.51,0,14,0.51,24,0,1
"nowcast","SÃO JOSÉ DO RIO PRETO",2,"2024-05-29",2024-05-01,4.37225,0,3.6,0.77225,8,0,1
"nowcast","SÃO JOSÉ DO RIO PRETO",3,"2024-05-29",2024-05-08,3.1405,0,1.2,1.9405,6,1,1
"nowcast","SÃO JOSÉ DO RIO PRETO",4,"2024-05-29",2024-05-15,12.9315,4.2,0,8.7315,21,1,1
"nowcast","SÃO JOSÉ DO RIO PRETO",1,"2024-06-05",2024-05-01,6.03,0,5.6,0.43,10,0,1
"nowcast","SÃO JOSÉ DO RIO PRETO",2,"2024-06-05",2024-05-08,9.96025,0,9.4,0.56025,17,0,1
"nowcast","SÃO JOSÉ DO RIO PRETO",3,"2024-06-05",2024-05-15,9.77,0,8.4,1.37,18,0,1
"nowcast","SÃO JOSÉ DO RIO PRETO",4,"2024-06-05",2024-05-22,7.89,0,3.2,4.69,16,1,1
"nowcast","SÃO JOSÉ DO RIO PRETO",1,"2024-06-12",2024-05-11,9.34,0,8.8,0.54,16,0,1
"nowcast","SÃO JOSÉ DO RIO PRETO",2,"2024-06-12",2024-05-18,1.71,1,0,0.71,3,0,1
"nowcast","SÃO JOSÉ DO RIO PRETO",3,"2024-06-12",2024-05-25,1.72025,0,0.8,0.92025,4,1,1
"nowcast","SÃO JOSÉ DO RIO PRETO",4,"2024-06-12",2024-06-01,67.68025,0,64.59,3.09025,93,0,0
"nowcast","SÃO JOSÉ DO RIO PRETO",1,"2024-06-19",2024-05-11,9.31,0,8.8,0.51,16,0,1
"nowcast","SÃO JOSÉ DO RIO PRETO",2,"2024-06-19",2024-05-18,1.73,1,0,0.73,3,0,1
"nowcast","SÃO JOSÉ DO RIO PRETO",3,"2024-06-19",2024-05-25,1.63025,0,0.7,0.93025,3.5,1,1
"nowcast","SÃO JOSÉ DO RIO PRETO",4,"2024-06-19",2024-06-01,69.51025,0,66.39,3.12025,92,0,0
"nowcast","SÃO JOSÉ DO RIO PRETO",1,"2024-06-26",2024-05-22,3.83,3.4,0,0.43,5,0,0
"nowcast","SÃO JOSÉ DO RIO PRETO",2,"2024-06-26",2024-05-29,4.54025,4,0,0.54025,6,0,0
"nowcast","SÃO JOSÉ DO RIO PRETO",3,"2024-06-26",2024-06-05,11.09,0,10.4,0.69,16,0,0
"nowcast","SÃO JOSÉ DO RIO PRETO",4,"2024-06-26",2024-06-12,3.26,0,0.8,2.46,4,1,1
"nowcast","SÃO JOSÉ DO RIO PRETO",1,"2024-07-04",2024-06-03,1.2505,0.2,0,1.0505,1,1,1
"nowcast","SÃO JOSÉ DO RIO PRETO",2,"2024-07-04",2024-06-10,2.63025,1.6,0,1.03025,4,0,1
"nowcast","SÃO JOSÉ DO RIO PRETO",3,"2024-07-04",2024-06-17,1.77,0,0.4,1.37,2,1,1
"nowcast","SÃO JOSÉ DO RIO PRETO",4,"2024-07-04",2024-06-24,3.52575,0.4,0,3.12575,2,1,1
"nowcast","SÃO JOSÉ DO RIO PRETO",1,"2024-07-17",2024-06-08,2.52,2.2,0,0.32,3,0,0
"nowcast","SÃO JOSÉ DO RIO PRETO",2,"2024-07-17",2024-06-15,3.51025,0,3.2,0.31025,6,0,1
"nowcast","SÃO JOSÉ DO RIO PRETO",3,"2024-07-17",2024-06-22,3.67025,0,3,0.67025,7,0,1
"nowcast","SÃO JOSÉ DO RIO PRETO",4,"2024-07-17",2024-06-29,16.9,0,14.6,2.3,31,0,1
"nowcast","SÃO JOSÉ DO RIO PRETO",1,"2024-08-07",2024-11-10,35.02025,0,33.2,1.82025,60,0,1
"nowcast","SÃO JOSÉ DO RIO PRETO",2,"2024-08-07",2024-11-17,36.79175,0,34.6,2.19175,63,0,1
"nowcast","SÃO JOSÉ DO RIO PRETO",3,"2024-08-07",2024-11-24,34.12825,0,30.4,3.72824999999999,58,0,1
"nowcast","SÃO JOSÉ DO RIO PRETO",4,"2024-08-07",2024-12-01,39.09825,0,28.4,10.69825,64,0,1
"nowcast","SÃO JOSÉ DO RIO PRETO",1,"2024-08-28",2024-11-11,1728.37249999999,0,24.8,1703.57249999999,56,0,1
"nowcast","SÃO JOSÉ DO RIO PRETO",2,"2024-08-28",2024-11-18,232.075249999997,0,26.2,205.875249999997,59,0,1
"nowcast","SÃO JOSÉ DO RIO PRETO",3,"2024-08-28",2024-11-25,846.366749999995,0,17,829.366749999995,49,0,1
"nowcast","SÃO JOSÉ DO RIO PRETO",4,"2024-08-28",2024-12-02,8520.55199999984,0,9.2,8511.35199999984,46,1,1
"nowcast","SÃO JOSÉ DO RIO PRETO",1,"2024-09-03",2024-11-11,236.331249999998,0,26.6,209.731249999998,57,0,1
"nowcast","SÃO JOSÉ DO RIO PRETO",2,"2024-09-03",2024-11-18,575.596999999998,0,25.1,550.496999999998,60,0,1
"nowcast","SÃO JOSÉ DO RIO PRETO",3,"2024-09-03",2024-11-25,3764.47649999997,0,16.8,3747.67649999997,52,0,1
"nowcast","SÃO JOSÉ DO RIO PRETO",4,"2024-09-03",2024-12-02,17789.3795,0,9.6,17779.7795,48,1,1
"nowcast","SÃO JOSÉ DO RIO PRETO",1,"2024-09-11",2024-11-11,35.2115,0,33.6,1.6115,60,0,1
"nowcast","SÃO JOSÉ DO RIO PRETO",2,"2024-09-11",2024-11-18,37.2335,0,35,2.2335,65,0,1
"nowcast","SÃO JOSÉ DO RIO PRETO",3,"2024-09-11",2024-11-25,33.404,0,29.9,3.504,57.5,0,1
"nowcast","SÃO JOSÉ DO RIO PRETO",4,"2024-09-11",2024-12-02,40.0255,0,21.7,18.3255,57,0,1
"nowcast","SÃO JOSÉ DO RIO PRETO",1,"2024-09-25",2024-11-12,34.52025,0,32.4,2.12025,60,0,1
"nowcast","SÃO JOSÉ DO RIO PRETO",2,"2024-09-25",2024-11-19,38.611,0,36.2,2.411,67,0,1
"nowcast","SÃO JOSÉ DO RIO PRETO",3,"2024-09-25",2024-11-26,34.95,0,31.2,3.75,62,0,1
"nowcast","SÃO JOSÉ DO RIO PRETO",4,"2024-09-25",2024-12-03,35.8305,0,9,26.8305,45,1,1
"nowcast","SÃO JOSÉ DO RIO PRETO",1,"2024-10-02",2024-08-28,4.58075,3.6,0,0.98075,6,0,0
"nowcast","SÃO JOSÉ DO RIO PRETO",2,"2024-10-02",2024-09-04,1.27025,0,0,1.27025,0,1,1
"nowcast","SÃO JOSÉ DO RIO PRETO",3,"2024-10-02",2024-09-11,2.791,0,0.8,1.991,4,1,1
"nowcast","SÃO JOSÉ DO RIO PRETO",4,"2024-10-02",2024-09-18,9.3125,4.4,0,4.9125,18,0,1
"nowcast","SÃO JOSÉ DO RIO PRETO",1,"2024-10-09",2024-09-05,9.9505,9.4,0,0.5505,11,0,0
"nowcast","SÃO JOSÉ DO RIO PRETO",2,"2024-10-09",2024-09-12,0.84,0.2,0,0.64,1,1,1
"nowcast","SÃO JOSÉ DO RIO PRETO",3,"2024-10-09",2024-09-19,1.51,0,0.3,1.21,1.5,1,1
"nowcast","SÃO JOSÉ DO RIO PRETO",4,"2024-10-09",2024-09-26,6.12,2.6,0,3.52,13,1,1
"nowcast","SÃO JOÃO DA BOA VISTA",1,"2023-05-31",2023-04-26,0.165,0,0,0.165,0,1,1
"nowcast","SÃO JOÃO DA BOA VISTA",2,"2023-05-31",2023-05-03,1.67,0,1.4,0.27,3,0,1
"nowcast","SÃO JOÃO DA BOA VISTA",3,"2023-05-31",2023-05-10,0.93,0,0.4,0.53,2,1,1
"nowcast","SÃO JOÃO DA BOA VISTA",4,"2023-05-31",2023-05-17,1.56,0,0.6,0.96,3,1,1
"nowcast","SÃO JOÃO DA BOA VISTA",1,"2023-06-06",2023-05-09,2.73,2.2,0,0.53,5,0,1
"nowcast","SÃO JOÃO DA BOA VISTA",2,"2023-06-06",2023-05-16,1.65025,1,0,0.65025,3,0,1
"nowcast","SÃO JOÃO DA BOA VISTA",3,"2023-06-06",2023-05-23,1.01,0.2,0,0.81,1,1,1
"nowcast","SÃO JOÃO DA BOA VISTA",4,"2023-06-06",2023-05-30,1.76,0,0.4,1.36,2,1,1
"nowcast","SÃO JOÃO DA BOA VISTA",1,"2023-06-14",2023-05-17,1.22,0.8,0,0.42,2,0,1
"nowcast","SÃO JOÃO DA BOA VISTA",2,"2023-06-14",2023-05-24,0.85,0,0.2,0.65,1,1,1
"nowcast","SÃO JOÃO DA BOA VISTA",3,"2023-06-14",2023-05-31,0.89025,0,0,0.89025,0,1,1
"nowcast","SÃO JOÃO DA BOA VISTA",4,"2023-06-14",2023-06-07,2.47025,1,0,1.47025,5,1,1
"nowcast","SÃO JOÃO DA BOA VISTA",1,"2023-06-20",2023-05-16,1.21,0.8,0,0.41,2,0,1
"nowcast","SÃO JOÃO DA BOA VISTA",2,"2023-06-20",2023-05-23,0.84,0,0.2,0.64,1,1,1
"nowcast","SÃO JOÃO DA BOA VISTA",3,"2023-06-20",2023-05-30,0.89,0,0,0.89,0,1,1
"nowcast","SÃO JOÃO DA BOA VISTA",4,"2023-06-20",2023-06-06,1.63,0.2,0,1.43,1,1,1
"nowcast","SÃO JOÃO DA BOA VISTA",1,"2023-07-03",2023-06-03,0.66,0,0.4,0.26,2,1,1
"nowcast","SÃO JOÃO DA BOA VISTA",2,"2023-07-03",2023-06-10,0.49,0,0.2,0.29,1,1,1
"nowcast","SÃO JOÃO DA BOA VISTA",3,"2023-07-03",2023-06-17,0.92,0,0.4,0.52,2,1,1
"nowcast","SÃO JOÃO DA BOA VISTA",4,"2023-07-03",2023-06-24,0.93,0,0,0.93,0,1,1
"nowcast","SÃO JOÃO DA BOA VISTA",1,"2023-07-06",2023-06-08,1.65,0,1.4,0.25,3,0,1
"nowcast","SÃO JOÃO DA BOA VISTA",2,"2023-07-06",2023-06-15,0.77,0,0.4,0.37,2,1,1
"nowcast","SÃO JOÃO DA BOA VISTA",3,"2023-07-06",2023-06-22,0.39,0,0,0.39,0,1,1
"nowcast","SÃO JOÃO DA BOA VISTA",4,"2023-07-06",2023-06-29,0.98,0.2,0,0.78,1,1,1
"nowcast","SÃO JOÃO DA BOA VISTA",1,"2023-07-19",2023-06-21,0.24,0,0,0.24,0,1,1
"nowcast","SÃO JOÃO DA BOA VISTA",2,"2023-07-19",2023-06-28,0.57,0.2,0,0.37,1,1,1
"nowcast","SÃO JOÃO DA BOA VISTA",3,"2023-07-19",2023-07-05,0.6,0.2,0,0.4,1,1,1
"nowcast","SÃO JOÃO DA BOA VISTA",4,"2023-07-19",2023-07-12,0.87,0.2,0,0.67,1,1,1
"nowcast","SÃO JOÃO DA BOA VISTA",1,"2023-07-25",2023-06-27,0.45,0.2,0,0.25,1,1,1
"nowcast","SÃO JOÃO DA BOA VISTA",2,"2023-07-25",2023-07-04,1.37025,1,0,0.37025,3,0,1
"nowcast","SÃO JOÃO DA BOA VISTA",3,"2023-07-25",2023-07-11,1.2,0.8,0,0.4,2,0,1
"nowcast","SÃO JOÃO DA BOA VISTA",4,"2023-07-25",2023-07-18,1.2,0.4,0,0.8,2,1,1
"nowcast","SÃO JOÃO DA BOA VISTA",1,"2023-08-02",2023-07-04,0.75,0.6,0,0.15,1,0,1
"nowcast","SÃO JOÃO DA BOA VISTA",2,"2023-08-02",2023-07-11,1.17,0.8,0,0.37,2,0,1
"nowcast","SÃO JOÃO DA BOA VISTA",3,"2023-08-02",2023-07-18,3.12,2.6,0,0.52,5,0,0
"nowcast","SÃO JOÃO DA BOA VISTA",4,"2023-08-02",2023-07-25,3.18025,2,0,1.18025,6,0,1
"nowcast","SÃO JOÃO DA BOA VISTA",1,"2023-08-08",2023-07-08,0.44,0.2,0,0.24,1,1,1
"nowcast","SÃO JOÃO DA BOA VISTA",2,"2023-08-08",2023-07-15,0.86,0.6,0,0.26,1,0,1
"nowcast","SÃO JOÃO DA BOA VISTA",3,"2023-08-08",2023-07-22,1.18,0.8,0,0.38,2,0,1
"nowcast","SÃO JOÃO DA BOA VISTA",4,"2023-08-08",2023-07-29,0.86,0,0.2,0.66,1,1,1
"nowcast","SÃO JOÃO DA BOA VISTA",1,"2023-08-16",2023-07-19,0.33,0.2,0,0.13,1,1,1
"nowcast","SÃO JOÃO DA BOA VISTA",2,"2023-08-16",2023-07-26,0.24,0,0,0.24,0,1,1
"nowcast","SÃO JOÃO DA BOA VISTA",3,"2023-08-16",2023-08-02,0.37,0,0,0.37,0,1,1
"nowcast","SÃO JOÃO DA BOA VISTA",4,"2023-08-16",2023-08-09,0.63025,0,0,0.63025,0,1,1
"nowcast","SÃO JOÃO DA BOA VISTA",1,"2023-08-23",2023-07-19,0.33,0.2,0,0.13,1,1,1
"nowcast","SÃO JOÃO DA BOA VISTA",2,"2023-08-23",2023-07-26,0.24025,0,0,0.24025,0,1,1
"nowcast","SÃO JOÃO DA BOA VISTA",3,"2023-08-23",2023-08-02,0.37,0,0,0.37,0,1,1
"nowcast","SÃO JOÃO DA BOA VISTA",4,"2023-08-23",2023-08-09,0.63,0,0,0.63,0,1,1
"nowcast","SÃO JOÃO DA BOA VISTA",1,"2023-08-30",2023-08-02,0.13,0,0,0.13,0,1,1
"nowcast","SÃO JOÃO DA BOA VISTA",2,"2023-08-30",2023-08-09,0.44,0,0.2,0.24,1,1,1
"nowcast","SÃO JOÃO DA BOA VISTA",3,"2023-08-30",2023-08-16,0.26,0,0,0.26,0,1,1
"nowcast","SÃO JOÃO DA BOA VISTA",4,"2023-08-30",2023-08-23,1.12,0,0.6,0.52,3,1,1
"nowcast","SÃO JOÃO DA BOA VISTA",1,"2023-09-06",2023-08-02,0.33,0,0.2,0.13,1,1,1
"nowcast","SÃO JOÃO DA BOA VISTA",2,"2023-09-06",2023-08-09,0.44,0,0.2,0.24,1,1,1
"nowcast","SÃO JOÃO DA BOA VISTA",3,"2023-09-06",2023-08-16,0.26,0,0,0.26,0,1,1
"nowcast","SÃO JOÃO DA BOA VISTA",4,"2023-09-06",2023-08-23,0.92,0,0.4,0.52,2,1,1
"nowcast","SÃO JOÃO DA BOA VISTA",1,"2023-09-19",2023-08-22,0.75,0,0.6,0.15,1,0,1
"nowcast","SÃO JOÃO DA BOA VISTA",2,"2023-09-19",2023-08-29,1.6205,0,1.4,0.2205,3,0,1
"nowcast","SÃO JOÃO DA BOA VISTA",3,"2023-09-19",2023-09-05,0.34025,0,0,0.34025,0,1,1
"nowcast","SÃO JOÃO DA BOA VISTA",4,"2023-09-19",2023-09-12,1.00025,0,0.4,0.60025,2,1,1
"nowcast","SÃO JOÃO DA BOA VISTA",1,"2023-09-27",2023-08-30,2.05175,0,1.8,0.251749999999998,3,0,1
"nowcast","SÃO JOÃO DA BOA VISTA",2,"2023-09-27",2023-09-06,0.431749999999998,0,0,0.431749999999998,0,1,1
"nowcast","SÃO JOÃO DA BOA VISTA",3,"2023-09-27",2023-09-13,0.671749999999998,0,0,0.671749999999998,0,1,1
"nowcast","SÃO JOÃO DA BOA VISTA",4,"2023-09-27",2023-09-20,2.4045,0.6,0,1.8045,3,1,1
"nowcast","SÃO JOÃO DA BOA VISTA",1,"2023-10-06",2023-09-07,0.25025,0,0,0.25025,0,1,1
"nowcast","SÃO JOÃO DA BOA VISTA",2,"2023-10-06",2023-09-14,0.3405,0,0,0.3405,0,1,1
"nowcast","SÃO JOÃO DA BOA VISTA",3,"2023-10-06",2023-09-21,0.69025,0,0.2,0.49025,1,1,1
"nowcast","SÃO JOÃO DA BOA VISTA",4,"2023-10-06",2023-09-28,1.58025,0.2,0,1.38025,1,1,1
"nowcast","SÃO JOÃO DA BOA VISTA",1,"2023-10-11",2023-09-06,0.42025,0,0,0.42025,0,1,1
"nowcast","SÃO JOÃO DA BOA VISTA",2,"2023-10-11",2023-09-13,0.56025,0,0,0.56025,0,1,1
"nowcast","SÃO JOÃO DA BOA VISTA",3,"2023-10-11",2023-09-20,0.782249999999998,0,0,0.782249999999998,0,1,1
"nowcast","SÃO JOÃO DA BOA VISTA",4,"2023-10-11",2023-09-27,2.07125,0,0.4,1.67125,2,1,1
"nowcast","SÃO JOÃO DA BOA VISTA",1,"2023-10-18",2023-09-20,0.82025,0,0.2,0.62025,1,1,1
"nowcast","SÃO JOÃO DA BOA VISTA",2,"2023-10-18",2023-09-27,2.064,0,1.4,0.663999999999996,3,0,1
"nowcast","SÃO JOÃO DA BOA VISTA",3,"2023-10-18",2023-10-04,2.751,0,2,0.750999999999999,4,0,1
"nowcast","SÃO JOÃO DA BOA VISTA",4,"2023-10-18",2023-10-11,3.181,0,2,1.181,6,0,1
"nowcast","SÃO JOÃO DA BOA VISTA",1,"2023-10-20",2023-09-22,36812.0894999999,0,0.4,36811.6894999999,2,1,1
"nowcast","SÃO JOÃO DA BOA VISTA",2,"2023-10-20",2023-09-29,50666.7482499991,0,0.2,50666.5482499991,1,1,1
"nowcast","SÃO JOÃO DA BOA VISTA",3,"2023-10-20",2023-10-06,57970.6672499996,0,0.6,57970.0672499996,3,1,1
"nowcast","SÃO JOÃO DA BOA VISTA",4,"2023-10-20",2023-10-13,41766.9247499996,0.8,0,41766.1247499996,4,1,1
"nowcast","SÃO JOÃO DA BOA VISTA",1,"2023-10-25",2023-09-27,1.77824999999998,0,0.8,0.978249999999983,2,0,1
"nowcast","SÃO JOÃO DA BOA VISTA",2,"2023-10-25",2023-10-04,1.68874999999999,0.2,0,1.48874999999999,1,1,1
"nowcast","SÃO JOÃO DA BOA VISTA",3,"2023-10-25",2023-10-11,1.94525,0,0,1.94525,0,1,1
"nowcast","SÃO JOÃO DA BOA VISTA",4,"2023-10-25",2023-10-18,4.49025,2,0,2.49025,6,0,1
"nowcast","SÃO JOÃO DA BOA VISTA",1,"2023-11-01",2023-10-03,0.46,0.2,0,0.26,1,1,1
"nowcast","SÃO JOÃO DA BOA VISTA",2,"2023-11-01",2023-10-10,1.07,0,0.8,0.27,2,0,1
"nowcast","SÃO JOÃO DA BOA VISTA",3,"2023-11-01",2023-10-17,0.55,0,0,0.55,0,1,1
"nowcast","SÃO JOÃO DA BOA VISTA",4,"2023-11-01",2023-10-24,1.49,0.4,0,1.09,2,1,1
"nowcast","SÃO JOÃO DA BOA VISTA",1,"2023-11-08",2023-10-04,0.47,0.2,0,0.27,1,1,1
"nowcast","SÃO JOÃO DA BOA VISTA",2,"2023-11-08",2023-10-11,1.67,0,1.4,0.27,3,0,1
"nowcast","SÃO JOÃO DA BOA VISTA",3,"2023-11-08",2023-10-18,0.62,0,0.2,0.42,1,1,1
"nowcast","SÃO JOÃO DA BOA VISTA",4,"2023-11-08",2023-10-25,1.26,0,0.3,0.96,1.5,1,1
"nowcast","SÃO JOÃO DA BOA VISTA",1,"2023-11-13",2023-10-14,0.57,0,0.2,0.37,1,1,1
"nowcast","SÃO JOÃO DA BOA VISTA",2,"2023-11-13",2023-10-21,1.08,0.8,0,0.28,2,0,1
"nowcast","SÃO JOÃO DA BOA VISTA",3,"2023-11-13",2023-10-28,0.765,0,0.2,0.565,1,1,1
"nowcast","SÃO JOÃO DA BOA VISTA",4,"2023-11-13",2023-11-04,1.73,0,0.8,0.93,4,1,1
"nowcast","SÃO JOÃO DA BOA VISTA",1,"2023-11-29",2023-11-01,1.53,0,1.4,0.13,3,0,1
"nowcast","SÃO JOÃO DA BOA VISTA",2,"2023-11-29",2023-11-08,0.74,0,0.6,0.14,1,0,1
"nowcast","SÃO JOÃO DA BOA VISTA",3,"2023-11-29",2023-11-15,0.6,0.2,0,0.4,1,1,1
"nowcast","SÃO JOÃO DA BOA VISTA",4,"2023-11-29",2023-11-22,1.2,0,0.4,0.8,2,1,1
"nowcast","SÃO JOÃO DA BOA VISTA",1,"2023-12-06",2023-11-08,0.13,0,0,0.13,0,1,1
"nowcast","SÃO JOÃO DA BOA VISTA",2,"2023-12-06",2023-11-15,0.44,0,0.2,0.24,1,1,1
"nowcast","SÃO JOÃO DA BOA VISTA",3,"2023-12-06",2023-11-22,0.8,0,0.4,0.4,2,1,1
"nowcast","SÃO JOÃO DA BOA VISTA",4,"2023-12-06",2023-11-29,2.59,1.8,0,0.79,5,0,1
"nowcast","SÃO JOÃO DA BOA VISTA",1,"2023-12-13",2023-11-15,0.93,0,0.8,0.13,2,0,1
"nowcast","SÃO JOÃO DA BOA VISTA",2,"2023-12-13",2023-11-22,1.94,0,1.8,0.14,3,0,1
"nowcast","SÃO JOÃO DA BOA VISTA",3,"2023-12-13",2023-11-29,1.38,1,0,0.38,3,0,1
"nowcast","SÃO JOÃO DA BOA VISTA",4,"2023-12-13",2023-12-06,2.59,1.8,0,0.79,5,0,1
"nowcast","SÃO JOÃO DA BOA VISTA",1,"2023-12-20",2023-11-15,0.93,0,0.8,0.13,2,0,1
"nowcast","SÃO JOÃO DA BOA VISTA",2,"2023-12-20",2023-11-22,1.265,0,1.1,0.165,2,0,1
"nowcast","SÃO JOÃO DA BOA VISTA",3,"2023-12-20",2023-11-29,1.69,1.4,0,0.29,3,0,1
"nowcast","SÃO JOÃO DA BOA VISTA",4,"2023-12-20",2023-12-06,2.57025,1.8,0,0.77025,5,0,1
"nowcast","SÃO JOÃO DA BOA VISTA",1,"2023-12-27",2023-11-22,0.25,0,0,0.25,0,1,1
"nowcast","SÃO JOÃO DA BOA VISTA",2,"2023-12-27",2023-11-29,0.46,0.2,0,0.26,1,1,1
"nowcast","SÃO JOÃO DA BOA VISTA",3,"2023-12-27",2023-12-06,1.2,0.8,0,0.4,2,0,1
"nowcast","SÃO JOÃO DA BOA VISTA",4,"2023-12-27",2023-12-13,1.06025,0.4,0,0.66025,2,1,1
"nowcast","SÃO JOÃO DA BOA VISTA",1,"2024-01-03",2023-11-22,0.25,0,0,0.25,0,1,1
"nowcast","SÃO JOÃO DA BOA VISTA",2,"2024-01-03",2023-11-29,0.45025,0.2,0,0.25025,1,1,1
"nowcast","SÃO JOÃO DA BOA VISTA",3,"2024-01-03",2023-12-06,1.2,0.8,0,0.4,2,0,1
"nowcast","SÃO JOÃO DA BOA VISTA",4,"2024-01-03",2023-12-13,1.06,0.4,0,0.66,2,1,1
"nowcast","SÃO JOÃO DA BOA VISTA",1,"2024-01-17",2023-12-20,0.13,0,0,0.13,0,1,1
"nowcast","SÃO JOÃO DA BOA VISTA",2,"2024-01-17",2023-12-27,0.44,0.2,0,0.24,1,1,1
"nowcast","SÃO JOÃO DA BOA VISTA",3,"2024-01-17",2024-01-03,0.27025,0,0,0.27025,0,1,1
"nowcast","SÃO JOÃO DA BOA VISTA",4,"2024-01-17",2024-01-10,0.79025,0.2,0,0.59025,1,1,1
"nowcast","SÃO JOÃO DA BOA VISTA",1,"2024-01-31",2024-01-02,0.13,0,0,0.13,0,1,1
"nowcast","SÃO JOÃO DA BOA VISTA",2,"2024-01-31",2024-01-09,0.94,0,0.8,0.14,2,0,1
"nowcast","SÃO JOÃO DA BOA VISTA",3,"2024-01-31",2024-01-16,0.45025,0.2,0,0.25025,1,1,1
"nowcast","SÃO JOÃO DA BOA VISTA",4,"2024-01-31",2024-01-23,0.44,0,0,0.44,0,1,1
"nowcast","SÃO JOÃO DA BOA VISTA",1,"2024-02-07",2024-01-09,0.33025,0,0.2,0.13025,1,1,1
"nowcast","SÃO JOÃO DA BOA VISTA",2,"2024-02-07",2024-01-16,0.15,0,0,0.15,0,1,1
"nowcast","SÃO JOÃO DA BOA VISTA",3,"2024-02-07",2024-01-23,0.26,0,0,0.26,0,1,1
"nowcast","SÃO JOÃO DA BOA VISTA",4,"2024-02-07",2024-01-30,1.15,0,0.6,0.55,3,1,1
"nowcast","SÃO JOÃO DA BOA VISTA",1,"2024-02-14",2024-01-16,0.13,0,0,0.13,0,1,1
"nowcast","SÃO JOÃO DA BOA VISTA",2,"2024-02-14",2024-01-23,0.14,0,0,0.14,0,1,1
"nowcast","SÃO JOÃO DA BOA VISTA",3,"2024-02-14",2024-01-30,1.66,0,1.4,0.26,3,0,1
"nowcast","SÃO JOÃO DA BOA VISTA",4,"2024-02-14",2024-02-06,4.56,0,4,0.56,8,0,1
"nowcast","SÃO JOÃO DA BOA VISTA",1,"2024-02-28",2024-01-31,0.35025,0,0.2,0.15025,1,1,1
"nowcast","SÃO JOÃO DA BOA VISTA",2,"2024-02-28",2024-02-07,0.63,0,0.2,0.43,1,1,1
"nowcast","SÃO JOÃO DA BOA VISTA",3,"2024-02-28",2024-02-14,4.66025,3.2,0,1.46025,8,0,1
"nowcast","SÃO JOÃO DA BOA VISTA",4,"2024-02-28",2024-02-21,7.54025,2.4,0,5.14025,12,1,1
"nowcast","SÃO JOÃO DA BOA VISTA",1,"2024-03-06",2024-02-07,1.55,0,1.4,0.15,3,0,1
"nowcast","SÃO JOÃO DA BOA VISTA",2,"2024-03-06",2024-02-14,0.4,0,0,0.4,0,1,1
"nowcast","SÃO JOÃO DA BOA VISTA",3,"2024-03-06",2024-02-21,2.55025,0,1.2,1.35025,6,1,1
"nowcast","SÃO JOÃO DA BOA VISTA",4,"2024-03-06",2024-02-28,4.76025,0,0.8,3.96025,4,1,1
"nowcast","SÃO JOÃO DA BOA VISTA",1,"2024-03-13",2024-02-14,1.91075,0,0.8,1.11075,2,0,1
"nowcast","SÃO JOÃO DA BOA VISTA",2,"2024-03-13",2024-02-21,3.3625,0,1.6,1.7625,4,0,1
"nowcast","SÃO JOÃO DA BOA VISTA",3,"2024-03-13",2024-02-28,3.3125,0,0,3.3125,0,1,1
"nowcast","SÃO JOÃO DA BOA VISTA",4,"2024-03-13",2024-03-06,15.099,9,0,6.09899999999998,23,0,1
"nowcast","SÃO JOÃO DA BOA VISTA",1,"2024-03-18",2024-02-17,1.1335,0,0.2,0.933499999999997,1,1,1
"nowcast","SÃO JOÃO DA BOA VISTA",2,"2024-03-18",2024-02-24,1.49425,0,0.2,1.29425,1,1,1
"nowcast","SÃO JOÃO DA BOA VISTA",3,"2024-03-18",2024-03-02,5.44574999999999,3.2,0,2.24574999999999,8,0,1
"nowcast","SÃO JOÃO DA BOA VISTA",4,"2024-03-18",2024-03-09,8.95425,5,0,3.95425,15,0,1
"nowcast","SÃO JOÃO DA BOA VISTA",1,"2024-03-20",2024-02-21,1.48025,0,1,0.48025,3,0,1
"nowcast","SÃO JOÃO DA BOA VISTA",2,"2024-03-20",2024-02-28,0.97025,0.2,0,0.77025,1,1,1
"nowcast","SÃO JOÃO DA BOA VISTA",3,"2024-03-20",2024-03-06,5.3055,3.8,0,1.5055,9,0,1
"nowcast","SÃO JOÃO DA BOA VISTA",4,"2024-03-20",2024-03-13,15.37625,11.7,0,3.67625,27,0,1
"nowcast","SÃO JOÃO DA BOA VISTA",1,"2024-03-27",2024-02-28,0.54,0,0.2,0.34,1,1,1
"nowcast","SÃO JOÃO DA BOA VISTA",2,"2024-03-27",2024-03-06,0.78,0,0.2,0.58,1,1,1
"nowcast","SÃO JOÃO DA BOA VISTA",3,"2024-03-27",2024-03-13,2.92,1.8,0,1.12,5,0,1
"nowcast","SÃO JOÃO DA BOA VISTA",4,"2024-03-27",2024-03-20,6.64125,4,0,2.64125,12,0,1
"nowcast","SÃO JOÃO DA BOA VISTA",1,"2024-04-10",2024-03-12,0.46,0,0.2,0.26,1,1,1
"nowcast","SÃO JOÃO DA BOA VISTA",2,"2024-04-10",2024-03-19,0.27,0,0,0.27,0,1,1
"nowcast","SÃO JOÃO DA BOA VISTA",3,"2024-04-10",2024-03-26,0.62,0,0.2,0.42,1,1,1
"nowcast","SÃO JOÃO DA BOA VISTA",4,"2024-04-10",2024-04-02,1.87,0,0.8,1.07,4,1,1
"nowcast","SÃO JOÃO DA BOA VISTA",1,"2024-04-17",2024-03-14,0.47,0.2,0,0.27,1,1,1
"nowcast","SÃO JOÃO DA BOA VISTA",2,"2024-04-17",2024-03-21,0.49,0,0.2,0.29,1,1,1
"nowcast","SÃO JOÃO DA BOA VISTA",3,"2024-04-17",2024-03-28,1.43,0.6,0,0.83,3,1,1
"nowcast","SÃO JOÃO DA BOA VISTA",4,"2024-04-17",2024-04-04,2.70025,0.4,0,2.30025,2,1,1
"nowcast","SÃO JOÃO DA BOA VISTA",1,"2024-04-23",2024-03-23,0.94,0,0.8,0.14,2,0,1
"nowcast","SÃO JOÃO DA BOA VISTA",2,"2024-04-23",2024-03-30,0.26,0,0,0.26,0,1,1
"nowcast","SÃO JOÃO DA BOA VISTA",3,"2024-04-23",2024-04-06,1.63,1,0,0.63,3,0,1
"nowcast","SÃO JOÃO DA BOA VISTA",4,"2024-04-23",2024-04-13,1.87,0.4,0,1.47,2,1,1
"nowcast","SÃO JOÃO DA BOA VISTA",1,"2024-05-06",2024-04-05,0.24,0,0,0.24,0,1,1
"nowcast","SÃO JOÃO DA BOA VISTA",2,"2024-05-06",2024-04-12,0.26,0,0,0.26,0,1,1
"nowcast","SÃO JOÃO DA BOA VISTA",3,"2024-05-06",2024-04-19,1.22,0.8,0,0.42,2,0,1
"nowcast","SÃO JOÃO DA BOA VISTA",4,"2024-05-06",2024-04-26,1.23,0.2,0,1.03,1,1,1
"nowcast","SÃO JOÃO DA BOA VISTA",1,"2024-05-15",2024-04-17,0.25,0,0,0.25,0,1,1
"nowcast","SÃO JOÃO DA BOA VISTA",2,"2024-05-15",2024-04-24,0.66,0,0.4,0.26,2,1,1
"nowcast","SÃO JOÃO DA BOA VISTA",3,"2024-05-15",2024-05-01,0.92,0.4,0,0.52,2,1,1
"nowcast","SÃO JOÃO DA BOA VISTA",4,"2024-05-15",2024-05-08,1.88,0.4,0,1.48,2,1,1
"nowcast","SÃO JOÃO DA BOA VISTA",1,"2024-05-23",2024-04-24,0.45,0,0.2,0.25,1,1,1
"nowcast","SÃO JOÃO DA BOA VISTA",2,"2024-05-23",2024-05-01,1.07,0.8,0,0.27,2,0,1
"nowcast","SÃO JOÃO DA BOA VISTA",3,"2024-05-23",2024-05-08,0.9,0.4,0,0.5,2,1,1
"nowcast","SÃO JOÃO DA BOA VISTA",4,"2024-05-23",2024-05-15,1.72,0.4,0,1.32,2,1,1
"nowcast","SÃO JOÃO DA BOA VISTA",1,"2024-05-29",2024-05-01,0.33,0.2,0,0.13,1,1,1
"nowcast","SÃO JOÃO DA BOA VISTA",2,"2024-05-29",2024-05-08,0.45,0,0.2,0.25,1,1,1
"nowcast","SÃO JOÃO DA BOA VISTA",3,"2024-05-29",2024-05-15,0.39025,0,0,0.39025,0,1,1
"nowcast","SÃO JOÃO DA BOA VISTA",4,"2024-05-29",2024-05-22,1.2,0,0,1.2,0,1,1
"nowcast","SÃO JOÃO DA BOA VISTA",1,"2024-06-05",2024-05-08,0.93,0,0.8,0.13,2,0,1
"nowcast","SÃO JOÃO DA BOA VISTA",2,"2024-06-05",2024-05-15,0.34,0.2,0,0.14,1,1,1
"nowcast","SÃO JOÃO DA BOA VISTA",3,"2024-06-05",2024-05-22,0.78,0,0.4,0.38,2,1,1
"nowcast","SÃO JOÃO DA BOA VISTA",4,"2024-06-05",2024-05-29,1.23025,0.2,0,1.03025,1,1,1
"nowcast","SÃO JOÃO DA BOA VISTA",1,"2024-06-12",2024-05-11,0.34,0,0.2,0.14,1,1,1
"nowcast","SÃO JOÃO DA BOA VISTA",2,"2024-06-12",2024-05-18,0.25,0,0,0.25,0,1,1
"nowcast","SÃO JOÃO DA BOA VISTA",3,"2024-06-12",2024-05-25,0.58,0.2,0,0.38,1,1,1
"nowcast","SÃO JOÃO DA BOA VISTA",4,"2024-06-12",2024-06-01,1.09025,0,0.4,0.69025,2,1,1
"nowcast","SÃO JOÃO DA BOA VISTA",1,"2024-06-19",2024-05-11,0.34,0,0.2,0.14,1,1,1
"nowcast","SÃO JOÃO DA BOA VISTA",2,"2024-06-19",2024-05-18,0.25,0,0,0.25,0,1,1
"nowcast","SÃO JOÃO DA BOA VISTA",3,"2024-06-19",2024-05-25,0.58,0.2,0,0.38,1,1,1
"nowcast","SÃO JOÃO DA BOA VISTA",4,"2024-06-19",2024-06-01,1.18,0,0.4,0.78,2,1,1
"nowcast","SÃO JOÃO DA BOA VISTA",1,"2024-06-26",2024-05-28,2.16,0,2,0.16,4,0,1
"nowcast","SÃO JOÃO DA BOA VISTA",2,"2024-06-26",2024-06-04,1.97,0,1.8,0.17,3,0,1
"nowcast","SÃO JOÃO DA BOA VISTA",3,"2024-06-26",2024-06-11,0.64,0,0.2,0.44,1,1,1
"nowcast","SÃO JOÃO DA BOA VISTA",4,"2024-06-26",2024-06-18,3.50025,1.2,0,2.30025,6,1,1
"nowcast","SÃO JOÃO DA BOA VISTA",1,"2024-07-04",2024-06-01,0.95025,0,0.8,0.15025,2,0,1
"nowcast","SÃO JOÃO DA BOA VISTA",2,"2024-07-04",2024-06-08,0.26,0,0,0.26,0,1,1
"nowcast","SÃO JOÃO DA BOA VISTA",3,"2024-07-04",2024-06-15,0.61025,0,0.2,0.41025,1,1,1
"nowcast","SÃO JOÃO DA BOA VISTA",4,"2024-07-04",2024-06-22,1.35,0.4,0,0.95,2,1,1
"nowcast","SÃO JOÃO DA BOA VISTA",1,"2024-07-17",2024-06-08,0.2,0,0,0.2,0,1,1
"nowcast","SÃO JOÃO DA BOA VISTA",2,"2024-07-17",2024-06-15,0.33,0,0,0.33,0,1,1
"nowcast","SÃO JOÃO DA BOA VISTA",3,"2024-07-17",2024-06-22,1.26,0.8,0,0.46,2,0,1
"nowcast","SÃO JOÃO DA BOA VISTA",4,"2024-07-17",2024-06-29,5.01025,3.4,0,1.61025,9,0,1
"nowcast","SÃO JOÃO DA BOA VISTA",1,"2024-08-07",2024-11-10,12.78325,0,3.4,9.38325,13,0,1
"nowcast","SÃO JOÃO DA BOA VISTA",2,"2024-08-07",2024-11-17,5.24225,0,2.2,3.04225,7,0,1
"nowcast","SÃO JOÃO DA BOA VISTA",3,"2024-08-07",2024-11-24,7.482,0,1,6.482,5,1,1
"nowcast","SÃO JOÃO DA BOA VISTA",4,"2024-08-07",2024-12-01,36.5452499999999,2,0,34.5452499999999,10,1,1
"nowcast","SÃO JOÃO DA BOA VISTA",1,"2024-08-28",2024-11-04,9.01075,0,8.6,0.410749999999999,15,0,1
"nowcast","SÃO JOÃO DA BOA VISTA",2,"2024-08-28",2024-11-11,26.4524999999999,0,9,17.4524999999999,15,0,1
"nowcast","SÃO JOÃO DA BOA VISTA",3,"2024-08-28",2024-11-18,24577.0282499997,0,5.4,24571.6282499997,9,0,1
"nowcast","SÃO JOÃO DA BOA VISTA",4,"2024-08-28",2024-11-25,5749439522.4122,0,2.4,5749439520.0122,4,0,1
"nowcast","SÃO JOÃO DA BOA VISTA",1,"2024-09-03",2024-11-04,9.04,0,8.6,0.44,15,0,1
"nowcast","SÃO JOÃO DA BOA VISTA",2,"2024-09-03",2024-11-11,18.1425,0,9,9.1425,15,0,1
"nowcast","SÃO JOÃO DA BOA VISTA",3,"2024-09-03",2024-11-18,13178.9357499998,0,5.4,13173.5357499998,9,0,1
"nowcast","SÃO JOÃO DA BOA VISTA",4,"2024-09-03",2024-11-25,502012791.666479,0,2.4,502012789.266479,4,0,1
"nowcast","SÃO JOÃO DA BOA VISTA",1,"2024-09-11",2024-11-11,8.87,0,8.6,0.27,15,0,1
"nowcast","SÃO JOÃO DA BOA VISTA",2,"2024-09-11",2024-11-18,5.0905,0,4.6,0.4905,9,0,1
"nowcast","SÃO JOÃO DA BOA VISTA",3,"2024-09-11",2024-11-25,2.29125,0.4,0,1.89125,2,1,1
"nowcast","SÃO JOÃO DA BOA VISTA",4,"2024-09-11",2024-12-02,148.503,18.3,0,130.203,61.5,0,1
"nowcast","SÃO JOÃO DA BOA VISTA",1,"2024-09-25",2024-11-11,9.61,0,9.2,0.41,14,0,0
"nowcast","SÃO JOÃO DA BOA VISTA",2,"2024-09-25",2024-11-18,4.13,0,3.6,0.53,8,0,1
"nowcast","SÃO JOÃO DA BOA VISTA",3,"2024-09-25",2024-11-25,0.7,0,0.2,0.5,1,1,1
"nowcast","SÃO JOÃO DA BOA VISTA",4,"2024-09-25",2024-12-02,1.3,0,0.4,0.9,2,1,1
"nowcast","SÃO JOÃO DA BOA VISTA",1,"2024-10-02",2024-09-04,2.1,0,1.6,0.5,4,0,1
"nowcast","SÃO JOÃO DA BOA VISTA",2,"2024-10-02",2024-09-11,1.79025,1.4,0,0.39025,3,0,1
"nowcast","SÃO JOÃO DA BOA VISTA",3,"2024-10-02",2024-09-18,0.53,0,0,0.53,0,1,1
"nowcast","SÃO JOÃO DA BOA VISTA",4,"2024-10-02",2024-09-25,6.79,0,6,0.79,12,0,1
"nowcast","SÃO JOÃO DA BOA VISTA",1,"2024-10-09",2024-09-11,1.19,0.8,0,0.39,2,0,1
"nowcast","SÃO JOÃO DA BOA VISTA",2,"2024-10-09",2024-09-18,0.39,0,0,0.39,0,1,1
"nowcast","SÃO JOÃO DA BOA VISTA",3,"2024-10-09",2024-09-25,0.72,0,0.2,0.52,1,1,1
"nowcast","SÃO JOÃO DA BOA VISTA",4,"2024-10-09",2024-10-02,1.3,0,0.4,0.9,2,1,1
"nowcast","TAUBATÉ",1,"2023-05-31",2023-05-03,3.03,0,2.4,0.63,6,0,1
"nowcast","TAUBATÉ",2,"2023-05-31",2023-05-10,16.78025,0,16,0.78025,22,0,0
"nowcast","TAUBATÉ",3,"2023-05-31",2023-05-17,9.85025,0,8.4,1.45025,18,0,1
"nowcast","TAUBATÉ",4,"2023-05-31",2023-05-24,8.0605,0,4.6,3.4605,17,0,1
"nowcast","TAUBATÉ",1,"2023-06-06",2023-05-09,25.30025,0,24.79,0.51025,28,0,0
"nowcast","TAUBATÉ",2,"2023-06-06",2023-05-16,12.78,0,12,0.78,18,0,0
"nowcast","TAUBATÉ",3,"2023-06-06",2023-05-23,6.52025,0,5,1.52025,13,0,1
"nowcast","TAUBATÉ",4,"2023-06-06",2023-05-30,7.71,0,4.8,2.91,16,0,1
"nowcast","TAUBATÉ",1,"2023-06-14",2023-05-17,10.92025,0,10.39,0.53025,14,0,0
"nowcast","TAUBATÉ",2,"2023-06-14",2023-05-24,9.57,0,8.8,0.77,14,0,0
"nowcast","TAUBATÉ",3,"2023-06-14",2023-05-31,10.89,0,9.6,1.29,18,0,0
"nowcast","TAUBATÉ",4,"2023-06-14",2023-06-07,9.52025,0,6.8,2.72025,18,0,1
"nowcast","TAUBATÉ",1,"2023-06-20",2023-05-16,21.30025,0,20.79,0.51025,24,0,0
"nowcast","TAUBATÉ",2,"2023-06-20",2023-05-23,19.26,0,18.6,0.66,23,0,0
"nowcast","TAUBATÉ",3,"2023-06-20",2023-05-30,14.28025,0,12.99,1.29025,21,0,0
"nowcast","TAUBATÉ",4,"2023-06-20",2023-06-06,13.79025,0,11.4,2.39025,25,0,1
"nowcast","TAUBATÉ",1,"2023-07-03",2023-06-05,0.925,0,0,0.925,0,1,1
"nowcast","TAUBATÉ",2,"2023-07-03",2023-06-12,3.65,0,2.6,1.05,7,0,1
"nowcast","TAUBATÉ",3,"2023-07-03",2023-06-19,4.42,0,3,1.42,9,0,1
"nowcast","TAUBATÉ",4,"2023-07-03",2023-06-26,9.9705,0,7.2,2.7705,20,0,1
"nowcast","TAUBATÉ",1,"2023-07-06",2023-06-08,2.79,0,2,0.79,6,0,1
"nowcast","TAUBATÉ",2,"2023-07-06",2023-06-15,8.89,0,8,0.89,14,0,0
"nowcast","TAUBATÉ",3,"2023-07-06",2023-06-22,6.24,0,5.2,1.04,12,0,1
"nowcast","TAUBATÉ",4,"2023-07-06",2023-06-29,19.87,0,18,1.87,32,0,0
"nowcast","TAUBATÉ",1,"2023-07-19",2023-06-21,0.94,0.4,0,0.54,2,1,1
"nowcast","TAUBATÉ",2,"2023-07-19",2023-06-28,7.19,0,6.4,0.79,12,0,0
"nowcast","TAUBATÉ",3,"2023-07-19",2023-07-05,7.09,0,5.8,1.29,13,0,1
"nowcast","TAUBATÉ",4,"2023-07-19",2023-07-12,2.97075,0.6,0,2.37075,3,1,1
"nowcast","TAUBATÉ",1,"2023-07-25",2023-06-27,9.18,0,8.4,0.78,14,0,0
"nowcast","TAUBATÉ",2,"2023-07-25",2023-07-04,11.82025,0,10.8,1.02025,18,0,0
"nowcast","TAUBATÉ",3,"2023-07-25",2023-07-11,4.41025,0,2.6,1.81025,9,0,1
"nowcast","TAUBATÉ",4,"2023-07-25",2023-07-18,4.66025,0,1,3.66025,5,1,1
"nowcast","TAUBATÉ",1,"2023-08-02",2023-07-05,14.92,0,14.4,0.52,18,0,0
"nowcast","TAUBATÉ",2,"2023-08-02",2023-07-12,12.15,0,11.6,0.55,16,0,0
"nowcast","TAUBATÉ",3,"2023-08-02",2023-07-19,13.84025,0,12.8,1.04025,20,0,0
"nowcast","TAUBATÉ",4,"2023-08-02",2023-07-26,5.93025,0,4,1.93025,12,0,1
"nowcast","TAUBATÉ",1,"2023-08-08",2023-07-04,17.54,0,17,0.54,21,0,0
"nowcast","TAUBATÉ",2,"2023-08-08",2023-07-11,12.57,0,11.8,0.77,17,0,0
"nowcast","TAUBATÉ",3,"2023-08-08",2023-07-18,7.16,0,5.6,1.56,14,0,1
"nowcast","TAUBATÉ",4,"2023-08-08",2023-07-25,3.14,0,0.6,2.54,3,1,1
"nowcast","TAUBATÉ",1,"2023-08-16",2023-07-19,16.91,0,16.4,0.51,20,0,0
"nowcast","TAUBATÉ",2,"2023-08-16",2023-07-26,1.05,0,0.4,0.65,2,1,1
"nowcast","TAUBATÉ",3,"2023-08-16",2023-08-02,17.46,0,16.4,1.06,24,0,0
"nowcast","TAUBATÉ",4,"2023-08-16",2023-08-09,4.14075,0,1.8,2.34075,9,1,1
"nowcast","TAUBATÉ",1,"2023-08-23",2023-07-26,1.22,0.6,0,0.62,3,1,1
"nowcast","TAUBATÉ",2,"2023-08-23",2023-08-02,16.18,0,15.4,0.78,21,0,0
"nowcast","TAUBATÉ",3,"2023-08-23",2023-08-09,3.82,0,2.4,1.42,8,0,1
"nowcast","TAUBATÉ",4,"2023-08-23",2023-08-16,3.46525,0.8,0,2.66525,4,1,1
"nowcast","TAUBATÉ",1,"2023-08-30",2023-08-02,6.85,0,6.2,0.65,11,0,0
"nowcast","TAUBATÉ",2,"2023-08-30",2023-08-09,1.42,0,0.4,1.02,2,1,1
"nowcast","TAUBATÉ",3,"2023-08-30",2023-08-16,12.60025,10.8,0,1.80025,20,0,0
"nowcast","TAUBATÉ",4,"2023-08-30",2023-08-23,10.79025,7.2,0,3.59025,20,0,1
"nowcast","TAUBATÉ",1,"2023-09-06",2023-08-09,7.53,0,7,0.53,11,0,0
"nowcast","TAUBATÉ",2,"2023-09-06",2023-08-16,0.96,0.2,0,0.76,1,1,1
"nowcast","TAUBATÉ",3,"2023-09-06",2023-08-23,2.24,0,0.8,1.44,4,1,1
"nowcast","TAUBATÉ",4,"2023-09-06",2023-08-30,4.31025,0,1.8,2.51025,9,1,1
"nowcast","TAUBATÉ",1,"2023-09-19",2023-08-22,8.91,0,8.4,0.51,12,0,0
"nowcast","TAUBATÉ",2,"2023-09-19",2023-08-29,15.64025,0,14.99,0.65025,19,0,0
"nowcast","TAUBATÉ",3,"2023-09-19",2023-09-05,19.56,0,18.4,1.16,26,0,0
"nowcast","TAUBATÉ",4,"2023-09-19",2023-09-12,16.19,0,14.2,1.99,29,0,1
"nowcast","TAUBATÉ",1,"2023-09-27",2023-08-30,21.91,0,21.4,0.51,25,0,0
"nowcast","TAUBATÉ",2,"2023-09-27",2023-09-06,15.26,0,14.6,0.66,19,0,0
"nowcast","TAUBATÉ",3,"2023-09-27",2023-09-13,10.87,0,9.6,1.27,18,0,0
"nowcast","TAUBATÉ",4,"2023-09-27",2023-09-20,10.44025,0,7.6,2.84025,20,0,1
"nowcast","TAUBATÉ",1,"2023-10-06",2023-09-08,12.50025,0,11.99,0.51025,16,0,0
"nowcast","TAUBATÉ",2,"2023-10-06",2023-09-15,6.79,0,6,0.79,12,0,1
"nowcast","TAUBATÉ",3,"2023-10-06",2023-09-22,9.99,0,8.8,1.19,18,0,1
"nowcast","TAUBATÉ",4,"2023-10-06",2023-09-29,8.21,0,5.2,3.01,16,0,1
"nowcast","TAUBATÉ",1,"2023-10-11",2023-09-13,7.78,0,7,0.78,13,0,0
"nowcast","TAUBATÉ",2,"2023-10-11",2023-09-20,11.21025,0,10,1.21025,20,0,1
"nowcast","TAUBATÉ",3,"2023-10-11",2023-09-27,2.84025,0.6,0,2.24025,3,1,1
"nowcast","TAUBATÉ",4,"2023-10-11",2023-10-04,14.0955,0,9.5,4.5955,28,0,1
"nowcast","TAUBATÉ",1,"2023-10-18",2023-09-20,14.865,0,13.9,0.965,22,0,0
"nowcast","TAUBATÉ",2,"2023-10-18",2023-09-27,10.61,9.2,0,1.41,16,0,0
"nowcast","TAUBATÉ",3,"2023-10-18",2023-10-04,11.275,8.2,0,3.075,21,0,1
"nowcast","TAUBATÉ",4,"2023-10-18",2023-10-11,14.6005,0,5.7,8.9005,28.5,1,1
"nowcast","TAUBATÉ",1,"2023-10-20",2023-09-22,6.51,0,5.6,0.91,12,0,1
"nowcast","TAUBATÉ",2,"2023-10-20",2023-09-29,6.35025,4.8,0,1.55025,12,0,1
"nowcast","TAUBATÉ",3,"2023-10-20",2023-10-06,25.57,23,0,2.57,35,0,0
"nowcast","TAUBATÉ",4,"2023-10-20",2023-10-13,11.09675,0,3.6,7.49675,18,1,1
"nowcast","TAUBATÉ",1,"2023-10-25",2023-09-27,22.43,20.6,0,1.83,29,0,0
"nowcast","TAUBATÉ",2,"2023-10-25",2023-10-04,41.49025,38.99,0,2.50025,51,0,0
"nowcast","TAUBATÉ",3,"2023-10-25",2023-10-11,7.74075,2.7,0,5.04075,13.5,1,1
"nowcast","TAUBATÉ",4,"2023-10-25",2023-10-18,12.10075,1.2,0,10.90075,6,1,1
"nowcast","TAUBATÉ",1,"2023-11-01",2023-10-04,50.39,48.4,0,1.99,58,0,0
"nowcast","TAUBATÉ",2,"2023-11-01",2023-10-11,5.775,3,0,2.775,11,0,1
"nowcast","TAUBATÉ",3,"2023-11-01",2023-10-18,6.79025,1.8,0,4.99025,9,1,1
"nowcast","TAUBATÉ",4,"2023-11-01",2023-10-25,15.96075,5.8,0,10.16075,29,1,1
"nowcast","TAUBATÉ",1,"2023-11-08",2023-10-11,2.55025,0.6,0,1.95025,3,1,1
"nowcast","TAUBATÉ",2,"2023-11-08",2023-10-18,3.74525,1.2,0,2.54525,6,1,1
"nowcast","TAUBATÉ",3,"2023-11-08",2023-10-25,4.97,0.4,0,4.57,2,1,1
"nowcast","TAUBATÉ",4,"2023-11-08",2023-11-01,16.99725,6.6,0,10.39725,33,1,1
"nowcast","TAUBATÉ",1,"2023-11-13",2023-10-16,1.83025,0,0,1.83025,0,1,1
"nowcast","TAUBATÉ",2,"2023-11-13",2023-10-23,7.11025,4.4,0,2.71025,14,0,1
"nowcast","TAUBATÉ",3,"2023-11-13",2023-10-30,12.5305,8.4,0,4.1305,24,0,1
"nowcast","TAUBATÉ",4,"2023-11-13",2023-11-06,25.6205,16.2,0,9.4205,49,0,1
"nowcast","TAUBATÉ",1,"2023-11-29",2023-11-01,2.07,0.9,0,1.17,4.5,1,1
"nowcast","TAUBATÉ",2,"2023-11-29",2023-11-08,18.00525,0,16.49,1.51525,29,0,0
"nowcast","TAUBATÉ",3,"2023-11-29",2023-11-15,3.79,0,1,2.79,5,1,1
"nowcast","TAUBATÉ",4,"2023-11-29",2023-11-22,10.86075,4.8,0,6.06075,22,0,1
"nowcast","TAUBATÉ",1,"2023-12-06",2023-11-08,26.48025,0,25.59,0.89025,32,0,0
"nowcast","TAUBATÉ",2,"2023-12-06",2023-11-15,11.36025,0,10.2,1.16025,19,0,0
"nowcast","TAUBATÉ",3,"2023-12-06",2023-11-22,3.17025,0,1.2,1.97025,6,1,1
"nowcast","TAUBATÉ",4,"2023-12-06",2023-11-29,4.1705,0,0.4,3.7705,2,1,1
"nowcast","TAUBATÉ",1,"2023-12-13",2023-11-08,25.11,0,24.2,0.91,31,0,0
"nowcast","TAUBATÉ",2,"2023-12-13",2023-11-15,9.4,0,8.2,1.2,17,0,1
"nowcast","TAUBATÉ",3,"2023-12-13",2023-11-22,4.09025,0,2.2,1.89025,9,0,1
"nowcast","TAUBATÉ",4,"2023-12-13",2023-11-29,4.43,0,0.6,3.83,3,1,1
"nowcast","TAUBATÉ",1,"2023-12-20",2023-11-22,6.5,0,5.6,0.9,12,0,1
"nowcast","TAUBATÉ",2,"2023-12-20",2023-11-29,1.64025,0.6,0,1.04025,3,1,1
"nowcast","TAUBATÉ",3,"2023-12-20",2023-12-06,6.38,0,4.8,1.58,12,0,1
"nowcast","TAUBATÉ",4,"2023-12-20",2023-12-13,6.131,0,3,3.131,13,0,1
"nowcast","TAUBATÉ",1,"2023-12-27",2023-11-29,14.52,13.6,0,0.92,18,0,0
"nowcast","TAUBATÉ",2,"2023-12-27",2023-12-06,3.76,0,2.6,1.16,7,0,1
"nowcast","TAUBATÉ",3,"2023-12-27",2023-12-13,5.3905,0,3.8,1.5905,11,0,1
"nowcast","TAUBATÉ",4,"2023-12-27",2023-12-20,3.73025,0.8,0,2.93025,4,1,1
"nowcast","TAUBATÉ",1,"2024-01-03",2023-11-29,15.52025,14.6,0,0.92025,19,0,0
"nowcast","TAUBATÉ",2,"2024-01-03",2023-12-06,3.18,0,2,1.18,6,0,1
"nowcast","TAUBATÉ",3,"2024-01-03",2023-12-13,4.49,0,2.8,1.69,10,0,1
"nowcast","TAUBATÉ",4,"2024-01-03",2023-12-20,3.64025,0.6,0,3.04025,3,1,1
"nowcast","TAUBATÉ",1,"2024-01-17",2023-12-13,12.45025,0,11.8,0.65025,17,0,0
"nowcast","TAUBATÉ",2,"2024-01-17",2023-12-20,1.08,0,0.2,0.88,1,1,1
"nowcast","TAUBATÉ",3,"2024-01-17",2023-12-27,10.66,0,9.6,1.06,18,0,0
"nowcast","TAUBATÉ",4,"2024-01-17",2024-01-03,19,0,16.8,2.2,34,0,1
"nowcast","TAUBATÉ",1,"2024-01-31",2024-01-03,20.19,0,19.8,0.39,23,0,0
"nowcast","TAUBATÉ",2,"2024-01-31",2024-01-10,12.45,0,11.8,0.65,17,0,0
"nowcast","TAUBATÉ",3,"2024-01-31",2024-01-17,5.94,0,5,0.94,11,0,1
"nowcast","TAUBATÉ",4,"2024-01-31",2024-01-24,4.96525,0,2.2,2.76525,11,1,1
"nowcast","TAUBATÉ",1,"2024-02-07",2024-01-10,11.42,0,11,0.42,15,0,0
"nowcast","TAUBATÉ",2,"2024-02-07",2024-01-17,6.19,0,5.4,0.79,11,0,1
"nowcast","TAUBATÉ",3,"2024-02-07",2024-01-24,4.59,0,3.4,1.19,9,0,1
"nowcast","TAUBATÉ",4,"2024-02-07",2024-01-31,9.91025,0,7.2,2.71025,20,0,1
"nowcast","TAUBATÉ",1,"2024-02-14",2024-01-18,8.88,0,8.6,0.28,11,0,0
"nowcast","TAUBATÉ",2,"2024-02-14",2024-01-25,17.2805,0,16.79,0.4905,20,0,0
"nowcast","TAUBATÉ",3,"2024-02-14",2024-02-01,22.84,0,22.2,0.64,27,0,0
"nowcast","TAUBATÉ",4,"2024-02-14",2024-02-08,53.8,0,52.6,1.2,63,0,0
"nowcast","TAUBATÉ",1,"2024-02-28",2024-01-31,9.45,0,8.8,0.65,14,0,0
"nowcast","TAUBATÉ",2,"2024-02-28",2024-02-07,19.49,0,18.6,0.89,25,0,0
"nowcast","TAUBATÉ",3,"2024-02-28",2024-02-14,2.95025,0,1.4,1.55025,7,1,1
"nowcast","TAUBATÉ",4,"2024-02-28",2024-02-21,5.35025,0,0.6,4.75025,3,1,1
"nowcast","TAUBATÉ",1,"2024-03-06",2024-02-07,26.53,0,26,0.53,30,0,0
"nowcast","TAUBATÉ",2,"2024-03-06",2024-02-14,15.56025,0,14.79,0.77025,20,0,0
"nowcast","TAUBATÉ",3,"2024-03-06",2024-02-21,31.93,0,30.6,1.33,41,0,0
"nowcast","TAUBATÉ",4,"2024-03-06",2024-02-28,22.4505,0,18.8,3.6505,42,0,1
"nowcast","TAUBATÉ",1,"2024-03-13",2024-02-14,8.46,0,7.8,0.66,13,0,0
"nowcast","TAUBATÉ",2,"2024-03-13",2024-02-21,28.1,0,27.2,0.9,34,0,0
"nowcast","TAUBATÉ",3,"2024-03-13",2024-02-28,30.16025,0,28.59,1.57025,41,0,0
"nowcast","TAUBATÉ",4,"2024-03-13",2024-03-06,14.11025,0,9.6,4.51025,28,0,1
"nowcast","TAUBATÉ",1,"2024-03-18",2024-02-19,10.8,0,10,0.8,16,0,0
"nowcast","TAUBATÉ",2,"2024-03-18",2024-02-26,10.34,0,9.4,0.94,17,0,0
"nowcast","TAUBATÉ",3,"2024-03-18",2024-03-04,18.69,0,17.4,1.29,27,0,0
"nowcast","TAUBATÉ",4,"2024-03-18",2024-03-11,5.03025,0,1.8,3.23025,9,1,1
"nowcast","TAUBATÉ",1,"2024-03-20",2024-02-21,12.33,0,11.4,0.93,19,0,0
"nowcast","TAUBATÉ",2,"2024-03-20",2024-02-28,18.78,0,17.6,1.18,26,0,0
"nowcast","TAUBATÉ",3,"2024-03-20",2024-03-06,15.22,0,13.4,1.82,27,0,1
"nowcast","TAUBATÉ",4,"2024-03-20",2024-03-13,13.94,0,9.8,4.14,29,0,1
"nowcast","TAUBATÉ",1,"2024-03-27",2024-02-28,21.71025,0,20.79,0.92025,28,0,0
"nowcast","TAUBATÉ",2,"2024-03-27",2024-03-06,8.45,0,7.4,1.05,15,0,1
"nowcast","TAUBATÉ",3,"2024-03-27",2024-03-13,11.285,0,9.4,1.885,21,0,1
"nowcast","TAUBATÉ",4,"2024-03-27",2024-03-20,8.04025,0,3.5,4.54025,17.5,1,1
"nowcast","TAUBATÉ",1,"2024-04-10",2024-03-13,22.25,0,21.6,0.65,26,0,0
"nowcast","TAUBATÉ",2,"2024-04-10",2024-03-20,24.7855,0,23.99,0.7955,30,0,0
"nowcast","TAUBATÉ",3,"2024-04-10",2024-03-27,23.36025,0,22.19,1.17025,31,0,0
"nowcast","TAUBATÉ",4,"2024-04-10",2024-04-03,26.295,0,24,2.295,42,0,0
"nowcast","TAUBATÉ",1,"2024-04-17",2024-03-14,23.6,0,23.2,0.4,26,0,0
"nowcast","TAUBATÉ",2,"2024-04-17",2024-03-21,20.92,0,20.4,0.52,24,0,0
"nowcast","TAUBATÉ",3,"2024-04-17",2024-03-28,27.64,0,27,0.64,31,0,0
"nowcast","TAUBATÉ",4,"2024-04-17",2024-04-04,43.00025,0,41.59,1.41025,52,0,0
"nowcast","TAUBATÉ",1,"2024-04-23",2024-03-25,14.59,0,14.2,0.39,17,0,0
"nowcast","TAUBATÉ",2,"2024-04-23",2024-04-01,17.12,0,16.6,0.52,21,0,0
"nowcast","TAUBATÉ",3,"2024-04-23",2024-04-08,15.49025,0,14.59,0.90025,21,0,0
"nowcast","TAUBATÉ",4,"2024-04-23",2024-04-15,13.93025,0,11.6,2.33025,26,0,1
"nowcast","TAUBATÉ",1,"2024-05-06",2024-04-05,2.42,0,1.8,0.62,5,0,1
"nowcast","TAUBATÉ",2,"2024-05-06",2024-04-12,16.24,0,15.6,0.64,20,0,0
"nowcast","TAUBATÉ",3,"2024-05-06",2024-04-19,20.51,0,19.6,0.91,26,0,0
"nowcast","TAUBATÉ",4,"2024-05-06",2024-04-26,27.7205,0,25.79,1.9305,39,0,0
"nowcast","TAUBATÉ",1,"2024-05-15",2024-04-17,17.78,0,17,0.78,23,0,0
"nowcast","TAUBATÉ",2,"2024-05-15",2024-04-24,1.32,0,0.4,0.92,2,1,1
"nowcast","TAUBATÉ",3,"2024-05-15",2024-05-01,17.58,0,16,1.58,28,0,0
"nowcast","TAUBATÉ",4,"2024-05-15",2024-05-08,3.23,0,0,3.23,0,1,1
"nowcast","TAUBATÉ",1,"2024-05-23",2024-04-25,8.88,0,8,0.88,14,0,0
"nowcast","TAUBATÉ",2,"2024-05-23",2024-05-02,18.5,0,17.6,0.9,24,0,0
"nowcast","TAUBATÉ",3,"2024-05-23",2024-05-09,1.82025,0,0.8,1.02025,4,1,1
"nowcast","TAUBATÉ",4,"2024-05-23",2024-05-16,29.57025,0,27.4,2.17025,43,0,0
"nowcast","TAUBATÉ",1,"2024-05-29",2024-05-01,15.89,0,15,0.89,21,0,0
"nowcast","TAUBATÉ",2,"2024-05-29",2024-05-08,1.61025,0.6,0,1.01025,3,1,1
"nowcast","TAUBATÉ",3,"2024-05-29",2024-05-15,14.15,0,12.6,1.55,23,0,0
"nowcast","TAUBATÉ",4,"2024-05-29",2024-05-22,8.98,0,6,2.98,18,0,1
"nowcast","TAUBATÉ",1,"2024-06-05",2024-05-08,1.28,0,0.4,0.88,2,1,1
"nowcast","TAUBATÉ",2,"2024-06-05",2024-05-15,25.49,0,24.6,0.89,31,0,0
"nowcast","TAUBATÉ",3,"2024-06-05",2024-05-22,29.55,0,28.4,1.15,36,0,0
"nowcast","TAUBATÉ",4,"2024-06-05",2024-05-29,35.64,0,33.8,1.84,47,0,0
"nowcast","TAUBATÉ",1,"2024-06-12",2024-05-11,1.68,0,0.8,0.88,4,1,1
"nowcast","TAUBATÉ",2,"2024-06-12",2024-05-18,2.14,0,1,1.14,5,1,1
"nowcast","TAUBATÉ",3,"2024-06-12",2024-05-25,12.69025,0,11.39,1.30025,21,0,0
"nowcast","TAUBATÉ",4,"2024-06-12",2024-06-01,11.89,0,9,2.89,23,0,1
"nowcast","TAUBATÉ",1,"2024-06-19",2024-05-11,1.6805,0,0.8,0.8805,4,1,1
"nowcast","TAUBATÉ",2,"2024-06-19",2024-05-18,2.33025,0,1.4,0.93025,5,0,1
"nowcast","TAUBATÉ",3,"2024-06-19",2024-05-25,12.23525,0,10.89,1.34525,21,0,0
"nowcast","TAUBATÉ",4,"2024-06-19",2024-06-01,12.66,0,9.8,2.86,25,0,1
"nowcast","TAUBATÉ",1,"2024-06-26",2024-05-29,1.98,0.8,0,1.18,4,1,1
"nowcast","TAUBATÉ",2,"2024-06-26",2024-06-05,12.15025,10.59,0,1.56025,19,0,0
"nowcast","TAUBATÉ",3,"2024-06-26",2024-06-12,10.1,6.6,0,3.5,19,0,1
"nowcast","TAUBATÉ",4,"2024-06-26",2024-06-19,7.4805,0,0.4,7.0805,2,1,1
"nowcast","TAUBATÉ",1,"2024-07-04",2024-06-04,14.44,0,13.8,0.64,19,0,0
"nowcast","TAUBATÉ",2,"2024-07-04",2024-06-11,24.9,0,24.2,0.7,31,0,0
"nowcast","TAUBATÉ",3,"2024-07-04",2024-06-18,40.96,0,39.8,1.16,49,0,0
"nowcast","TAUBATÉ",4,"2024-07-04",2024-06-25,67.8,0,65.6,2.2,84,0,0
"nowcast","TAUBATÉ",1,"2024-07-17",2024-06-08,2.89,0,2,0.89,6,0,1
"nowcast","TAUBATÉ",2,"2024-07-17",2024-06-15,4.56,0,3.4,1.16,9,0,1
"nowcast","TAUBATÉ",3,"2024-07-17",2024-06-22,12.28,0,10.8,1.48,22,0,1
"nowcast","TAUBATÉ",4,"2024-07-17",2024-06-29,5.79025,2.2,0,3.59025,11,1,1
"nowcast","TAUBATÉ",1,"2024-08-07",2024-11-10,46.75125,0,44.2,2.55125,81,0,1
"nowcast","TAUBATÉ",2,"2024-08-07",2024-11-17,39.28225,0,34.4,4.88225,70,0,1
"nowcast","TAUBATÉ",3,"2024-08-07",2024-11-24,37.1245,0,31.4,5.7245,67,0,1
"nowcast","TAUBATÉ",4,"2024-08-07",2024-12-01,61.11925,0,3.6,57.51925,18,1,1
"nowcast","TAUBATÉ",1,"2024-08-28",2024-11-11,192.70825,0,43,149.70825,79,0,1
"nowcast","TAUBATÉ",2,"2024-08-28",2024-11-18,125.4965,0,41.8,83.6964999999999,75,0,1
"nowcast","TAUBATÉ",3,"2024-08-28",2024-11-25,422.694999999999,0,27.9,394.794999999999,66,0,1
"nowcast","TAUBATÉ",4,"2024-08-28",2024-12-02,2441.97174999998,3.2,0,2438.77174999998,16,1,1
"nowcast","TAUBATÉ",1,"2024-09-03",2024-11-11,101.0325,0,42.3,58.7325,78,0,1
"nowcast","TAUBATÉ",2,"2024-09-03",2024-11-18,79.95475,0,41.8,38.15475,75,0,1
"nowcast","TAUBATÉ",3,"2024-09-03",2024-11-25,119.004,0,27.5,91.5039999999999,66,0,1
"nowcast","TAUBATÉ",4,"2024-09-03",2024-12-02,1060.8375,2,0,1058.8375,10,1,1
"nowcast","TAUBATÉ",1,"2024-09-11",2024-11-11,84.70175,0,42.6,42.10175,79,0,1
"nowcast","TAUBATÉ",2,"2024-09-11",2024-11-18,76.62625,0,41.8,34.82625,75,0,1
"nowcast","TAUBATÉ",3,"2024-09-11",2024-11-25,591.212499999998,0,28.5,562.712499999998,67,0,1
"nowcast","TAUBATÉ",4,"2024-09-11",2024-12-02,2420.77375,0.8,0,2419.97375,4,1,1
"nowcast","TAUBATÉ",1,"2024-09-25",2024-11-12,78.53525,0,51.2,27.33525,88,0,1
"nowcast","TAUBATÉ",2,"2024-09-25",2024-11-19,117.312499999999,0,39.6,77.7124999999993,68,0,1
"nowcast","TAUBATÉ",3,"2024-09-25",2024-11-26,1092.9255,0,26.2,1066.7255,63,0,1
"nowcast","TAUBATÉ",4,"2024-09-25",2024-12-03,5323.53849999999,3.2,0,5320.33849999999,16,1,1
"nowcast","TAUBATÉ",1,"2024-10-02",2024-09-04,0.89,0,0,0.89,0,1,1
"nowcast","TAUBATÉ",2,"2024-10-02",2024-09-11,5.47,0,4.4,1.07,10,0,1
"nowcast","TAUBATÉ",3,"2024-10-02",2024-09-18,2.39,0.8,0,1.59,4,1,1
"nowcast","TAUBATÉ",4,"2024-10-02",2024-09-25,22.58,0,19.8,2.78,41,0,1
"nowcast","TAUBATÉ",1,"2024-10-09",2024-09-12,5.58,0,4.8,0.78,10,0,1
"nowcast","TAUBATÉ",2,"2024-10-09",2024-09-19,1.52,0.6,0,0.92,3,1,1
"nowcast","TAUBATÉ",3,"2024-10-09",2024-09-26,9.69,0,8.4,1.29,18,0,1
"nowcast","TAUBATÉ",4,"2024-10-09",2024-10-03,13.62025,0,11.4,2.22025,25,0,1
